time=2026-03-31T23:37:00.214+08:00 level=INFO msg=群聊模式配置加载完成 config=config.groupchat.yaml
time=2026-03-31T23:37:02.527+08:00 level=ERROR msg=执行群聊抓取失败 err="启动 Playwright 持久化上下文失败: playwright: target closed: Target page, context or browser has been closed\nBrowser logs:\n\n╔════════════════════════════════════════════════════════════════════════════════════════════════╗\n║ Looks like you launched a headed browser without having a XServer running.                     ║\n║ Set either 'headless: true' or use 'xvfb-run <your-playwright-app>' before running Playwright. ║\n║                                                                                                ║\n║ <3 Playwright Team                                                                             ║\n╚════════════════════════════════════════════════════════════════════════════════════════════════╝"
/usr/bin/xvfb-run: line 180: weibo_monitor_all: command not found
time=2026-03-31T23:53:03.713+08:00 level=INFO msg=群聊模式配置加载完成 config=config.groupchat.yaml
time=2026-03-31T23:53:07.075+08:00 level=INFO msg=打开微博群聊页面 url="https://api.weibo.com/chat/#/chat?check_gid=4761715839862414&source_from=11" user_data_dir=/home/duty/weibo_cron/weibo_user_data browser_channel=chrome
time=2026-03-31T23:53:08.144+08:00 level=INFO msg=如未登录，请在打开的浏览器中完成登录；程序正在等待群聊消息接口返回
time=2026-03-31T23:53:09.281+08:00 level=INFO msg=群聊页面已加载，开始抓取历史消息
time=2026-03-31T23:53:10.177+08:00 level=INFO msg=处理完成一个批次 latest_time="2026-03-31 23:45:47" latest_sender=洞两 latest_message=后一个是一周前的，回 stop=false
time=2026-03-31T23:53:10.397+08:00 level=INFO msg=处理完成一个批次 latest_time="2026-03-31 22:49:01" latest_sender=拱bot latest_message=Token啥时候来点国补啊 stop=false
time=2026-03-31T23:53:12.087+08:00 level=INFO msg=处理完成一个批次 latest_time="2026-03-31 22:01:37" latest_sender=拱bot latest_message="「@古拉TE:这个月绿得\xe5\x8f" stop=false
time=2026-03-31T23:53:13.885+08:00 level=INFO msg=处理完成一个批次 latest_time="2026-03-31 20:59:20" latest_sender=拱bot latest_message=「@茴字的1970种写法:“ stop=false
time=2026-03-31T23:53:15.600+08:00 level=INFO msg=处理完成一个批次 latest_time="2026-03-31 19:48:34" latest_sender=茴字的1970种写法 latest_message=而且我觉得她火的那句 stop=false
time=2026-03-31T23:53:17.325+08:00 level=INFO msg=处理完成一个批次 latest_time="2026-03-31 19:37:22" latest_sender=梦醒的你会很轻松 latest_message=@SnowChou stop=false
time=2026-03-31T23:53:19.072+08:00 level=INFO msg=处理完成一个批次 latest_time="2026-03-31 19:10:21" latest_sender=Seaces latest_message=这个瓜记得早些年看到 stop=false
time=2026-03-31T23:53:20.943+08:00 level=INFO msg=处理完成一个批次 latest_time="2026-03-31 18:50:26" latest_sender=小大饼 latest_message=「「啊本来这周想请一 stop=false
time=2026-03-31T23:53:22.656+08:00 level=INFO msg=处理完成一个批次 latest_time="2026-03-31 18:26:37" latest_sender=十月的米兰 latest_message=「这你咋知道的[傻眼][ stop=false
time=2026-03-31T23:53:24.315+08:00 level=INFO msg=处理完成一个批次 latest_time="2026-03-31 18:20:24" latest_sender=猛恰三大碗 latest_message=心里不痛快.jpg stop=false
time=2026-03-31T23:53:25.918+08:00 level=INFO msg=处理完成一个批次 latest_time="2026-03-31 18:08:46" latest_sender=蓦回溯光 latest_message=喜欢的不是卡通，是饼 stop=false
time=2026-03-31T23:53:27.591+08:00 level=INFO msg=处理完成一个批次 latest_time="2026-03-31 17:56:37" latest_sender=小大饼 latest_message=分享图片 stop=false
time=2026-03-31T23:53:29.279+08:00 level=INFO msg=处理完成一个批次 latest_time="2026-03-31 17:31:58" latest_sender=铜冰鉴43228 latest_message=[动画表情] stop=false
time=2026-03-31T23:53:30.984+08:00 level=INFO msg=处理完成一个批次 latest_time="2026-03-31 17:17:00" latest_sender=小大饼 latest_message=http://weibo.com/6228695781/Qx stop=false
time=2026-03-31T23:53:32.657+08:00 level=INFO msg=处理完成一个批次 latest_time="2026-03-31 16:31:24" latest_sender=是包包捏 latest_message="我的看法是4T及以上几\xe4" stop=false
time=2026-03-31T23:53:34.406+08:00 level=INFO msg=处理完成一个批次 latest_time="2026-03-31 16:01:43" latest_sender=茴字的1970种写法 latest_message=“我其实不害怕承认模 stop=false
time=2026-03-31T23:53:36.203+08:00 level=INFO msg=处理完成一个批次 latest_time="2026-03-31 15:39:05" latest_sender=nkaifang latest_message=http://t.cn/AXIioYmb stop=false
time=2026-03-31T23:53:37.917+08:00 level=INFO msg=处理完成一个批次 latest_time="2026-03-31 14:13:44" latest_sender=铜冰鉴43228 latest_message=分享图片 stop=false
time=2026-03-31T23:53:39.643+08:00 level=INFO msg=处理完成一个批次 latest_time="2026-03-31 13:59:36" latest_sender=FFFFVIP latest_message=美光才三倍 stop=false
time=2026-03-31T23:53:41.475+08:00 level=INFO msg=处理完成一个批次 latest_time="2026-03-31 13:43:55" latest_sender=ROWAn_W latest_message=为啥港股石油相关股票 stop=false
time=2026-03-31T23:53:43.180+08:00 level=INFO msg=处理完成一个批次 latest_time="2026-03-31 13:20:58" latest_sender=一蓑烟雨任平生WB latest_message=再买一卷硬质细钢丝， stop=false
time=2026-03-31T23:53:44.836+08:00 level=INFO msg=处理完成一个批次 latest_time="2026-03-31 13:03:06" latest_sender=Afeeeer latest_message="这不是跟 deepseek 出来\xe8\xaf" stop=false
time=2026-03-31T23:53:46.582+08:00 level=INFO msg=处理完成一个批次 latest_time="2026-03-31 12:53:26" latest_sender=Cain_nitelord latest_message="FT报道说美国战争部长\xe5" stop=false
time=2026-03-31T23:53:48.450+08:00 level=INFO msg=处理完成一个批次 latest_time="2026-03-31 12:12:34" latest_sender=粉丝群 latest_message=涉及资金问题请务必提 stop=false
time=2026-03-31T23:53:50.065+08:00 level=INFO msg=处理完成一个批次 latest_time="2026-03-31 11:10:51" latest_sender=要做一个可爱的人 latest_message=分享图片 stop=false
time=2026-03-31T23:53:51.808+08:00 level=INFO msg=处理完成一个批次 latest_time="2026-03-31 11:07:51" latest_sender=响当当当的铜豌豆 latest_message=收到红包消息，请在手 stop=false
time=2026-03-31T23:53:53.446+08:00 level=INFO msg=处理完成一个批次 latest_time="2026-03-31 10:37:07" latest_sender=茴字的1970种写法 latest_message=呼应一下昨天的有关内 stop=false
time=2026-03-31T23:53:55.150+08:00 level=INFO msg=处理完成一个批次 latest_time="2026-03-31 10:23:05" latest_sender=铜冰鉴43228 latest_message=打招呼了吗 stop=false
time=2026-03-31T23:53:56.841+08:00 level=INFO msg=处理完成一个批次 latest_time="2026-03-31 10:10:37" latest_sender=四岚1883 latest_message="「@在公车上吃花生酱\xe7\x9a" stop=false
time=2026-03-31T23:53:58.544+08:00 level=INFO msg=处理完成一个批次 latest_time="2026-03-31 09:38:16" latest_sender=铜冰鉴43228 latest_message=分享图片 stop=false
time=2026-03-31T23:54:00.278+08:00 level=INFO msg=处理完成一个批次 latest_time="2026-03-31 09:23:20" latest_sender=茴字的1970种写法 latest_message=http://weibo.com/1111681197/Qy stop=false
time=2026-03-31T23:54:02.012+08:00 level=INFO msg=处理完成一个批次 latest_time="2026-03-31 08:35:39" latest_sender=雨石plus latest_message=http://t.cn/AXIxDFmM stop=false
time=2026-03-31T23:54:03.691+08:00 level=INFO msg=处理完成一个批次 latest_time="2026-03-31 07:58:05" latest_sender=Hollyw00d latest_message=早 stop=false
time=2026-03-31T23:54:05.411+08:00 level=INFO msg=处理完成一个批次 latest_time="2026-03-31 06:50:46" latest_sender=摇滚草莓Jade latest_message=早 stop=false
time=2026-03-31T23:54:08.223+08:00 level=INFO msg=处理完成一个批次 latest_time="2026-03-31 01:30:14" latest_sender=jinasheng latest_message=http://weibo.com/1694917363/Qy stop=false
time=2026-03-31T23:54:10.589+08:00 level=INFO msg=处理完成一个批次 latest_time="2026-03-30 23:35:12" latest_sender=___RANI___ latest_message=「我昨天睡得晚，今天 stop=false
time=2026-03-31T23:54:12.787+08:00 level=INFO msg=处理完成一个批次 latest_time="2026-03-30 23:02:32" latest_sender=我爱吃肠粉001 latest_message=碳水包碳水可能是最幸 stop=false
time=2026-03-31T23:54:15.530+08:00 level=INFO msg=处理完成一个批次 latest_time="2026-03-30 21:31:15" latest_sender=Aviator_hu latest_message="导播真的怕了 怕啥呢" stop=false
time=2026-03-31T23:54:17.953+08:00 level=INFO msg=处理完成一个批次 latest_time="2026-03-30 20:46:11" latest_sender=拱bot latest_message=分享图片 stop=false
time=2026-03-31T23:54:20.402+08:00 level=INFO msg=处理完成一个批次 latest_time="2026-03-30 19:41:58" latest_sender=阿航爱喝水呀 latest_message="「@阿航爱喝水呀 记得\xe6" stop=false
time=2026-03-31T23:54:23.259+08:00 level=INFO msg=处理完成一个批次 latest_time="2026-03-30 19:15:17" latest_sender=响当当当的铜豌豆 latest_message="「图片」\n- - - - - - - - -" stop=false
time=2026-03-31T23:54:25.236+08:00 level=INFO msg=处理完成一个批次 latest_time="2026-03-30 18:02:05" latest_sender=出马炮仙儿 latest_message="「微博」\n- - - - - - - - -" stop=false
time=2026-03-31T23:54:26.895+08:00 level=INFO msg=处理完成一个批次 latest_time="2026-03-30 17:29:42" latest_sender=小大饼 latest_message=「「「「「今天到4.2号 stop=false
time=2026-03-31T23:54:28.738+08:00 level=INFO msg=处理完成一个批次 latest_time="2026-03-30 16:38:06" latest_sender=肥圆真君_WWW latest_message="「图片」\n- - - - - - - - -" stop=false
time=2026-03-31T23:54:30.740+08:00 level=INFO msg=处理完成一个批次 latest_time="2026-03-30 16:17:05" latest_sender=我还想吃饭 latest_message=在东北你可能体验不到 stop=false
time=2026-03-31T23:54:32.827+08:00 level=INFO msg=处理完成一个批次 latest_time="2026-03-30 15:59:04" latest_sender=铜冰鉴43228 latest_message=哈哈哈哈哈哈 stop=false
time=2026-03-31T23:54:34.785+08:00 level=INFO msg=处理完成一个批次 latest_time="2026-03-30 15:46:53" latest_sender=四岚1883 latest_message=无人机防御，乌克兰还 stop=false
time=2026-03-31T23:54:37.633+08:00 level=INFO msg=处理完成一个批次 latest_time="2026-03-30 15:33:28" latest_sender=铜冰鉴43228 latest_message=可以再加个0 stop=false
time=2026-03-31T23:54:40.215+08:00 level=INFO msg=处理完成一个批次 latest_time="2026-03-30 14:49:44" latest_sender=nkaifang latest_message=分享图片 stop=false
time=2026-03-31T23:54:42.386+08:00 level=INFO msg=处理完成一个批次 latest_time="2026-03-30 14:31:38" latest_sender=出马炮仙儿 latest_message=分享图片 stop=false
time=2026-03-31T23:54:44.563+08:00 level=INFO msg=处理完成一个批次 latest_time="2026-03-30 14:13:04" latest_sender=一团意大利面 latest_message=分享图片 stop=false
time=2026-03-31T23:54:46.398+08:00 level=INFO msg=处理完成一个批次 latest_time="2026-03-30 13:51:34" latest_sender=nkaifang latest_message=「有色范围太大了，贵 stop=false
time=2026-03-31T23:54:48.099+08:00 level=INFO msg=处理完成一个批次 latest_time="2026-03-30 13:36:32" latest_sender=黄健楸 latest_message=「孟白老师声音——温 stop=false
time=2026-03-31T23:54:49.741+08:00 level=INFO msg=处理完成一个批次 latest_time="2026-03-30 13:20:58" latest_sender=干拌面过冷水 latest_message="阿尼亚算账 不明不白" stop=false
time=2026-03-31T23:54:51.520+08:00 level=INFO msg=处理完成一个批次 latest_time="2026-03-30 13:11:36" latest_sender=endlessummerr- latest_message=人们在照常生活工作点 stop=false
time=2026-03-31T23:54:53.201+08:00 level=INFO msg=处理完成一个批次 latest_time="2026-03-30 13:02:29" latest_sender=阿尼亚是安妮亞 latest_message=我的思路是把自己想做 stop=false
time=2026-03-31T23:54:55.261+08:00 level=INFO msg=处理完成一个批次 latest_time="2026-03-30 12:55:30" latest_sender=干拌面过冷水 latest_message=大号指导小号ing stop=false
time=2026-03-31T23:54:57.359+08:00 level=INFO msg=处理完成一个批次 latest_time="2026-03-30 12:42:52" latest_sender=天青色等烟雨201403 latest_message=生可可粉怎么一股酒味 stop=false
time=2026-03-31T23:54:59.106+08:00 level=INFO msg=处理完成一个批次 latest_time="2026-03-30 12:33:24" latest_sender=阿尼亚是安妮亞 latest_message=利润是10元整 stop=false
time=2026-03-31T23:55:01.995+08:00 level=INFO msg=处理完成一个批次 latest_time="2026-03-30 12:20:53" latest_sender=一团意大利面 latest_message=「@tqtq:我又来咨询了： stop=false
time=2026-03-31T23:55:03.716+08:00 level=INFO msg=处理完成一个批次 latest_time="2026-03-30 11:45:29" latest_sender=书包会唱歌呀 latest_message=保司的区别，这个每个 stop=false
time=2026-03-31T23:55:05.509+08:00 level=INFO msg=处理完成一个批次 latest_time="2026-03-30 11:21:57" latest_sender=修蒙的gentle latest_message="「微博」\n- - - - - - - - -" stop=false
time=2026-03-31T23:55:07.244+08:00 level=INFO msg=处理完成一个批次 latest_time="2026-03-30 11:01:46" latest_sender=有种来中路 latest_message=有一种我们燕赵大地的 stop=false
time=2026-03-31T23:55:12.008+08:00 level=INFO msg=处理完成一个批次 latest_time="2026-03-30 10:46:52" latest_sender=四岚1883 latest_message=奥卡姆剃刀多好的名字 stop=false
time=2026-03-31T23:55:14.379+08:00 level=INFO msg=处理完成一个批次 latest_time="2026-03-30 10:02:37" latest_sender=摘星捕月把流萤捉 latest_message=最近需要换烟雾报警器 stop=false
time=2026-03-31T23:55:16.573+08:00 level=INFO msg=处理完成一个批次 latest_time="2026-03-30 09:56:59" latest_sender=庆敦儿 latest_message=分享图片 stop=false
time=2026-03-31T23:55:18.449+08:00 level=INFO msg=处理完成一个批次 latest_time="2026-03-30 09:45:33" latest_sender=____方格 latest_message=如果不加入牛奶的可可 stop=false
time=2026-03-31T23:55:21.901+08:00 level=INFO msg=处理完成一个批次 latest_time="2026-03-30 09:14:44" latest_sender=响当当当的铜豌豆 latest_message="@Aurora白White-little-hajimi " stop=false
time=2026-03-31T23:55:23.575+08:00 level=INFO msg=处理完成一个批次 latest_time="2026-03-30 08:48:50" latest_sender=万物既渺小又伟大 latest_message=卫星化学很早就在我的 stop=false
time=2026-03-31T23:55:25.249+08:00 level=INFO msg=处理完成一个批次 latest_time="2026-03-30 07:39:22" latest_sender=iiiilic latest_message=早 stop=false
time=2026-03-31T23:55:42.293+08:00 level=WARN msg="通过响应监听下载 fid 失败，尝试回退到浏览器内 fetch" fid=5282005387576168 err="timeout:Timeout 15000.00ms exceeded."
time=2026-03-31T23:55:42.389+08:00 level=WARN msg="浏览器内 fetch 下载 fid 失败" fid=5282005387576168 url="https://upload.api.weibo.com/2/mss/msget?fid=5282005387576168&source=209678993&imageType=origin&ts=1774972542293" err="TypeError: Failed to fetch"
time=2026-03-31T23:55:42.426+08:00 level=WARN msg="浏览器内 fetch 下载 fid 失败" fid=5282005387576168 url="https://upload.api.weibo.com/2/mss/msget?fid=5282005387576168&touid=4761715839862414&ts=1774972542293" err="TypeError: Failed to fetch"
time=2026-03-31T23:55:42.522+08:00 level=WARN msg="浏览器内 fetch 下载 fid 失败" fid=5282005387576168 url="https://upload.api.weibo.com/2/mss/msget?fid=5282005387576168&source=209678993&touid=4761715839862414&imageType=origin&ts=1774972542293" err="TypeError: Failed to fetch"
time=2026-03-31T23:55:42.523+08:00 level=WARN msg="浏览器内 fid 下载全部失败，尝试直接 HTTP 下载" fid=5282005387576168 err="TypeError: Failed to fetch"
time=2026-03-31T23:55:42.839+08:00 level=INFO msg="fid 媒体已通过直接 HTTP 回退下载成功" fid=5282005387576168 path=/home/duty/weibo_cron/chat_media_downloads/img_5282005387576168_茧房日报260329.pdf
time=2026-03-31T23:55:42.840+08:00 level=INFO msg=处理完成一个批次 latest_time="2026-03-30 06:49:17" latest_sender=你猜家 latest_message=早 stop=false
time=2026-03-31T23:55:46.420+08:00 level=INFO msg=处理完成一个批次 latest_time="2026-03-30 01:14:53" latest_sender=我还想吃饭 latest_message="「图片」\n- - - - - - - - -" stop=false
time=2026-03-31T23:55:48.339+08:00 level=INFO msg=触发手动停止节点 time="2026-03-29 23:59:48" sender=我爱吃肠粉001 message="「微博」\n- - - - - - - - -"
time=2026-03-31T23:55:48.339+08:00 level=INFO msg=处理完成一个批次 latest_time="2026-03-30 00:05:22" latest_sender=粉丝群 latest_message=涉及资金问题请务必提 stop=true
time=2026-03-31T23:55:48.369+08:00 level=INFO msg=群聊历史抓取完成 new_count=767 history_dir=/home/duty/weibo_cron/clean_history state_file=/home/duty/weibo_cron/group_chat_state.json
time=2026-03-31T23:55:50.238+08:00 level=INFO msg=群聊摘要推送完成 message_count=1
time=2026-04-01T23:53:03.830+08:00 level=INFO msg=群聊模式配置加载完成 config=config.groupchat.yaml
time=2026-04-01T23:53:07.088+08:00 level=INFO msg=打开微博群聊页面 url="https://api.weibo.com/chat/#/chat?check_gid=4761715839862414&source_from=11" user_data_dir=/home/duty/weibo_cron/weibo_user_data browser_channel=chrome
time=2026-04-01T23:53:08.322+08:00 level=INFO msg=如未登录，请在打开的浏览器中完成登录；程序正在等待群聊消息接口返回
time=2026-04-01T23:53:09.378+08:00 level=INFO msg=群聊页面已加载，开始抓取历史消息
time=2026-04-01T23:53:10.178+08:00 level=INFO msg=处理完成一个批次 latest_time="2026-04-01 23:48:57" latest_sender=响当当当的铜豌豆 latest_message=4100抄底的那位有福了 stop=false
time=2026-04-01T23:53:10.614+08:00 level=INFO msg=处理完成一个批次 latest_time="2026-04-01 23:18:01" latest_sender=粉丝群 latest_message=涉及资金问题请务必提 stop=false
time=2026-04-01T23:53:12.440+08:00 level=INFO msg=处理完成一个批次 latest_time="2026-04-01 22:56:49" latest_sender=特怕麻烦 latest_message=「早些年灰色地带（富 stop=false
time=2026-04-01T23:53:14.789+08:00 level=INFO msg=处理完成一个批次 latest_time="2026-04-01 22:36:20" latest_sender=茴字的1970种写法 latest_message="Trump走之前会不会玩个\xe5" stop=false
time=2026-04-01T23:53:17.160+08:00 level=INFO msg=处理完成一个批次 latest_time="2026-04-01 22:26:20" latest_sender=骨德猫n latest_message=厨子也被套[柯基] stop=false
time=2026-04-01T23:53:19.660+08:00 level=INFO msg=处理完成一个批次 latest_time="2026-04-01 22:18:26" latest_sender=小大饼 latest_message=赚翻了 stop=false
time=2026-04-01T23:53:21.746+08:00 level=INFO msg=处理完成一个批次 latest_time="2026-04-01 22:13:07" latest_sender=小大饼 latest_message=分享图片 stop=false
time=2026-04-01T23:53:25.509+08:00 level=INFO msg=处理完成一个批次 latest_time="2026-04-01 22:08:18" latest_sender=不想代码的王xuan同学 latest_message="0.76元，@孟昭俊 这个红" stop=false
time=2026-04-01T23:53:29.229+08:00 level=INFO msg=处理完成一个批次 latest_time="2026-04-01 21:39:05" latest_sender=小大饼 latest_message=http://weibo.com/7771050225/Qu stop=false
time=2026-04-01T23:53:31.548+08:00 level=INFO msg=处理完成一个批次 latest_time="2026-04-01 20:53:15" latest_sender=春天小羚羊 latest_message=「让我研究一下他这个 stop=false
time=2026-04-01T23:53:33.611+08:00 level=INFO msg=处理完成一个批次 latest_time="2026-04-01 20:16:09" latest_sender=小大饼 latest_message=我不 stop=false
time=2026-04-01T23:53:36.487+08:00 level=INFO msg=处理完成一个批次 latest_time="2026-04-01 19:36:01" latest_sender=小大饼 latest_message=没加 stop=false
time=2026-04-01T23:53:38.776+08:00 level=INFO msg=处理完成一个批次 latest_time="2026-04-01 19:01:26" latest_sender=干拌面过冷水 latest_message="「微博」\n- - - - - - - - -" stop=false
time=2026-04-01T23:53:40.506+08:00 level=INFO msg=处理完成一个批次 latest_time="2026-04-01 18:10:46" latest_sender=____方格 latest_message=乐，有个采访者回答国 stop=false
time=2026-04-01T23:53:42.222+08:00 level=INFO msg=处理完成一个批次 latest_time="2026-04-01 17:54:02" latest_sender=slackoff- latest_message=其实真要说按市场经济 stop=false
time=2026-04-01T23:53:45.192+08:00 level=INFO msg=处理完成一个批次 latest_time="2026-04-01 17:28:25" latest_sender=自由的西瓜L latest_message=「那些专业能去哪里呢 stop=false
time=2026-04-01T23:53:46.962+08:00 level=INFO msg=处理完成一个批次 latest_time="2026-04-01 17:10:41" latest_sender=茴字的1970种写法 latest_message=新华社的剪辑水平还是 stop=false
time=2026-04-01T23:53:49.083+08:00 level=INFO msg=处理完成一个批次 latest_time="2026-04-01 16:43:38" latest_sender=小大饼 latest_message=我懂了 stop=false
time=2026-04-01T23:53:53.693+08:00 level=INFO msg=处理完成一个批次 latest_time="2026-04-01 16:21:50" latest_sender=楼雨晴Lo latest_message=http://weibo.com/6332183108/Qt stop=false
time=2026-04-01T23:53:55.349+08:00 level=INFO msg=处理完成一个批次 latest_time="2026-04-01 16:06:43" latest_sender=天青色等烟雨201403 latest_message=「「@天青色等烟雨20140 stop=false
time=2026-04-01T23:53:57.382+08:00 level=INFO msg=处理完成一个批次 latest_time="2026-04-01 15:50:58" latest_sender=天青色等烟雨201403 latest_message=艾滋被解决之后不敢想 stop=false
time=2026-04-01T23:53:59.362+08:00 level=INFO msg=处理完成一个批次 latest_time="2026-04-01 15:32:31" latest_sender=蓦回溯光 latest_message=「「但是积存金追涨追 stop=false
time=2026-04-01T23:54:04.487+08:00 level=INFO msg=处理完成一个批次 latest_time="2026-04-01 15:16:24" latest_sender=FansLeader latest_message=看起来有些至少表面挺 stop=false
time=2026-04-01T23:54:06.589+08:00 level=INFO msg=处理完成一个批次 latest_time="2026-04-01 14:48:22" latest_sender=yyyaaa7 latest_message=分享图片 stop=false
time=2026-04-01T23:54:08.583+08:00 level=INFO msg=处理完成一个批次 latest_time="2026-04-01 14:19:34" latest_sender=Bonoboooo latest_message=针对痛点，成为一名专 stop=false
time=2026-04-01T23:54:10.296+08:00 level=INFO msg=处理完成一个批次 latest_time="2026-04-01 14:04:34" latest_sender=干拌面过冷水 latest_message=那你补差价 stop=false
time=2026-04-01T23:54:12.281+08:00 level=INFO msg=处理完成一个批次 latest_time="2026-04-01 13:53:56" latest_sender=拾人牙慧的复读机 latest_message="「图片」\n- - - - - - - - -" stop=false
time=2026-04-01T23:54:14.241+08:00 level=INFO msg=处理完成一个批次 latest_time="2026-04-01 13:47:52" latest_sender=小大饼 latest_message=缘分呐 stop=false
time=2026-04-01T23:54:16.067+08:00 level=INFO msg=处理完成一个批次 latest_time="2026-04-01 13:41:56" latest_sender=小大饼 latest_message="还有最后一步，把 Y 换" stop=false
time=2026-04-01T23:54:18.710+08:00 level=INFO msg=处理完成一个批次 latest_time="2026-04-01 13:34:48" latest_sender=铜冰鉴43228 latest_message=分享图片 stop=false
time=2026-04-01T23:54:20.723+08:00 level=INFO msg=处理完成一个批次 latest_time="2026-04-01 13:30:08" latest_sender=一蓑烟雨任平生WB latest_message="「图片」\n- - - - - - - - -" stop=false
time=2026-04-01T23:54:22.639+08:00 level=INFO msg=处理完成一个批次 latest_time="2026-04-01 13:25:39" latest_sender=3ric2hao latest_message="[允悲]我刚去看了 我 CP" stop=false
time=2026-04-01T23:54:25.450+08:00 level=INFO msg=处理完成一个批次 latest_time="2026-04-01 13:18:02" latest_sender=响当当当的铜豌豆 latest_message=「昨天高中开家长会， stop=false
time=2026-04-01T23:54:27.075+08:00 level=INFO msg=处理完成一个批次 latest_time="2026-04-01 13:11:50" latest_sender=tombkeeper latest_message=这就是我搜集一个opencl stop=false
time=2026-04-01T23:54:30.020+08:00 level=INFO msg=处理完成一个批次 latest_time="2026-04-01 13:09:28" latest_sender=干拌面过冷水 latest_message=太怪了 stop=false
time=2026-04-01T23:54:32.625+08:00 level=INFO msg=处理完成一个批次 latest_time="2026-04-01 13:06:34" latest_sender=我爱吃肠粉001 latest_message=不理解但尊重[流汗] stop=false
time=2026-04-01T23:54:34.336+08:00 level=INFO msg=处理完成一个批次 latest_time="2026-04-01 13:00:19" latest_sender=我还想吃饭 latest_message=气氛很好，容易产生购 stop=false
time=2026-04-01T23:54:51.308+08:00 level=WARN msg="通过响应监听下载 fid 失败，尝试回退到浏览器内 fetch" fid=5282872744742465 err="timeout:Timeout 15000.00ms exceeded."
time=2026-04-01T23:54:51.436+08:00 level=WARN msg="浏览器内 fetch 下载 fid 失败" fid=5282872744742465 url="https://upload.api.weibo.com/2/mss/msget?fid=5282872744742465&source=209678993&imageType=origin&ts=1775058891309" err="TypeError: Failed to fetch"
time=2026-04-01T23:54:51.471+08:00 level=WARN msg="浏览器内 fetch 下载 fid 失败" fid=5282872744742465 url="https://upload.api.weibo.com/2/mss/msget?fid=5282872744742465&touid=4761715839862414&ts=1775058891309" err="TypeError: Failed to fetch"
time=2026-04-01T23:54:51.570+08:00 level=WARN msg="浏览器内 fetch 下载 fid 失败" fid=5282872744742465 url="https://upload.api.weibo.com/2/mss/msget?fid=5282872744742465&source=209678993&touid=4761715839862414&imageType=origin&ts=1775058891309" err="TypeError: Failed to fetch"
time=2026-04-01T23:54:51.570+08:00 level=WARN msg="浏览器内 fid 下载全部失败，尝试直接 HTTP 下载" fid=5282872744742465 err="TypeError: Failed to fetch"
time=2026-04-01T23:54:51.993+08:00 level=INFO msg="fid 媒体已通过直接 HTTP 回退下载成功" fid=5282872744742465 path="/home/duty/weibo_cron/chat_media_downloads/img_5282872744742465_AI-Assisted Deep-Learning-Based Design of High-Efficiency Class F Power.pdf"
time=2026-04-01T23:54:51.994+08:00 level=INFO msg=处理完成一个批次 latest_time="2026-04-01 12:48:47" latest_sender=endlessummerr- latest_message=家里还有好几瓶，不求 stop=false
time=2026-04-01T23:54:54.351+08:00 level=INFO msg=处理完成一个批次 latest_time="2026-04-01 12:28:41" latest_sender=黄健楸 latest_message=分享图片 stop=false
time=2026-04-01T23:54:56.869+08:00 level=INFO msg=处理完成一个批次 latest_time="2026-04-01 12:19:52" latest_sender=黄健楸 latest_message=http://t.cn/AXIouRW0 stop=false
time=2026-04-01T23:54:58.553+08:00 level=INFO msg=处理完成一个批次 latest_time="2026-04-01 12:08:09" latest_sender=铜冰鉴43228 latest_message=再问下去就不太合适了 stop=false
time=2026-04-01T23:55:03.132+08:00 level=INFO msg=处理完成一个批次 latest_time="2026-04-01 11:59:30" latest_sender=Aviator_hu latest_message=我就记得我那年高考， stop=false
time=2026-04-01T23:55:04.973+08:00 level=INFO msg=处理完成一个批次 latest_time="2026-04-01 11:44:47" latest_sender=小大饼 latest_message=「@十月的米兰:@小大饼 stop=false
time=2026-04-01T23:55:06.852+08:00 level=INFO msg=处理完成一个批次 latest_time="2026-04-01 11:37:36" latest_sender=梦星河200602 latest_message="「cnbc 对巴菲特的采访\xe3" stop=false
time=2026-04-01T23:55:08.558+08:00 level=INFO msg=处理完成一个批次 latest_time="2026-04-01 11:12:03" latest_sender=黄健楸 latest_message=「我的经历完全相反， stop=false
time=2026-04-01T23:55:11.196+08:00 level=INFO msg=处理完成一个批次 latest_time="2026-04-01 10:57:51" latest_sender=拱bot latest_message=粉头的头像换成了粉头 stop=false
time=2026-04-01T23:55:13.694+08:00 level=INFO msg=处理完成一个批次 latest_time="2026-04-01 10:20:17" latest_sender=koali123 latest_message=愚人节[打call] stop=false
time=2026-04-01T23:55:15.353+08:00 level=INFO msg=处理完成一个批次 latest_time="2026-04-01 10:02:36" latest_sender=铜冰鉴43228 latest_message=大饼，这个叫法女孩子 stop=false
time=2026-04-01T23:55:17.976+08:00 level=INFO msg=处理完成一个批次 latest_time="2026-04-01 09:56:21" latest_sender=下一个被泡泡带走的灵魂 latest_message=现在不做了，做数分工 stop=false
time=2026-04-01T23:55:20.257+08:00 level=INFO msg=处理完成一个批次 latest_time="2026-04-01 09:19:36" latest_sender=小大饼 latest_message="「@SnowChou:牙刷的刷头\xe8\xa6" stop=false
time=2026-04-01T23:55:22.469+08:00 level=INFO msg=处理完成一个批次 latest_time="2026-04-01 08:57:32" latest_sender=粉丝群 latest_message=涉及资金问题请务必提 stop=false
time=2026-04-01T23:55:25.494+08:00 level=INFO msg=处理完成一个批次 latest_time="2026-04-01 08:38:26" latest_sender=Aurora白White-little-hajimi latest_message=可以后期锻炼 stop=false
time=2026-04-01T23:55:28.594+08:00 level=INFO msg=处理完成一个批次 latest_time="2026-04-01 08:10:46" latest_sender=iiiilic latest_message=早 stop=false
time=2026-04-01T23:55:31.550+08:00 level=INFO msg=处理完成一个批次 latest_time="2026-04-01 07:33:15" latest_sender=努力让老婆变成阔太太 latest_message=早 stop=false
time=2026-04-01T23:55:48.299+08:00 level=WARN msg="通过响应监听下载 fid 失败，尝试回退到浏览器内 fetch" fid=5282732921849161 err="timeout:Timeout 15000.00ms exceeded."
time=2026-04-01T23:55:48.402+08:00 level=WARN msg="浏览器内 fetch 下载 fid 失败" fid=5282732921849161 url="https://upload.api.weibo.com/2/mss/msget?fid=5282732921849161&source=209678993&imageType=origin&ts=1775058948299" err="TypeError: Failed to fetch"
time=2026-04-01T23:55:48.438+08:00 level=WARN msg="浏览器内 fetch 下载 fid 失败" fid=5282732921849161 url="https://upload.api.weibo.com/2/mss/msget?fid=5282732921849161&touid=4761715839862414&ts=1775058948299" err="TypeError: Failed to fetch"
time=2026-04-01T23:55:48.534+08:00 level=WARN msg="浏览器内 fetch 下载 fid 失败" fid=5282732921849161 url="https://upload.api.weibo.com/2/mss/msget?fid=5282732921849161&source=209678993&touid=4761715839862414&imageType=origin&ts=1775058948299" err="TypeError: Failed to fetch"
time=2026-04-01T23:55:48.535+08:00 level=WARN msg="浏览器内 fid 下载全部失败，尝试直接 HTTP 下载" fid=5282732921849161 err="TypeError: Failed to fetch"
time=2026-04-01T23:55:48.652+08:00 level=INFO msg="fid 媒体已通过直接 HTTP 回退下载成功" fid=5282732921849161 path=/home/duty/weibo_cron/chat_media_downloads/img_5282732921849161_茧房日报260331.pdf
time=2026-04-01T23:55:49.856+08:00 level=INFO msg=处理完成一个批次 latest_time="2026-04-01 06:42:22" latest_sender=叫我小鸡君吧 latest_message=「美股终于出息了，标 stop=false
time=2026-04-01T23:55:51.843+08:00 level=INFO msg=处理完成一个批次 latest_time="2026-04-01 00:59:52" latest_sender=越过愚昧之山-副本 latest_message=直线拉升了一个点 stop=true
time=2026-04-01T23:55:51.879+08:00 level=INFO msg=群聊历史抓取完成 new_count=1110 history_dir=/home/duty/weibo_cron/clean_history state_file=/home/duty/weibo_cron/group_chat_state.json
time=2026-04-01T23:55:53.897+08:00 level=INFO msg=群聊摘要推送完成 message_count=1
time=2026-04-02T23:00:03.810+08:00 level=INFO msg=群聊模式配置加载完成 config=config.groupchat.yaml
time=2026-04-02T23:00:06.390+08:00 level=ERROR msg=执行群聊抓取失败 err="启动 Playwright 持久化上下文失败: playwright: Failed to create a ProcessSingleton for your profile directory. This usually means that the profile is already in use by another instance of Chromium."
time=2026-04-02T23:30:03.989+08:00 level=INFO msg=群聊模式配置加载完成 config=config.groupchat.yaml
time=2026-04-02T23:30:06.555+08:00 level=ERROR msg=执行群聊抓取失败 err="启动 Playwright 持久化上下文失败: playwright: Failed to create a ProcessSingleton for your profile directory. This usually means that the profile is already in use by another instance of Chromium."
time=2026-04-02T23:53:03.663+08:00 level=INFO msg=群聊模式配置加载完成 config=config.groupchat.yaml
time=2026-04-02T23:53:07.038+08:00 level=INFO msg=打开微博群聊页面 url="https://api.weibo.com/chat/#/chat?check_gid=4761715839862414&source_from=11" user_data_dir=/home/duty/weibo_cron/weibo_user_data browser_channel=chrome
time=2026-04-02T23:53:08.357+08:00 level=INFO msg=如未登录，请在打开的浏览器中完成登录；程序正在等待群聊消息接口返回
time=2026-04-03T00:05:04.002+08:00 level=INFO msg=群聊模式配置加载完成 config=config.groupchat.yaml
time=2026-04-03T00:05:07.388+08:00 level=INFO msg=打开微博群聊页面 url="https://api.weibo.com/chat/#/chat?check_gid=4761715839862414&source_from=11" user_data_dir=/home/duty/weibo_cron/weibo_user_data browser_channel=chrome
time=2026-04-03T00:05:08.592+08:00 level=INFO msg=如未登录，请在打开的浏览器中完成登录；程序正在等待群聊消息接口返回
time=2026-04-03T00:05:09.799+08:00 level=INFO msg=群聊页面已加载，开始抓取历史消息
time=2026-04-03T00:05:09.818+08:00 level=INFO msg=处理完成一个批次 latest_time="2026-04-03 00:02:33" latest_sender=粉丝群 latest_message=恭喜小大饼今日获得“ stop=true
time=2026-04-03T00:05:09.819+08:00 level=INFO msg=群聊历史抓取完成 new_count=0 history_dir=/home/duty/weibo_cron/clean_history state_file=/home/duty/weibo_cron/group_chat_state.json
time=2026-04-03T00:05:10.107+08:00 level=INFO msg=群聊摘要推送完成 message_count=0
time=2026-04-03T23:10:03.585+08:00 level=INFO msg=群聊模式配置加载完成 config=config.groupchat.yaml
time=2026-04-03T23:10:06.879+08:00 level=INFO msg=打开微博群聊页面 url="https://api.weibo.com/chat/#/chat?check_gid=4761715839862414&source_from=11" user_data_dir=/home/duty/weibo_cron/weibo_user_data browser_channel=chrome
time=2026-04-03T23:10:07.867+08:00 level=INFO msg=如未登录，请在打开的浏览器中完成登录；程序正在等待群聊消息接口返回
time=2026-04-03T23:10:09.339+08:00 level=INFO msg=群聊页面已加载，开始抓取历史消息
time=2026-04-03T23:10:09.958+08:00 level=INFO msg=处理完成一个批次 latest_time="2026-04-03 23:09:21" latest_sender=亚奇奇洛贝 latest_message=有些可可粉是深棕色， stop=false
time=2026-04-03T23:10:10.892+08:00 level=INFO msg=处理完成一个批次 latest_time="2026-04-03 22:48:09" latest_sender=小大饼 latest_message=http://weibo.com/3911702802/Qz stop=false
time=2026-04-03T23:10:12.683+08:00 level=INFO msg=处理完成一个批次 latest_time="2026-04-03 22:31:26" latest_sender=十月的米兰 latest_message=哦，下次试试 stop=false
time=2026-04-03T23:10:14.662+08:00 level=INFO msg=处理完成一个批次 latest_time="2026-04-03 22:20:59" latest_sender=Mika_Joe latest_message="0.52元，@阿尼亚是安妮\xe4" stop=false
time=2026-04-03T23:10:17.013+08:00 level=INFO msg=处理完成一个批次 latest_time="2026-04-03 21:37:52" latest_sender=Jane王师傅 latest_message=好可怕 stop=false
time=2026-04-03T23:10:19.109+08:00 level=INFO msg=处理完成一个批次 latest_time="2026-04-03 21:18:20" latest_sender=SnowChou latest_message=吃红心火龙果，尿尿都 stop=false
time=2026-04-03T23:10:22.700+08:00 level=INFO msg=处理完成一个批次 latest_time="2026-04-03 20:39:21" latest_sender=小大饼 latest_message=「刚刚老婆问，清明是 stop=false
time=2026-04-03T23:10:28.574+08:00 level=INFO msg=处理完成一个批次 latest_time="2026-04-03 19:56:01" latest_sender=一蓑烟雨任平生WB latest_message=[动画表情] stop=false
time=2026-04-03T23:10:31.007+08:00 level=INFO msg=处理完成一个批次 latest_time="2026-04-03 19:24:28" latest_sender=阿尼亚是安妮亞 latest_message="「「「@Monkey_D_Law:原来\xe7" stop=false
time=2026-04-03T23:10:32.885+08:00 level=INFO msg=处理完成一个批次 latest_time="2026-04-03 19:10:49" latest_sender=一蓑烟雨任平生WB latest_message=感觉好像要发生什么， stop=false
time=2026-04-03T23:10:35.507+08:00 level=INFO msg=处理完成一个批次 latest_time="2026-04-03 18:43:36" latest_sender=羽化的布偶 latest_message=http://weibo.com/1408024305/Qz stop=false
time=2026-04-03T23:10:39.670+08:00 level=INFO msg=处理完成一个批次 latest_time="2026-04-03 18:01:10" latest_sender=nkaifang latest_message=http://weibo.com/5232671688/Qz stop=false
time=2026-04-03T23:10:42.628+08:00 level=INFO msg=处理完成一个批次 latest_time="2026-04-03 16:56:25" latest_sender=tk今天盲猜关注列表了吗 latest_message=「名字里同时有“尼” stop=false
time=2026-04-03T23:10:44.566+08:00 level=INFO msg=处理完成一个批次 latest_time="2026-04-03 16:05:00" latest_sender=茴字的1970种写法 latest_message=原来阿尼亚不仅是经济 stop=false
time=2026-04-03T23:10:46.392+08:00 level=INFO msg=处理完成一个批次 latest_time="2026-04-03 15:44:33" latest_sender=Notebookdong latest_message=我已经说服自己阿尼亚 stop=false
time=2026-04-03T23:10:49.109+08:00 level=INFO msg=处理完成一个批次 latest_time="2026-04-03 15:27:38" latest_sender=有种来中路 latest_message=小木，巧了啊。本人常 stop=false
time=2026-04-03T23:10:51.550+08:00 level=INFO msg=处理完成一个批次 latest_time="2026-04-03 15:14:36" latest_sender=阿尼亚是安妮亞 latest_message=掐头去尾了 stop=false
time=2026-04-03T23:10:54.252+08:00 level=INFO msg=处理完成一个批次 latest_time="2026-04-03 14:23:55" latest_sender=阿尼亚是安妮亞 latest_message=分享图片 stop=false
time=2026-04-03T23:10:56.607+08:00 level=INFO msg=处理完成一个批次 latest_time="2026-04-03 13:42:45" latest_sender=小大饼 latest_message=http://t.cn/AXIHXAQj stop=false
time=2026-04-03T23:10:58.879+08:00 level=INFO msg=处理完成一个批次 latest_time="2026-04-03 13:35:28" latest_sender=我爱吃肠粉001 latest_message="「@铜冰鉴43228:这个图\xe7\x89" stop=false
time=2026-04-03T23:11:01.293+08:00 level=INFO msg=处理完成一个批次 latest_time="2026-04-03 12:54:12" latest_sender=特呜五土 latest_message=这个好玩儿 stop=false
time=2026-04-03T23:11:03.262+08:00 level=INFO msg=处理完成一个批次 latest_time="2026-04-03 12:14:49" latest_sender=BottledVortex latest_message="「@BottledVortex 这种比自" stop=false
time=2026-04-03T23:11:05.086+08:00 level=INFO msg=处理完成一个批次 latest_time="2026-04-03 11:40:36" latest_sender=十月的米兰 latest_message="「墨西哥中转站」\n- - -" stop=false
time=2026-04-03T23:11:06.887+08:00 level=INFO msg=处理完成一个批次 latest_time="2026-04-03 10:27:07" latest_sender=小大饼 latest_message=广告推荐不受拉黑影响 stop=false
time=2026-04-03T23:11:08.930+08:00 level=INFO msg=处理完成一个批次 latest_time="2026-04-03 09:30:32" latest_sender=粉丝群 latest_message=涉及资金问题请务必提 stop=false
time=2026-04-03T23:11:11.634+08:00 level=INFO msg=处理完成一个批次 latest_time="2026-04-03 08:58:27" latest_sender=用户6937199137 latest_message="「微博」\n- - - - - - - - -" stop=false
time=2026-04-03T23:11:14.004+08:00 level=INFO msg=处理完成一个批次 latest_time="2026-04-03 08:31:06" latest_sender=楼雨晴Lo latest_message=开心鸭瘦了侧脸有点戴 stop=false
time=2026-04-03T23:11:30.674+08:00 level=WARN msg="通过响应监听下载 fid 失败，尝试回退到浏览器内 fetch" fid=5283522542834574 err="timeout:Timeout 15000.00ms exceeded."
time=2026-04-03T23:11:30.749+08:00 level=WARN msg="浏览器内 fetch 下载 fid 失败" fid=5283522542834574 url="https://upload.api.weibo.com/2/mss/msget?fid=5283522542834574&source=209678993&imageType=origin&ts=1775229090674" err="TypeError: Failed to fetch"
time=2026-04-03T23:11:30.796+08:00 level=WARN msg="浏览器内 fetch 下载 fid 失败" fid=5283522542834574 url="https://upload.api.weibo.com/2/mss/msget?fid=5283522542834574&touid=4761715839862414&ts=1775229090674" err="TypeError: Failed to fetch"
time=2026-04-03T23:11:30.891+08:00 level=WARN msg="浏览器内 fetch 下载 fid 失败" fid=5283522542834574 url="https://upload.api.weibo.com/2/mss/msget?fid=5283522542834574&source=209678993&touid=4761715839862414&imageType=origin&ts=1775229090674" err="TypeError: Failed to fetch"
time=2026-04-03T23:11:30.892+08:00 level=WARN msg="浏览器内 fid 下载全部失败，尝试直接 HTTP 下载" fid=5283522542834574 err="TypeError: Failed to fetch"
time=2026-04-03T23:11:31.184+08:00 level=INFO msg="fid 媒体已通过直接 HTTP 回退下载成功" fid=5283522542834574 path=/home/duty/weibo_cron/chat_media_downloads/img_5283522542834574_茧房日报260402.pdf
time=2026-04-03T23:11:31.184+08:00 level=INFO msg=处理完成一个批次 latest_time="2026-04-03 08:03:43" latest_sender=小大饼 latest_message=「饼老师想借拿早餐机 stop=false
time=2026-04-03T23:11:32.885+08:00 level=INFO msg=处理完成一个批次 latest_time="2026-04-03 07:26:13" latest_sender=Drtudao latest_message=早 stop=false
time=2026-04-03T23:11:34.920+08:00 level=INFO msg=处理完成一个批次 latest_time="2026-04-03 06:53:04" latest_sender=达芬奇喝冰水 latest_message=早 stop=false
time=2026-04-03T23:11:37.427+08:00 level=INFO msg=处理完成一个批次 latest_time="2026-04-03 05:21:08" latest_sender=----Barbara latest_message=早 stop=true
time=2026-04-03T23:11:37.445+08:00 level=INFO msg=群聊历史抓取完成 new_count=611 history_dir=/home/duty/weibo_cron/clean_history state_file=/home/duty/weibo_cron/group_chat_state.json
time=2026-04-03T23:11:50.158+08:00 level=INFO msg=群聊摘要推送完成 message_count=1
time=2026-04-04T23:10:03.971+08:00 level=INFO msg=群聊模式配置加载完成 config=config.groupchat.yaml
time=2026-04-04T23:10:07.227+08:00 level=INFO msg=打开微博群聊页面 url="https://api.weibo.com/chat/#/chat?check_gid=4761715839862414&source_from=11" user_data_dir=/home/duty/weibo_cron/weibo_user_data browser_channel=chrome
time=2026-04-04T23:10:08.311+08:00 level=INFO msg=如未登录，请在打开的浏览器中完成登录；程序正在等待群聊消息接口返回
time=2026-04-04T23:10:09.455+08:00 level=INFO msg=群聊页面已加载，开始抓取历史消息
time=2026-04-04T23:10:11.214+08:00 level=INFO msg=处理完成一个批次 latest_time="2026-04-04 23:09:06" latest_sender=Aurora白White-little-hajimi latest_message=家人们我有一个重大发 stop=false
time=2026-04-04T23:10:11.545+08:00 level=INFO msg=处理完成一个批次 latest_time="2026-04-04 22:47:08" latest_sender=Aurora白White-little-hajimi latest_message=「「就纯挽尊，硬扯。 stop=false
time=2026-04-04T23:10:13.217+08:00 level=INFO msg=处理完成一个批次 latest_time="2026-04-04 22:35:49" latest_sender=Aurora白White-little-hajimi latest_message=低级红就是高级黑 stop=false
time=2026-04-04T23:10:14.975+08:00 level=INFO msg=处理完成一个批次 latest_time="2026-04-04 22:29:47" latest_sender=-村里人称球霸天 latest_message=她竟然才关注！ stop=false
time=2026-04-04T23:10:18.567+08:00 level=INFO msg=处理完成一个批次 latest_time="2026-04-04 22:18:57" latest_sender=茴字的1970种写法 latest_message="@Aurora白White-little-hajimi " stop=false
time=2026-04-04T23:10:20.498+08:00 level=INFO msg=处理完成一个批次 latest_time="2026-04-04 22:00:43" latest_sender=廉家名 latest_message=[嘻嘻] stop=false
time=2026-04-04T23:10:22.505+08:00 level=INFO msg=处理完成一个批次 latest_time="2026-04-04 21:43:39" latest_sender=廉家名 latest_message=渴望被需要 stop=false
time=2026-04-04T23:10:24.205+08:00 level=INFO msg=处理完成一个批次 latest_time="2026-04-04 21:27:14" latest_sender=小大饼 latest_message=我晕，我看到这条的时 stop=false
time=2026-04-04T23:10:26.516+08:00 level=INFO msg=处理完成一个批次 latest_time="2026-04-04 21:25:25" latest_sender=拱bot latest_message="「微博」\n- - - - - - - - -" stop=false
time=2026-04-04T23:10:43.428+08:00 level=WARN msg="通过响应监听下载 fid 失败，尝试回退到浏览器内 fetch" fid=5284088011033825 err="timeout:Timeout 15000.00ms exceeded."
time=2026-04-04T23:10:43.559+08:00 level=WARN msg="浏览器内 fetch 下载 fid 失败" fid=5284088011033825 url="https://upload.api.weibo.com/2/mss/msget?fid=5284088011033825&source=209678993&imageType=origin&ts=1775315443428" err="TypeError: Failed to fetch"
time=2026-04-04T23:10:43.610+08:00 level=WARN msg="浏览器内 fetch 下载 fid 失败" fid=5284088011033825 url="https://upload.api.weibo.com/2/mss/msget?fid=5284088011033825&touid=4761715839862414&ts=1775315443428" err="TypeError: Failed to fetch"
time=2026-04-04T23:10:43.726+08:00 level=WARN msg="浏览器内 fetch 下载 fid 失败" fid=5284088011033825 url="https://upload.api.weibo.com/2/mss/msget?fid=5284088011033825&source=209678993&touid=4761715839862414&imageType=origin&ts=1775315443428" err="TypeError: Failed to fetch"
time=2026-04-04T23:10:43.727+08:00 level=WARN msg="浏览器内 fid 下载全部失败，尝试直接 HTTP 下载" fid=5284088011033825 err="TypeError: Failed to fetch"
time=2026-04-04T23:10:44.528+08:00 level=INFO msg="fid 媒体已通过直接 HTTP 回退下载成功" fid=5284088011033825 path=/home/duty/weibo_cron/chat_media_downloads/img_5284088011033825_中国成人失眠诊断与治疗指南（2023版）.pdf
time=2026-04-04T23:10:44.672+08:00 level=INFO msg=处理完成一个批次 latest_time="2026-04-04 21:15:50" latest_sender=拱bot latest_message="「「@冰火岛的曾阿牛:\xe9" stop=false
time=2026-04-04T23:10:46.829+08:00 level=INFO msg=处理完成一个批次 latest_time="2026-04-04 20:39:55" latest_sender=小大饼 latest_message=分享图片 stop=false
time=2026-04-04T23:10:52.614+08:00 level=INFO msg=处理完成一个批次 latest_time="2026-04-04 20:22:48" latest_sender=十月的米兰 latest_message=关键这个东西还不好调 stop=false
time=2026-04-04T23:10:55.470+08:00 level=INFO msg=处理完成一个批次 latest_time="2026-04-04 20:17:15" latest_sender=铜冰鉴43228 latest_message="@响当当当的铜豌豆 条\xe4" stop=false
time=2026-04-04T23:10:57.933+08:00 level=INFO msg=处理完成一个批次 latest_time="2026-04-04 19:21:39" latest_sender=秽土转生又一回 latest_message=分享图片 stop=false
time=2026-04-04T23:10:59.789+08:00 level=INFO msg=处理完成一个批次 latest_time="2026-04-04 16:36:00" latest_sender=涓生与阿随 latest_message="1.17元，@金陵琥珀雪 这" stop=false
time=2026-04-04T23:11:02.009+08:00 level=INFO msg=处理完成一个批次 latest_time="2026-04-04 16:10:21" latest_sender=SF-CL latest_message=我合伙人他们做的，我 stop=false
time=2026-04-04T23:11:05.020+08:00 level=INFO msg=处理完成一个批次 latest_time="2026-04-04 15:25:11" latest_sender=茴字的1970种写法 latest_message=他们自己公司的。 stop=false
time=2026-04-04T23:11:06.778+08:00 level=INFO msg=处理完成一个批次 latest_time="2026-04-04 14:53:44" latest_sender=ZshikizzZ latest_message=凉了以后的确会觉得很 stop=false
time=2026-04-04T23:11:09.177+08:00 level=INFO msg=处理完成一个批次 latest_time="2026-04-04 13:53:44" latest_sender=Bonoboooo latest_message=再整理下发型换套衣服 stop=false
time=2026-04-04T23:11:11.309+08:00 level=INFO msg=处理完成一个批次 latest_time="2026-04-04 13:13:36" latest_sender=楼雨晴Lo latest_message="「微博」\n- - - - - - - - -" stop=false
time=2026-04-04T23:11:13.537+08:00 level=INFO msg=处理完成一个批次 latest_time="2026-04-04 12:28:08" latest_sender=我爱吃肠粉001 latest_message=不过就个人体会要是习 stop=false
time=2026-04-04T23:11:15.461+08:00 level=INFO msg=处理完成一个批次 latest_time="2026-04-04 12:05:59" latest_sender=干拌面过冷水 latest_message="我就喜欢跑5-10公里，\xe5\x86" stop=false
time=2026-04-04T23:11:17.406+08:00 level=INFO msg=处理完成一个批次 latest_time="2026-04-04 11:49:38" latest_sender=肥圆真君_WWW latest_message=「我微信里关于马拉松 stop=false
time=2026-04-04T23:11:19.279+08:00 level=INFO msg=处理完成一个批次 latest_time="2026-04-04 11:26:27" latest_sender=Aviator_hu latest_message=北京去年也严打了一阵 stop=false
time=2026-04-04T23:11:21.164+08:00 level=INFO msg=处理完成一个批次 latest_time="2026-04-04 11:04:34" latest_sender=七床技师 latest_message=不太会 stop=false
time=2026-04-04T23:11:22.975+08:00 level=INFO msg=处理完成一个批次 latest_time="2026-04-04 10:35:28" latest_sender=自由的西瓜L latest_message="没混淆 是有这个事，\xe6\x88" stop=false
time=2026-04-04T23:11:24.715+08:00 level=INFO msg=处理完成一个批次 latest_time="2026-04-04 10:16:23" latest_sender=tombkeeper latest_message=这个片段就是《功夫之 stop=false
time=2026-04-04T23:11:27.463+08:00 level=INFO msg=处理完成一个批次 latest_time="2026-04-04 09:55:20" latest_sender=茴字的1970种写法 latest_message=要是两个都救下来了， stop=false
time=2026-04-04T23:11:30.313+08:00 level=INFO msg=处理完成一个批次 latest_time="2026-04-04 09:14:09" latest_sender=下一个被泡泡带走的灵魂 latest_message=早 stop=false
time=2026-04-04T23:11:32.617+08:00 level=INFO msg=处理完成一个批次 latest_time="2026-04-04 08:22:02" latest_sender=SnowChou latest_message="「图片」\n- - - - - - - - -" stop=false
time=2026-04-04T23:11:49.363+08:00 level=WARN msg="通过响应监听下载 fid 失败，尝试回退到浏览器内 fetch" fid=5283817478946954 err="timeout:Timeout 15000.00ms exceeded."
time=2026-04-04T23:11:49.450+08:00 level=WARN msg="浏览器内 fetch 下载 fid 失败" fid=5283817478946954 url="https://upload.api.weibo.com/2/mss/msget?fid=5283817478946954&source=209678993&imageType=origin&ts=1775315509363" err="TypeError: Failed to fetch"
time=2026-04-04T23:11:49.493+08:00 level=WARN msg="浏览器内 fetch 下载 fid 失败" fid=5283817478946954 url="https://upload.api.weibo.com/2/mss/msget?fid=5283817478946954&touid=4761715839862414&ts=1775315509363" err="TypeError: Failed to fetch"
time=2026-04-04T23:11:49.586+08:00 level=WARN msg="浏览器内 fetch 下载 fid 失败" fid=5283817478946954 url="https://upload.api.weibo.com/2/mss/msget?fid=5283817478946954&source=209678993&touid=4761715839862414&imageType=origin&ts=1775315509363" err="TypeError: Failed to fetch"
time=2026-04-04T23:11:49.586+08:00 level=WARN msg="浏览器内 fid 下载全部失败，尝试直接 HTTP 下载" fid=5283817478946954 err="TypeError: Failed to fetch"
time=2026-04-04T23:11:49.809+08:00 level=INFO msg="fid 媒体已通过直接 HTTP 回退下载成功" fid=5283817478946954 path=/home/duty/weibo_cron/chat_media_downloads/img_5283817478946954_茧房日报260403.pdf
time=2026-04-04T23:11:49.810+08:00 level=INFO msg=处理完成一个批次 latest_time="2026-04-04 06:56:16" latest_sender=小鹿纯子买咸酸 latest_message=早 stop=false
time=2026-04-04T23:11:51.806+08:00 level=INFO msg=处理完成一个批次 latest_time="2026-04-04 00:40:46" latest_sender=微雨web latest_message=ios推送18.7.7了！ stop=false
time=2026-04-04T23:11:54.707+08:00 level=INFO msg=处理完成一个批次 latest_time="2026-04-03 23:44:23" latest_sender=小大饼 latest_message=还不如国产素人 stop=true
time=2026-04-04T23:11:54.727+08:00 level=INFO msg=群聊历史抓取完成 new_count=651 history_dir=/home/duty/weibo_cron/clean_history state_file=/home/duty/weibo_cron/group_chat_state.json
time=2026-04-04T23:12:10.442+08:00 level=INFO msg=群聊摘要推送完成 message_count=1
time=2026-04-05T23:10:03.391+08:00 level=INFO msg=群聊模式配置加载完成 config=config.groupchat.yaml
time=2026-04-05T23:10:06.674+08:00 level=INFO msg=打开微博群聊页面 url="https://api.weibo.com/chat/#/chat?check_gid=4761715839862414&source_from=11" user_data_dir=/home/duty/weibo_cron/weibo_user_data browser_channel=chrome
time=2026-04-05T23:10:07.684+08:00 level=INFO msg=如未登录，请在打开的浏览器中完成登录；程序正在等待群聊消息接口返回
time=2026-04-05T23:10:08.967+08:00 level=INFO msg=群聊页面已加载，开始抓取历史消息
time=2026-04-05T23:10:09.771+08:00 level=INFO msg=处理完成一个批次 latest_time="2026-04-05 22:38:31" latest_sender=铜冰鉴43228 latest_message=分享图片 stop=false
time=2026-04-05T23:10:10.008+08:00 level=INFO msg=处理完成一个批次 latest_time="2026-04-05 22:14:06" latest_sender=nkaifang latest_message="more effective C++" stop=false
time=2026-04-05T23:10:12.159+08:00 level=INFO msg=处理完成一个批次 latest_time="2026-04-05 21:21:16" latest_sender=closvz latest_message="「「@closvz:友友们  macmi" stop=false
time=2026-04-05T23:10:14.165+08:00 level=INFO msg=处理完成一个批次 latest_time="2026-04-05 20:28:48" latest_sender=快把大鹅炖进铁锅 latest_message="「微博」\n- - - - - - - - -" stop=false
time=2026-04-05T23:10:15.881+08:00 level=INFO msg=处理完成一个批次 latest_time="2026-04-05 19:05:30" latest_sender=花小生鱼 latest_message="俺没用过17。我手机停\xe7" stop=false
time=2026-04-05T23:10:19.083+08:00 level=INFO msg=处理完成一个批次 latest_time="2026-04-05 17:39:04" latest_sender=我爱吃肠粉001 latest_message="「微博」\n- - - - - - - - -" stop=false
time=2026-04-05T23:10:21.609+08:00 level=INFO msg=处理完成一个批次 latest_time="2026-04-05 16:08:13" latest_sender=修蒙的gentle latest_message="「微博」\n- - - - - - - - -" stop=false
time=2026-04-05T23:10:39.719+08:00 level=WARN msg="通过响应监听下载 fid 失败，尝试回退到浏览器内 fetch" fid=5284332622578600 err="timeout:Timeout 15000.00ms exceeded."
time=2026-04-05T23:10:39.781+08:00 level=WARN msg="浏览器内 fetch 下载 fid 失败" fid=5284332622578600 url="https://upload.api.weibo.com/2/mss/msget?fid=5284332622578600&source=209678993&imageType=origin&ts=1775401839719" err="TypeError: Failed to fetch"
time=2026-04-05T23:10:39.827+08:00 level=WARN msg="浏览器内 fetch 下载 fid 失败" fid=5284332622578600 url="https://upload.api.weibo.com/2/mss/msget?fid=5284332622578600&touid=4761715839862414&ts=1775401839719" err="TypeError: Failed to fetch"
time=2026-04-05T23:10:39.887+08:00 level=WARN msg="浏览器内 fetch 下载 fid 失败" fid=5284332622578600 url="https://upload.api.weibo.com/2/mss/msget?fid=5284332622578600&source=209678993&touid=4761715839862414&imageType=origin&ts=1775401839719" err="TypeError: Failed to fetch"
time=2026-04-05T23:10:39.887+08:00 level=WARN msg="浏览器内 fid 下载全部失败，尝试直接 HTTP 下载" fid=5284332622578600 err="TypeError: Failed to fetch"
time=2026-04-05T23:10:40.082+08:00 level=WARN msg="直接 HTTP 下载 fid 失败" fid=5284332622578600 url="https://upload.api.weibo.com/2/mss/msget?fid=5284332622578600&source=209678993&imageType=origin&ts=1775401839719" err="HTTP 400: {\"error\":\"illege file deleted,fid is 5284332622578600,resourceFid is 5284332613337175,uid is 6355013357\",\"error_code\":20367,\"request\":\"/2/mss/msget\",\"http_code\":400,\"request_id\":\"5055652887984632347\"}"
time=2026-04-05T23:10:40.119+08:00 level=WARN msg="直接 HTTP 下载 fid 失败" fid=5284332622578600 url="https://upload.api.weibo.com/2/mss/msget?fid=5284332622578600&touid=4761715839862414&ts=1775401839719" err="HTTP 400: {\"error\":\"auth failed!\",\"error_code\":20360,\"request\":\"/2/mss/msget\",\"http_code\":400,\"request_id\":\"5055658918119026874\"}"
time=2026-04-05T23:10:40.174+08:00 level=WARN msg="直接 HTTP 下载 fid 失败" fid=5284332622578600 url="https://upload.api.weibo.com/2/mss/msget?fid=5284332622578600&source=209678993&touid=4761715839862414&imageType=origin&ts=1775401839719" err="HTTP 400: {\"error\":\"illege file deleted,fid is 5284332622578600,resourceFid is 5284332613337175,uid is 6355013357\",\"error_code\":20367,\"request\":\"/2/mss/msget\",\"http_code\":400,\"request_id\":\"5059080048548757527\"}"
time=2026-04-05T23:10:40.175+08:00 level=ERROR msg="按 fid 下载媒体失败" fid=5284332622578600 err="HTTP 400: {\"error\":\"illege file deleted,fid is 5284332622578600,resourceFid is 5284332613337175,uid is 6355013357\",\"error_code\":20367,\"request\":\"/2/mss/msget\",\"http_code\":400,\"request_id\":\"5059080048548757527\"}"
time=2026-04-05T23:10:40.175+08:00 level=WARN msg=已保存媒体下载失败消息 path=/home/duty/weibo_cron/clean_history/failed_media_messages.jsonl message_id=5284332634899179 media_type=fid media_ref=5284332622578600
time=2026-04-05T23:10:42.711+08:00 level=INFO msg=处理完成一个批次 latest_time="2026-04-05 13:55:17" latest_sender=羽化的布偶 latest_message=脑子是个好东西 stop=false
time=2026-04-05T23:10:45.275+08:00 level=INFO msg=处理完成一个批次 latest_time="2026-04-05 13:00:21" latest_sender=铜冰鉴43228 latest_message=《黑鹰坠落》 stop=false
time=2026-04-05T23:10:46.938+08:00 level=INFO msg=处理完成一个批次 latest_time="2026-04-05 12:20:54" latest_sender=孟昭俊 latest_message=「拉黑都能吵起来，群 stop=false
time=2026-04-05T23:10:51.862+08:00 level=INFO msg=处理完成一个批次 latest_time="2026-04-05 11:55:42" latest_sender=3ric2hao latest_message=差太大了 stop=false
time=2026-04-05T23:10:53.877+08:00 level=INFO msg=处理完成一个批次 latest_time="2026-04-05 11:15:13" latest_sender=十月的米兰 latest_message=你刷一个视频，它就拼 stop=false
time=2026-04-05T23:10:57.029+08:00 level=INFO msg=处理完成一个批次 latest_time="2026-04-05 10:14:57" latest_sender=小大饼 latest_message=http://weibo.com/5789870272/Qz stop=false
time=2026-04-05T23:11:14.055+08:00 level=WARN msg="通过响应监听下载 fid 失败，尝试回退到浏览器内 fetch" fid=5284254978411553 err="timeout:Timeout 15000.00ms exceeded."
time=2026-04-05T23:11:14.139+08:00 level=WARN msg="浏览器内 fetch 下载 fid 失败" fid=5284254978411553 url="https://upload.api.weibo.com/2/mss/msget?fid=5284254978411553&source=209678993&imageType=origin&ts=1775401874055" err="TypeError: Failed to fetch"
time=2026-04-05T23:11:14.180+08:00 level=WARN msg="浏览器内 fetch 下载 fid 失败" fid=5284254978411553 url="https://upload.api.weibo.com/2/mss/msget?fid=5284254978411553&touid=4761715839862414&ts=1775401874055" err="TypeError: Failed to fetch"
time=2026-04-05T23:11:14.266+08:00 level=WARN msg="浏览器内 fetch 下载 fid 失败" fid=5284254978411553 url="https://upload.api.weibo.com/2/mss/msget?fid=5284254978411553&source=209678993&touid=4761715839862414&imageType=origin&ts=1775401874055" err="TypeError: Failed to fetch"
time=2026-04-05T23:11:14.266+08:00 level=WARN msg="浏览器内 fid 下载全部失败，尝试直接 HTTP 下载" fid=5284254978411553 err="TypeError: Failed to fetch"
time=2026-04-05T23:11:14.433+08:00 level=INFO msg="fid 媒体已通过直接 HTTP 回退下载成功" fid=5284254978411553 path=/home/duty/weibo_cron/chat_media_downloads/img_5284254978411553_茧房日报260404.pdf
time=2026-04-05T23:11:14.434+08:00 level=INFO msg=处理完成一个批次 latest_time="2026-04-05 08:32:22" latest_sender=亚奇奇洛贝 latest_message=朋友们，早上好 stop=false
time=2026-04-05T23:11:16.438+08:00 level=INFO msg=处理完成一个批次 latest_time="2026-04-05 07:22:43" latest_sender=冰火岛的曾阿牛 latest_message=但是呢，每个人都有言 stop=false
time=2026-04-05T23:11:18.089+08:00 level=INFO msg=处理完成一个批次 latest_time="2026-04-05 05:09:38" latest_sender=粉丝群 latest_message=恭喜小鹿纯子买咸酸今 stop=false
time=2026-04-05T23:11:21.553+08:00 level=INFO msg=处理完成一个批次 latest_time="2026-04-05 00:47:21" latest_sender=0x指纹 latest_message=如果别人问了问题，你 stop=false
time=2026-04-05T23:11:23.714+08:00 level=INFO msg=处理完成一个批次 latest_time="2026-04-04 23:45:45" latest_sender=铜冰鉴43228 latest_message=分享视频 stop=false
time=2026-04-05T23:11:25.447+08:00 level=INFO msg=处理完成一个批次 latest_time="2026-04-04 23:24:45" latest_sender=亲爱的L先森 latest_message=「好像是独山县的某任 stop=true
time=2026-04-05T23:11:25.459+08:00 level=INFO msg=群聊历史抓取完成 new_count=372 history_dir=/home/duty/weibo_cron/clean_history state_file=/home/duty/weibo_cron/group_chat_state.json
time=2026-04-05T23:11:25.689+08:00 level=INFO msg=群聊摘要推送完成 message_count=0
time=2026-04-06T23:10:03.239+08:00 level=INFO msg=群聊模式配置加载完成 config=config.groupchat.yaml
time=2026-04-06T23:10:06.540+08:00 level=INFO msg=打开微博群聊页面 url="https://api.weibo.com/chat/#/chat?check_gid=4761715839862414&source_from=11" user_data_dir=/home/duty/weibo_cron/weibo_user_data browser_channel=chrome
time=2026-04-06T23:10:07.410+08:00 level=INFO msg=如未登录，请在打开的浏览器中完成登录；程序正在等待群聊消息接口返回
time=2026-04-06T23:10:08.829+08:00 level=INFO msg=群聊页面已加载，开始抓取历史消息
time=2026-04-06T23:10:09.524+08:00 level=INFO msg=处理完成一个批次 latest_time="2026-04-06 23:04:34" latest_sender=Cain_nitelord latest_message=分享图片 stop=false
time=2026-04-06T23:10:11.858+08:00 level=INFO msg=处理完成一个批次 latest_time="2026-04-06 22:23:49" latest_sender=Jane王师傅 latest_message=还是很厉害的，深入腹 stop=false
time=2026-04-06T23:10:18.699+08:00 level=INFO msg=处理完成一个批次 latest_time="2026-04-06 22:00:32" latest_sender=茴字的1970种写法 latest_message=还是俄罗斯帮忙想的， stop=false
time=2026-04-06T23:10:21.418+08:00 level=INFO msg=处理完成一个批次 latest_time="2026-04-06 21:05:01" latest_sender=铜冰鉴43228 latest_message=分享图片 stop=false
time=2026-04-06T23:10:24.401+08:00 level=INFO msg=处理完成一个批次 latest_time="2026-04-06 19:28:15" latest_sender=小大饼 latest_message=突然想起来，我明年估 stop=false
time=2026-04-06T23:10:27.997+08:00 level=INFO msg=处理完成一个批次 latest_time="2026-04-06 17:12:50" latest_sender=黄健楸 latest_message="那个AI键盘怎么设计来\xe7" stop=false
time=2026-04-06T23:10:30.450+08:00 level=INFO msg=处理完成一个批次 latest_time="2026-04-06 16:24:41" latest_sender=拾人牙慧的复读机 latest_message="拾人牙慧的复读机 撤\xe5\x9b" stop=false
time=2026-04-06T23:10:33.015+08:00 level=INFO msg=处理完成一个批次 latest_time="2026-04-06 15:54:24" latest_sender=拾人牙慧的复读机 latest_message="你是不是做自媒体的[\xe7\x96" stop=false
time=2026-04-06T23:10:35.364+08:00 level=INFO msg=处理完成一个批次 latest_time="2026-04-06 15:28:44" latest_sender=拾人牙慧的复读机 latest_message=#ai演不出的家庭矛盾# stop=false
time=2026-04-06T23:10:44.004+08:00 level=INFO msg=处理完成一个批次 latest_time="2026-04-06 13:35:31" latest_sender=我还想吃饭 latest_message=#ai演不出的爱情# stop=false
time=2026-04-06T23:10:47.123+08:00 level=INFO msg=处理完成一个批次 latest_time="2026-04-06 12:41:10" latest_sender=冰火岛的曾阿牛 latest_message=http://weibo.com/2377356574/Qz stop=false
time=2026-04-06T23:10:50.270+08:00 level=INFO msg=处理完成一个批次 latest_time="2026-04-06 12:09:36" latest_sender=肥圆真君_WWW latest_message=[偷笑] stop=false
time=2026-04-06T23:10:53.898+08:00 level=INFO msg=处理完成一个批次 latest_time="2026-04-06 11:35:30" latest_sender=北角60度 latest_message=分享图片 stop=false
time=2026-04-06T23:10:57.150+08:00 level=INFO msg=处理完成一个批次 latest_time="2026-04-06 10:49:42" latest_sender=登的厉害 latest_message=分享图片 stop=false
time=2026-04-06T23:10:59.578+08:00 level=INFO msg=处理完成一个批次 latest_time="2026-04-06 09:56:02" latest_sender=复数枝桠 latest_message="太可爱[抱一抱]小猫懵\xe4" stop=false
time=2026-04-06T23:11:02.410+08:00 level=INFO msg=处理完成一个批次 latest_time="2026-04-06 09:39:29" latest_sender=冰火岛的曾阿牛 latest_message="「图片」\n- - - - - - - - -" stop=false
time=2026-04-06T23:11:19.350+08:00 level=WARN msg="通过响应监听下载 fid 失败，尝试回退到浏览器内 fetch" fid=5284618246816251 err="timeout:Timeout 15000.00ms exceeded."
time=2026-04-06T23:11:19.438+08:00 level=WARN msg="浏览器内 fetch 下载 fid 失败" fid=5284618246816251 url="https://upload.api.weibo.com/2/mss/msget?fid=5284618246816251&source=209678993&imageType=origin&ts=1775488279350" err="TypeError: Failed to fetch"
time=2026-04-06T23:11:19.477+08:00 level=WARN msg="浏览器内 fetch 下载 fid 失败" fid=5284618246816251 url="https://upload.api.weibo.com/2/mss/msget?fid=5284618246816251&touid=4761715839862414&ts=1775488279350" err="TypeError: Failed to fetch"
time=2026-04-06T23:11:19.585+08:00 level=WARN msg="浏览器内 fetch 下载 fid 失败" fid=5284618246816251 url="https://upload.api.weibo.com/2/mss/msget?fid=5284618246816251&source=209678993&touid=4761715839862414&imageType=origin&ts=1775488279350" err="TypeError: Failed to fetch"
time=2026-04-06T23:11:19.586+08:00 level=WARN msg="浏览器内 fid 下载全部失败，尝试直接 HTTP 下载" fid=5284618246816251 err="TypeError: Failed to fetch"
time=2026-04-06T23:11:19.894+08:00 level=INFO msg="fid 媒体已通过直接 HTTP 回退下载成功" fid=5284618246816251 path=/home/duty/weibo_cron/chat_media_downloads/img_5284618246816251_茧房日报260405.pdf
time=2026-04-06T23:11:20.231+08:00 level=INFO msg=处理完成一个批次 latest_time="2026-04-06 08:53:18" latest_sender=复数枝桠 latest_message=早 stop=false
time=2026-04-06T23:11:22.091+08:00 level=INFO msg=处理完成一个批次 latest_time="2026-04-06 07:30:25" latest_sender=SnowChou latest_message="「微博」\n- - - - - - - - -" stop=false
time=2026-04-06T23:11:40.922+08:00 level=WARN msg="通过响应监听下载 fid 失败，尝试回退到浏览器内 fetch" fid=5284485722541616 err="timeout:Timeout 15000.00ms exceeded."
time=2026-04-06T23:11:41.027+08:00 level=WARN msg="浏览器内 fetch 下载 fid 失败" fid=5284485722541616 url="https://upload.api.weibo.com/2/mss/msget?fid=5284485722541616&source=209678993&imageType=origin&ts=1775488300922" err="TypeError: Failed to fetch"
time=2026-04-06T23:11:41.089+08:00 level=WARN msg="浏览器内 fetch 下载 fid 失败" fid=5284485722541616 url="https://upload.api.weibo.com/2/mss/msget?fid=5284485722541616&touid=4761715839862414&ts=1775488300922" err="TypeError: Failed to fetch"
time=2026-04-06T23:11:41.334+08:00 level=WARN msg="浏览器内 fetch 下载 fid 失败" fid=5284485722541616 url="https://upload.api.weibo.com/2/mss/msget?fid=5284485722541616&source=209678993&touid=4761715839862414&imageType=origin&ts=1775488300922" err="TypeError: Failed to fetch"
time=2026-04-06T23:11:41.334+08:00 level=WARN msg="浏览器内 fid 下载全部失败，尝试直接 HTTP 下载" fid=5284485722541616 err="TypeError: Failed to fetch"
time=2026-04-06T23:11:41.709+08:00 level=INFO msg="fid 媒体已通过直接 HTTP 回退下载成功" fid=5284485722541616 path=/home/duty/weibo_cron/chat_media_downloads/img_5284485722541616_七日丝_260405.pdf
time=2026-04-06T23:11:41.709+08:00 level=INFO msg=处理完成一个批次 latest_time="2026-04-06 01:30:55" latest_sender=拾人牙慧的复读机 latest_message=分享视频 stop=true
time=2026-04-06T23:11:41.720+08:00 level=INFO msg=群聊历史抓取完成 new_count=376 history_dir=/home/duty/weibo_cron/clean_history state_file=/home/duty/weibo_cron/group_chat_state.json
time=2026-04-06T23:11:49.605+08:00 level=INFO msg=群聊摘要推送完成 message_count=1
time=2026-04-07T23:10:03.417+08:00 level=INFO msg=群聊模式配置加载完成 config=config.groupchat.yaml
time=2026-04-07T23:10:06.728+08:00 level=INFO msg=打开微博群聊页面 url="https://api.weibo.com/chat/#/chat?check_gid=4761715839862414&source_from=11" user_data_dir=/home/duty/weibo_cron/weibo_user_data browser_channel=chrome
time=2026-04-07T23:10:07.715+08:00 level=INFO msg=如未登录，请在打开的浏览器中完成登录；程序正在等待群聊消息接口返回
time=2026-04-07T23:40:47.981+08:00 level=INFO msg=群聊页面已加载，开始抓取历史消息
time=2026-04-07T23:40:48.928+08:00 level=INFO msg=处理完成一个批次 latest_time="2026-04-07 23:17:39" latest_sender=___RANI___ latest_message="「视频」\n- - - - - - - - -" stop=false
time=2026-04-07T23:40:50.263+08:00 level=INFO msg=处理完成一个批次 latest_time="2026-04-07 22:42:17" latest_sender=我还想吃饭 latest_message=分享视频 stop=false
time=2026-04-07T23:40:52.534+08:00 level=INFO msg=处理完成一个批次 latest_time="2026-04-07 22:29:56" latest_sender=十月的米兰 latest_message=分享图片 stop=false
time=2026-04-07T23:40:55.897+08:00 level=INFO msg=处理完成一个批次 latest_time="2026-04-07 21:51:29" latest_sender=我还想吃饭 latest_message=http://weibo.com/7998557741/Qz stop=false
time=2026-04-07T23:40:58.696+08:00 level=INFO msg=处理完成一个批次 latest_time="2026-04-07 21:20:09" latest_sender=粉丝群 latest_message=涉及资金问题请务必提 stop=false
time=2026-04-07T23:41:01.525+08:00 level=INFO msg=处理完成一个批次 latest_time="2026-04-07 20:41:28" latest_sender=茴字的1970种写法 latest_message=http://weibo.com/7948367302/Qz stop=false
time=2026-04-07T23:41:03.829+08:00 level=INFO msg=处理完成一个批次 latest_time="2026-04-07 20:02:55" latest_sender=germer_123 latest_message=千问这是朝某提供情绪 stop=false
time=2026-04-07T23:41:05.824+08:00 level=INFO msg=处理完成一个批次 latest_time="2026-04-07 19:27:58" latest_sender=铜冰鉴43228 latest_message=见一天少一天，大饼多 stop=false
time=2026-04-07T23:41:08.942+08:00 level=INFO msg=处理完成一个批次 latest_time="2026-04-07 19:05:08" latest_sender=我还想吃饭 latest_message=怀中[doge] stop=false
time=2026-04-07T23:41:11.622+08:00 level=INFO msg=处理完成一个批次 latest_time="2026-04-07 18:20:39" latest_sender=羽化的布偶 latest_message=与 stop=false
time=2026-04-07T23:41:21.858+08:00 level=INFO msg=处理完成一个批次 latest_time="2026-04-07 18:02:10" latest_sender=B3holder latest_message=「郑丽文当选的时候我 stop=false
time=2026-04-07T23:41:24.012+08:00 level=INFO msg=处理完成一个批次 latest_time="2026-04-07 17:14:19" latest_sender=一蓑烟雨任平生WB latest_message="「@出马炮仙儿:加湿器\xe8" stop=false
time=2026-04-07T23:41:25.719+08:00 level=INFO msg=处理完成一个批次 latest_time="2026-04-07 17:06:30" latest_sender=___Ray__ latest_message="「@一蓑烟雨任平生WB:\xe3\x80" stop=false
time=2026-04-07T23:41:27.531+08:00 level=INFO msg=处理完成一个批次 latest_time="2026-04-07 16:48:30" latest_sender=铜冰鉴43228 latest_message=分享图片 stop=false
time=2026-04-07T23:41:29.702+08:00 level=INFO msg=处理完成一个批次 latest_time="2026-04-07 16:34:22" latest_sender=一蓑烟雨任平生WB latest_message=我买的就这个 stop=false
time=2026-04-07T23:41:32.398+08:00 level=INFO msg=处理完成一个批次 latest_time="2026-04-07 15:06:23" latest_sender=我还想吃饭 latest_message=分享视频 stop=false
time=2026-04-07T23:41:36.528+08:00 level=INFO msg=处理完成一个批次 latest_time="2026-04-07 14:04:21" latest_sender=拱bot latest_message=分享图片 stop=false
time=2026-04-07T23:41:38.900+08:00 level=INFO msg=处理完成一个批次 latest_time="2026-04-07 13:27:47" latest_sender=摄摄摄摄摄魂怪 latest_message=美女一定不用拉屎吧 stop=false
time=2026-04-07T23:41:42.415+08:00 level=INFO msg=处理完成一个批次 latest_time="2026-04-07 12:20:58" latest_sender=在公车上吃花生酱的浣熊 latest_message=分享图片 stop=false
time=2026-04-07T23:41:44.726+08:00 level=INFO msg=处理完成一个批次 latest_time="2026-04-07 11:48:49" latest_sender=羽化的布偶 latest_message=听政委的话，做政委的 stop=false
time=2026-04-07T23:41:47.337+08:00 level=INFO msg=处理完成一个批次 latest_time="2026-04-07 11:26:29" latest_sender=铜冰鉴43228 latest_message=农村搞很合适啊，又有 stop=false
time=2026-04-07T23:41:49.587+08:00 level=INFO msg=处理完成一个批次 latest_time="2026-04-07 11:03:18" latest_sender=万物既渺小又伟大 latest_message=「麻豆的一般般，噗噗 stop=false
time=2026-04-07T23:41:51.528+08:00 level=INFO msg=处理完成一个批次 latest_time="2026-04-07 10:09:45" latest_sender=楼雨晴Lo latest_message="「「「「@冰火岛的曾\xe9\x98" stop=false
time=2026-04-07T23:41:53.291+08:00 level=INFO msg=处理完成一个批次 latest_time="2026-04-07 09:50:58" latest_sender=茴字的1970种写法 latest_message=http://t.cn/AXM70xkh stop=false
time=2026-04-07T23:41:55.395+08:00 level=INFO msg=处理完成一个批次 latest_time="2026-04-07 09:44:14" latest_sender=自由的西瓜L latest_message="自由的西瓜L 撤回了一\xe6" stop=false
time=2026-04-07T23:41:57.204+08:00 level=INFO msg=处理完成一个批次 latest_time="2026-04-07 09:31:11" latest_sender=四岚1883 latest_message=一具尸体能推翻整个故 stop=false
time=2026-04-07T23:41:58.987+08:00 level=INFO msg=处理完成一个批次 latest_time="2026-04-07 08:55:22" latest_sender=亲爱的L先森 latest_message="「微博」\n- - - - - - - - -" stop=false
time=2026-04-07T23:42:15.714+08:00 level=WARN msg="通过响应监听下载 fid 失败，尝试回退到浏览器内 fetch" fid=5284969426454275 err="timeout:Timeout 15000.00ms exceeded."
time=2026-04-07T23:42:15.797+08:00 level=WARN msg="浏览器内 fetch 下载 fid 失败" fid=5284969426454275 url="https://upload.api.weibo.com/2/mss/msget?fid=5284969426454275&source=209678993&imageType=origin&ts=1775576535714" err="TypeError: Failed to fetch"
time=2026-04-07T23:42:15.838+08:00 level=WARN msg="浏览器内 fetch 下载 fid 失败" fid=5284969426454275 url="https://upload.api.weibo.com/2/mss/msget?fid=5284969426454275&touid=4761715839862414&ts=1775576535714" err="TypeError: Failed to fetch"
time=2026-04-07T23:42:15.912+08:00 level=WARN msg="浏览器内 fetch 下载 fid 失败" fid=5284969426454275 url="https://upload.api.weibo.com/2/mss/msget?fid=5284969426454275&source=209678993&touid=4761715839862414&imageType=origin&ts=1775576535714" err="TypeError: Failed to fetch"
time=2026-04-07T23:42:15.912+08:00 level=WARN msg="浏览器内 fid 下载全部失败，尝试直接 HTTP 下载" fid=5284969426454275 err="TypeError: Failed to fetch"
time=2026-04-07T23:42:16.265+08:00 level=INFO msg="fid 媒体已通过直接 HTTP 回退下载成功" fid=5284969426454275 path=/home/duty/weibo_cron/chat_media_downloads/img_5284969426454275_茧房日报260406.pdf
time=2026-04-07T23:42:16.479+08:00 level=INFO msg=处理完成一个批次 latest_time="2026-04-07 07:56:32" latest_sender=今晚早睡叭 latest_message=早 stop=false
time=2026-04-07T23:42:18.139+08:00 level=INFO msg=处理完成一个批次 latest_time="2026-04-07 06:56:58" latest_sender=G_YBean latest_message=早 stop=false
time=2026-04-07T23:42:19.872+08:00 level=INFO msg=处理完成一个批次 latest_time="2026-04-06 23:29:17" latest_sender=孟昭俊 latest_message=[动画表情] stop=true
time=2026-04-07T23:42:19.892+08:00 level=INFO msg=群聊历史抓取完成 new_count=583 history_dir=/home/duty/weibo_cron/clean_history state_file=/home/duty/weibo_cron/group_chat_state.json
time=2026-04-07T23:42:39.009+08:00 level=INFO msg=群聊摘要推送完成 message_count=1
time=2026-04-08T23:10:03.448+08:00 level=INFO msg=群聊模式配置加载完成 config=config.groupchat.yaml
time=2026-04-08T23:10:06.760+08:00 level=INFO msg=打开微博群聊页面 url="https://api.weibo.com/chat/#/chat?check_gid=4761715839862414&source_from=11" user_data_dir=/home/duty/weibo_cron/weibo_user_data browser_channel=chrome
time=2026-04-08T23:10:07.760+08:00 level=INFO msg=如未登录，请在打开的浏览器中完成登录；程序正在等待群聊消息接口返回
time=2026-04-08T23:10:09.080+08:00 level=INFO msg=群聊页面已加载，开始抓取历史消息
time=2026-04-08T23:10:11.156+08:00 level=INFO msg=处理完成一个批次 latest_time="2026-04-08 23:05:11" latest_sender=达包咩 latest_message=12公里 stop=false
time=2026-04-08T23:10:11.566+08:00 level=INFO msg=处理完成一个批次 latest_time="2026-04-08 22:37:29" latest_sender=谢喜儿 latest_message=「「不仅如此，我还高 stop=false
time=2026-04-08T23:10:13.288+08:00 level=INFO msg=处理完成一个批次 latest_time="2026-04-08 22:20:42" latest_sender=梦星河200602 latest_message="「美股怎么学会A股了\xe3\x80" stop=false
time=2026-04-08T23:10:15.620+08:00 level=INFO msg=处理完成一个批次 latest_time="2026-04-08 21:42:41" latest_sender=SnowChou latest_message=这都没抢到，哎，手太 stop=false
time=2026-04-08T23:10:17.817+08:00 level=INFO msg=处理完成一个批次 latest_time="2026-04-08 21:00:23" latest_sender=我还想吃饭 latest_message=http://weibo.com/1745573472/Qz stop=false
time=2026-04-08T23:10:19.477+08:00 level=INFO msg=处理完成一个批次 latest_time="2026-04-08 20:08:20" latest_sender=周冫公奇缘_ latest_message=所以成为了你的同事， stop=false
time=2026-04-08T23:10:21.511+08:00 level=INFO msg=处理完成一个批次 latest_time="2026-04-08 19:50:02" latest_sender=雨石plus latest_message=「「标题我都想好了， stop=false
time=2026-04-08T23:10:23.449+08:00 level=INFO msg=处理完成一个批次 latest_time="2026-04-08 19:25:30" latest_sender=羽化的布偶 latest_message=没结婚的有房同学，婚 stop=false
time=2026-04-08T23:10:26.735+08:00 level=INFO msg=处理完成一个批次 latest_time="2026-04-08 19:00:47" latest_sender=我爱吃肠粉001 latest_message=我考了驾照后，刚开始 stop=false
time=2026-04-08T23:10:28.821+08:00 level=INFO msg=处理完成一个批次 latest_time="2026-04-08 18:53:08" latest_sender=肥圆真君_WWW latest_message=物理瓜，还是？ stop=false
time=2026-04-08T23:10:30.689+08:00 level=INFO msg=处理完成一个批次 latest_time="2026-04-08 18:23:09" latest_sender=骨德猫n latest_message=[doge] stop=false
time=2026-04-08T23:10:32.414+08:00 level=INFO msg=处理完成一个批次 latest_time="2026-04-08 18:16:37" latest_sender=梦星河200602 latest_message=http://weibo.com/6880136821/Qz stop=false
time=2026-04-08T23:10:34.086+08:00 level=INFO msg=处理完成一个批次 latest_time="2026-04-08 18:02:25" latest_sender=做么子啦 latest_message=昨天中石化加的8.5 stop=false
time=2026-04-08T23:10:35.788+08:00 level=INFO msg=处理完成一个批次 latest_time="2026-04-08 17:39:01" latest_sender=___Ray__ latest_message=涨价前加的油只剩1/4了 stop=false
time=2026-04-08T23:10:37.536+08:00 level=INFO msg=处理完成一个批次 latest_time="2026-04-08 17:27:46" latest_sender=用户6937199137 latest_message=这是什么迷魂汤，怎么 stop=false
time=2026-04-08T23:10:39.142+08:00 level=INFO msg=处理完成一个批次 latest_time="2026-04-08 17:15:09" latest_sender=古拉TE latest_message=你舍得掏钱？ stop=false
time=2026-04-08T23:10:40.813+08:00 level=INFO msg=处理完成一个批次 latest_time="2026-04-08 17:08:34" latest_sender=雨石plus latest_message=「朗子底线应该是政权 stop=false
time=2026-04-08T23:10:42.486+08:00 level=INFO msg=处理完成一个批次 latest_time="2026-04-08 16:58:55" latest_sender=蓦回溯光 latest_message=能谈好就有鬼了，一个 stop=false
time=2026-04-08T23:10:44.665+08:00 level=INFO msg=处理完成一个批次 latest_time="2026-04-08 16:42:16" latest_sender=茴字的1970种写法 latest_message=最多就是像人中黄那样 stop=false
time=2026-04-08T23:10:46.324+08:00 level=INFO msg=处理完成一个批次 latest_time="2026-04-08 16:32:58" latest_sender=我还想吃饭 latest_message=伊朗人做生意也挺没信 stop=false
time=2026-04-08T23:10:48.419+08:00 level=INFO msg=处理完成一个批次 latest_time="2026-04-08 16:26:08" latest_sender=茴字的1970种写法 latest_message=这个要点我看的很奇怪 stop=false
time=2026-04-08T23:10:50.160+08:00 level=INFO msg=处理完成一个批次 latest_time="2026-04-08 16:21:27" latest_sender=梦星河200602 latest_message=一赢各表 stop=false
time=2026-04-08T23:10:51.801+08:00 level=INFO msg=处理完成一个批次 latest_time="2026-04-08 15:54:03" latest_sender=茴字的1970种写法 latest_message=男排又不一样了，男排 stop=false
time=2026-04-08T23:10:53.586+08:00 level=INFO msg=处理完成一个批次 latest_time="2026-04-08 15:47:22" latest_sender=----Barbara latest_message=刘国梁儿子学的高尔夫 stop=false
time=2026-04-08T23:10:55.544+08:00 level=INFO msg=处理完成一个批次 latest_time="2026-04-08 15:20:28" latest_sender=铜冰鉴43228 latest_message=大饼天天又生又死的， stop=false
time=2026-04-08T23:10:57.452+08:00 level=INFO msg=处理完成一个批次 latest_time="2026-04-08 15:13:02" latest_sender=我爱吃肠粉001 latest_message=横批：好好安心上班 stop=false
time=2026-04-08T23:10:59.739+08:00 level=INFO msg=处理完成一个批次 latest_time="2026-04-08 15:04:45" latest_sender=CADgen的肉身 latest_message="我让grok去翻了一下时\xe9\x97" stop=false
time=2026-04-08T23:11:02.365+08:00 level=INFO msg=处理完成一个批次 latest_time="2026-04-08 14:26:13" latest_sender=羽化的布偶 latest_message=这里的“俊福”是啥？ stop=false
time=2026-04-08T23:11:06.066+08:00 level=INFO msg=处理完成一个批次 latest_time="2026-04-08 13:33:59" latest_sender=粉丝群 latest_message=涉及资金问题请务必提 stop=false
time=2026-04-08T23:11:09.367+08:00 level=INFO msg=处理完成一个批次 latest_time="2026-04-08 12:30:40" latest_sender=小鹿纯子买咸酸 latest_message=那是不是方老师还没睡 stop=false
time=2026-04-08T23:11:11.488+08:00 level=INFO msg=处理完成一个批次 latest_time="2026-04-08 12:04:54" latest_sender=FFFFVIP latest_message=分享图片 stop=false
time=2026-04-08T23:11:14.284+08:00 level=INFO msg=处理完成一个批次 latest_time="2026-04-08 11:41:04" latest_sender=雨石plus latest_message="类似 tiktok 之于抖音" stop=false
time=2026-04-08T23:11:18.587+08:00 level=INFO msg=处理完成一个批次 latest_time="2026-04-08 10:56:26" latest_sender=修蒙的gentle latest_message=「准备小号进群发色色 stop=false
time=2026-04-08T23:11:20.558+08:00 level=INFO msg=处理完成一个批次 latest_time="2026-04-08 10:22:34" latest_sender=亚奇奇洛贝 latest_message=猜是猜不准的[笑cry] stop=false
time=2026-04-08T23:11:22.875+08:00 level=INFO msg=处理完成一个批次 latest_time="2026-04-08 09:41:43" latest_sender=我爱吃肠粉001 latest_message=分享图片 stop=false
time=2026-04-08T23:11:25.217+08:00 level=INFO msg=处理完成一个批次 latest_time="2026-04-08 09:32:18" latest_sender=古拉TE latest_message=只有小饼天天挣钱 stop=false
time=2026-04-08T23:11:27.891+08:00 level=INFO msg=处理完成一个批次 latest_time="2026-04-08 09:18:27" latest_sender=亚奇奇洛贝 latest_message=「「@茴字的1970种写法: stop=false
time=2026-04-08T23:11:30.619+08:00 level=INFO msg=处理完成一个批次 latest_time="2026-04-08 08:59:24" latest_sender=出马炮仙儿 latest_message=🫡 stop=false
time=2026-04-08T23:11:32.358+08:00 level=INFO msg=处理完成一个批次 latest_time="2026-04-08 08:40:45" latest_sender=茴字的1970种写法 latest_message=这篇文章现在404了，但 stop=false
time=2026-04-08T23:11:49.395+08:00 level=WARN msg="通过响应监听下载 fid 失败，尝试回退到浏览器内 fetch" fid=5285334502867521 err="timeout:Timeout 15000.00ms exceeded."
time=2026-04-08T23:11:49.474+08:00 level=WARN msg="浏览器内 fetch 下载 fid 失败" fid=5285334502867521 url="https://upload.api.weibo.com/2/mss/msget?fid=5285334502867521&source=209678993&imageType=origin&ts=1775661109395" err="TypeError: Failed to fetch"
time=2026-04-08T23:11:49.514+08:00 level=WARN msg="浏览器内 fetch 下载 fid 失败" fid=5285334502867521 url="https://upload.api.weibo.com/2/mss/msget?fid=5285334502867521&touid=4761715839862414&ts=1775661109395" err="TypeError: Failed to fetch"
time=2026-04-08T23:11:49.590+08:00 level=WARN msg="浏览器内 fetch 下载 fid 失败" fid=5285334502867521 url="https://upload.api.weibo.com/2/mss/msget?fid=5285334502867521&source=209678993&touid=4761715839862414&imageType=origin&ts=1775661109395" err="TypeError: Failed to fetch"
time=2026-04-08T23:11:49.590+08:00 level=WARN msg="浏览器内 fid 下载全部失败，尝试直接 HTTP 下载" fid=5285334502867521 err="TypeError: Failed to fetch"
time=2026-04-08T23:11:49.885+08:00 level=INFO msg="fid 媒体已通过直接 HTTP 回退下载成功" fid=5285334502867521 path=/home/duty/weibo_cron/chat_media_downloads/img_5285334502867521_茧房日报260407.pdf
time=2026-04-08T23:11:49.885+08:00 level=INFO msg=处理完成一个批次 latest_time="2026-04-08 08:28:30" latest_sender=茴字的1970种写法 latest_message=如果人用嘴炮就让伊朗 stop=false
time=2026-04-08T23:11:51.762+08:00 level=INFO msg=处理完成一个批次 latest_time="2026-04-08 07:42:13" latest_sender=Drtudao latest_message=早 stop=false
time=2026-04-08T23:11:54.155+08:00 level=INFO msg=处理完成一个批次 latest_time="2026-04-08 07:07:34" latest_sender=同学没吃药吧 latest_message=[动画表情] stop=false
time=2026-04-08T23:11:56.000+08:00 level=INFO msg=处理完成一个批次 latest_time="2026-04-08 06:50:53" latest_sender=上浅兮若 latest_message=早 stop=false
time=2026-04-08T23:11:57.742+08:00 level=INFO msg=处理完成一个批次 latest_time="2026-04-07 23:59:25" latest_sender=拾人牙慧的复读机 latest_message=美国人也这么好面子吗 stop=true
time=2026-04-08T23:11:57.772+08:00 level=INFO msg=群聊历史抓取完成 new_count=863 history_dir=/home/duty/weibo_cron/clean_history state_file=/home/duty/weibo_cron/group_chat_state.json
time=2026-04-08T23:11:59.618+08:00 level=INFO msg=群聊摘要推送完成 message_count=1
time=2026-04-09T23:10:03.980+08:00 level=INFO msg=群聊模式配置加载完成 config=config.groupchat.yaml
time=2026-04-09T23:10:07.314+08:00 level=INFO msg=打开微博群聊页面 url="https://api.weibo.com/chat/#/chat?check_gid=4761715839862414&source_from=11" user_data_dir=/home/duty/weibo_cron/weibo_user_data browser_channel=chrome
time=2026-04-09T23:10:08.313+08:00 level=INFO msg=如未登录，请在打开的浏览器中完成登录；程序正在等待群聊消息接口返回
time=2026-04-09T23:10:09.626+08:00 level=INFO msg=群聊页面已加载，开始抓取历史消息
time=2026-04-09T23:10:10.251+08:00 level=INFO msg=处理完成一个批次 latest_time="2026-04-09 23:07:15" latest_sender=拾人牙慧的复读机 latest_message=这么看的话，外卖骑手 stop=false
time=2026-04-09T23:10:11.115+08:00 level=INFO msg=处理完成一个批次 latest_time="2026-04-09 22:27:03" latest_sender=同学没吃药吧 latest_message=[动画表情] stop=false
time=2026-04-09T23:10:17.118+08:00 level=INFO msg=处理完成一个批次 latest_time="2026-04-09 21:53:18" latest_sender=四岚1883 latest_message="MAG7现在分化的很厉害\xef\xbc" stop=false
time=2026-04-09T23:10:19.074+08:00 level=INFO msg=处理完成一个批次 latest_time="2026-04-09 21:17:38" latest_sender=茴字的1970种写法 latest_message=潘总难道要回来了吗？ stop=false
time=2026-04-09T23:10:20.775+08:00 level=INFO msg=处理完成一个批次 latest_time="2026-04-09 20:35:07" latest_sender=粉丝群 latest_message=涉及资金问题请务必提 stop=false
time=2026-04-09T23:10:22.975+08:00 level=INFO msg=处理完成一个批次 latest_time="2026-04-09 19:58:21" latest_sender=阿尼亚是安妮亞 latest_message=收到红包消息，请在手 stop=false
time=2026-04-09T23:10:24.916+08:00 level=INFO msg=处理完成一个批次 latest_time="2026-04-09 19:21:06" latest_sender=黄健楸 latest_message=http://t.cn/AXMy88XI stop=false
time=2026-04-09T23:10:27.415+08:00 level=INFO msg=处理完成一个批次 latest_time="2026-04-09 18:32:47" latest_sender=干拌面过冷水 latest_message=这不是金广发发明的吧 stop=false
time=2026-04-09T23:10:31.013+08:00 level=INFO msg=处理完成一个批次 latest_time="2026-04-09 18:08:10" latest_sender=羽化的布偶 latest_message=分享图片 stop=false
time=2026-04-09T23:10:32.974+08:00 level=INFO msg=处理完成一个批次 latest_time="2026-04-09 17:23:44" latest_sender=Hollyw00d latest_message=分享图片 stop=false
time=2026-04-09T23:10:34.703+08:00 level=INFO msg=处理完成一个批次 latest_time="2026-04-09 16:26:22" latest_sender=自由的西瓜L latest_message=误会了，这里说的是香 stop=false
time=2026-04-09T23:10:36.732+08:00 level=INFO msg=处理完成一个批次 latest_time="2026-04-09 15:41:33" latest_sender=Aviator_hu latest_message="「图片」\n- - - - - - - - -" stop=false
time=2026-04-09T23:10:38.407+08:00 level=INFO msg=处理完成一个批次 latest_time="2026-04-09 15:09:07" latest_sender=小大饼 latest_message=怎么群还是满员的，我 stop=false
time=2026-04-09T23:10:40.524+08:00 level=INFO msg=处理完成一个批次 latest_time="2026-04-09 14:46:57" latest_sender=我爱吃肠粉001 latest_message=「发言人不都是这样吗 stop=false
time=2026-04-09T23:10:44.197+08:00 level=INFO msg=处理完成一个批次 latest_time="2026-04-09 14:12:20" latest_sender=阿尼亚是安妮亞 latest_message=分享图片 stop=false
time=2026-04-09T23:10:47.340+08:00 level=INFO msg=处理完成一个批次 latest_time="2026-04-09 13:01:43" latest_sender=FFFFVIP latest_message=我理解是实战和poc的意 stop=false
time=2026-04-09T23:10:49.036+08:00 level=INFO msg=处理完成一个批次 latest_time="2026-04-09 12:14:44" latest_sender=Iris_0809 latest_message=「闺蜜群：啊啊啊啊啊 stop=false
time=2026-04-09T23:10:51.729+08:00 level=INFO msg=处理完成一个批次 latest_time="2026-04-09 12:08:38" latest_sender=Aviator_hu latest_message=http://weibo.com/7121642724/Qz stop=false
time=2026-04-09T23:10:53.556+08:00 level=INFO msg=处理完成一个批次 latest_time="2026-04-09 10:51:50" latest_sender=Hollyw00d latest_message=「喝酒之后完全睡不着 stop=false
time=2026-04-09T23:10:55.207+08:00 level=INFO msg=处理完成一个批次 latest_time="2026-04-09 10:01:00" latest_sender=小鹿纯子买咸酸 latest_message=是付费给饼老师，对吧 stop=false
time=2026-04-09T23:10:57.453+08:00 level=INFO msg=处理完成一个批次 latest_time="2026-04-09 09:40:56" latest_sender=阿尼亚是安妮亞 latest_message=是的 stop=false
time=2026-04-09T23:10:59.318+08:00 level=INFO msg=处理完成一个批次 latest_time="2026-04-09 09:28:34" latest_sender=茴字的1970种写法 latest_message=所以，即使有这样的ski stop=false
time=2026-04-09T23:11:01.601+08:00 level=INFO msg=处理完成一个批次 latest_time="2026-04-09 09:18:08" latest_sender=小鹿纯子买咸酸 latest_message=「啊啊啊啊啊啊原先喜 stop=false
time=2026-04-09T23:11:03.646+08:00 level=INFO msg=处理完成一个批次 latest_time="2026-04-09 08:53:51" latest_sender=冰火岛的曾阿牛 latest_message="「微博」\n- - - - - - - - -" stop=false
time=2026-04-09T23:11:05.322+08:00 level=INFO msg=处理完成一个批次 latest_time="2026-04-09 07:56:06" latest_sender=SnowChou latest_message=精密！ stop=false
time=2026-04-09T23:11:06.960+08:00 level=INFO msg=处理完成一个批次 latest_time="2026-04-09 07:06:35" latest_sender=ActionKnows- latest_message=早 stop=false
time=2026-04-09T23:11:23.759+08:00 level=WARN msg="通过响应监听下载 fid 失败，尝试回退到浏览器内 fetch" fid=5285630386897273 err="timeout:Timeout 15000.00ms exceeded."
time=2026-04-09T23:11:23.839+08:00 level=WARN msg="浏览器内 fetch 下载 fid 失败" fid=5285630386897273 url="https://upload.api.weibo.com/2/mss/msget?fid=5285630386897273&source=209678993&imageType=origin&ts=1775747483759" err="TypeError: Failed to fetch"
time=2026-04-09T23:11:23.885+08:00 level=WARN msg="浏览器内 fetch 下载 fid 失败" fid=5285630386897273 url="https://upload.api.weibo.com/2/mss/msget?fid=5285630386897273&touid=4761715839862414&ts=1775747483759" err="TypeError: Failed to fetch"
time=2026-04-09T23:11:23.961+08:00 level=WARN msg="浏览器内 fetch 下载 fid 失败" fid=5285630386897273 url="https://upload.api.weibo.com/2/mss/msget?fid=5285630386897273&source=209678993&touid=4761715839862414&imageType=origin&ts=1775747483759" err="TypeError: Failed to fetch"
time=2026-04-09T23:11:23.961+08:00 level=WARN msg="浏览器内 fid 下载全部失败，尝试直接 HTTP 下载" fid=5285630386897273 err="TypeError: Failed to fetch"
time=2026-04-09T23:11:24.321+08:00 level=INFO msg="fid 媒体已通过直接 HTTP 回退下载成功" fid=5285630386897273 path=/home/duty/weibo_cron/chat_media_downloads/img_5285630386897273_茧房日报260408.pdf
time=2026-04-09T23:11:24.321+08:00 level=INFO msg=处理完成一个批次 latest_time="2026-04-09 06:44:31" latest_sender=复数枝桠 latest_message=最近科研之外还出去做 stop=false
time=2026-04-09T23:11:26.841+08:00 level=INFO msg=处理完成一个批次 latest_time="2026-04-09 01:08:55" latest_sender=xelnaga瞭望塔 latest_message=讨厌应酬 stop=false
time=2026-04-09T23:11:29.293+08:00 level=INFO msg=处理完成一个批次 latest_time="2026-04-08 23:45:23" latest_sender=seekwind_ latest_message=分享图片 stop=false
time=2026-04-09T23:11:31.352+08:00 level=INFO msg=处理完成一个批次 latest_time="2026-04-08 23:17:08" latest_sender=我爱吃肠粉001 latest_message=这他都知道？[柯基] stop=true
time=2026-04-09T23:11:31.371+08:00 level=INFO msg=群聊历史抓取完成 new_count=588 history_dir=/home/duty/weibo_cron/clean_history state_file=/home/duty/weibo_cron/group_chat_state.json
time=2026-04-09T23:11:31.614+08:00 level=INFO msg=群聊摘要推送完成 message_count=0
time=2026-04-10T23:10:03.719+08:00 level=INFO msg=群聊模式配置加载完成 config=config.groupchat.yaml
time=2026-04-10T23:10:07.073+08:00 level=INFO msg=打开微博群聊页面 url="https://api.weibo.com/chat/#/chat?check_gid=4761715839862414&source_from=11" user_data_dir=/home/duty/weibo_cron/weibo_user_data browser_channel=chrome
time=2026-04-10T23:10:08.285+08:00 level=INFO msg=如未登录，请在打开的浏览器中完成登录；程序正在等待群聊消息接口返回
time=2026-04-11T23:10:03.480+08:00 level=INFO msg=群聊模式配置加载完成 config=config.groupchat.yaml
time=2026-04-11T23:10:05.771+08:00 level=ERROR msg=执行群聊抓取失败 err="启动 Playwright 持久化上下文失败: playwright: Failed to create a ProcessSingleton for your profile directory. This usually means that the profile is already in use by another instance of Chromium."
time=2026-04-12T23:10:03.196+08:00 level=INFO msg=群聊模式配置加载完成 config=config.groupchat.yaml
time=2026-04-12T23:10:06.592+08:00 level=INFO msg=打开微博群聊页面 url="https://api.weibo.com/chat/#/chat?check_gid=4761715839862414&source_from=11" user_data_dir=/home/duty/weibo_cron/weibo_user_data browser_channel=chrome
time=2026-04-12T23:10:07.578+08:00 level=INFO msg=如未登录，请在打开的浏览器中完成登录；程序正在等待群聊消息接口返回
time=2026-04-12T23:10:08.811+08:00 level=INFO msg=群聊页面已加载，开始抓取历史消息
time=2026-04-12T23:10:24.115+08:00 level=WARN msg="通过响应监听下载 fid 失败，尝试回退到浏览器内 fetch" fid=5287014866883430 err="timeout:Timeout 15000.00ms exceeded."
time=2026-04-12T23:10:24.216+08:00 level=WARN msg="浏览器内 fetch 下载 fid 失败" fid=5287014866883430 url="https://upload.api.weibo.com/2/mss/msget?fid=5287014866883430&source=209678993&imageType=origin&ts=1776006624116" err="TypeError: Failed to fetch"
time=2026-04-12T23:10:24.265+08:00 level=WARN msg="浏览器内 fetch 下载 fid 失败" fid=5287014866883430 url="https://upload.api.weibo.com/2/mss/msget?fid=5287014866883430&touid=4761715839862414&ts=1776006624116" err="TypeError: Failed to fetch"
time=2026-04-12T23:10:24.336+08:00 level=WARN msg="浏览器内 fetch 下载 fid 失败" fid=5287014866883430 url="https://upload.api.weibo.com/2/mss/msget?fid=5287014866883430&source=209678993&touid=4761715839862414&imageType=origin&ts=1776006624116" err="TypeError: Failed to fetch"
time=2026-04-12T23:10:24.336+08:00 level=WARN msg="浏览器内 fid 下载全部失败，尝试直接 HTTP 下载" fid=5287014866883430 err="TypeError: Failed to fetch"
time=2026-04-12T23:10:24.648+08:00 level=INFO msg="fid 媒体已通过直接 HTTP 回退下载成功" fid=5287014866883430 path=/home/duty/weibo_cron/chat_media_downloads/img_5287014866883430_【东吴宏观转载】2026年3月美国CPI.pdf
time=2026-04-12T23:10:24.648+08:00 level=INFO msg=处理完成一个批次 latest_time="2026-04-12 23:07:36" latest_sender=畅曰 latest_message="「图片」\n- - - - - - - - -" stop=false
time=2026-04-12T23:10:25.833+08:00 level=INFO msg=处理完成一个批次 latest_time="2026-04-12 22:49:33" latest_sender=四岚1883 latest_message="拖到经济衰退，11月中\xe6" stop=false
time=2026-04-12T23:10:27.462+08:00 level=INFO msg=处理完成一个批次 latest_time="2026-04-12 22:20:30" latest_sender=小大饼 latest_message=还好卖了 stop=false
time=2026-04-12T23:10:30.158+08:00 level=INFO msg=处理完成一个批次 latest_time="2026-04-12 21:54:47" latest_sender=冰火岛的曾阿牛 latest_message=一直不理解为什么会有 stop=false
time=2026-04-12T23:10:38.076+08:00 level=INFO msg=处理完成一个批次 latest_time="2026-04-12 21:34:34" latest_sender=摄摄摄摄摄魂怪 latest_message=如果用大饼输入法的话 stop=false
time=2026-04-12T23:10:39.965+08:00 level=INFO msg=处理完成一个批次 latest_time="2026-04-12 20:42:27" latest_sender=快把大鹅炖进铁锅 latest_message=没有蛋白质，肝脏细胞 stop=false
time=2026-04-12T23:10:44.725+08:00 level=INFO msg=处理完成一个批次 latest_time="2026-04-12 19:30:58" latest_sender=小大饼 latest_message=http://weibo.com/5506998232/QA stop=false
time=2026-04-12T23:10:48.934+08:00 level=INFO msg=处理完成一个批次 latest_time="2026-04-12 19:08:50" latest_sender=十月的米兰 latest_message=有段时间说朝鲜金快逝 stop=false
time=2026-04-12T23:10:50.621+08:00 level=INFO msg=处理完成一个批次 latest_time="2026-04-12 18:02:11" latest_sender=FFFFVIP latest_message="很重要的一点是 跟领\xe5\xaf" stop=true
time=2026-04-12T23:10:50.626+08:00 level=INFO msg=群聊历史抓取完成 new_count=172 history_dir=/home/duty/weibo_cron/clean_history state_file=/home/duty/weibo_cron/group_chat_state.json
time=2026-04-12T23:10:50.836+08:00 level=INFO msg=群聊摘要推送完成 message_count=0
time=2026-04-13T23:10:03.431+08:00 level=INFO msg=群聊模式配置加载完成 config=config.groupchat.yaml
time=2026-04-13T23:10:06.825+08:00 level=INFO msg=打开微博群聊页面 url="https://api.weibo.com/chat/#/chat?check_gid=4761715839862414&source_from=11" user_data_dir=/home/duty/weibo_cron/weibo_user_data browser_channel=chrome
time=2026-04-13T23:10:07.829+08:00 level=INFO msg=如未登录，请在打开的浏览器中完成登录；程序正在等待群聊消息接口返回
time=2026-04-13T23:10:09.078+08:00 level=INFO msg=群聊页面已加载，开始抓取历史消息
time=2026-04-13T23:10:09.910+08:00 level=INFO msg=处理完成一个批次 latest_time="2026-04-13 23:07:19" latest_sender=铜冰鉴43228 latest_message=人口问题的危机不在于 stop=false
time=2026-04-13T23:10:13.600+08:00 level=INFO msg=处理完成一个批次 latest_time="2026-04-13 22:25:29" latest_sender=我还想吃饭 latest_message=分享视频 stop=false
time=2026-04-13T23:10:17.047+08:00 level=INFO msg=处理完成一个批次 latest_time="2026-04-13 22:04:01" latest_sender=小大饼 latest_message="「图片」\n- - - - - - - - -" stop=false
time=2026-04-13T23:10:19.442+08:00 level=INFO msg=处理完成一个批次 latest_time="2026-04-13 21:45:28" latest_sender=自由的西瓜L latest_message=蓝领不错，周末水管坏 stop=false
time=2026-04-13T23:10:22.613+08:00 level=INFO msg=处理完成一个批次 latest_time="2026-04-13 21:40:48" latest_sender=拱bot latest_message=http://t.cn/AXMjqHXN stop=false
time=2026-04-13T23:10:25.354+08:00 level=INFO msg=处理完成一个批次 latest_time="2026-04-13 20:29:10" latest_sender=grapeyang latest_message=http://weibo.com/5688848952/Qz stop=false
time=2026-04-13T23:10:31.732+08:00 level=INFO msg=处理完成一个批次 latest_time="2026-04-13 19:28:07" latest_sender=雨石plus latest_message=http://weibo.com/1339897295/QA stop=false
time=2026-04-13T23:10:33.633+08:00 level=INFO msg=处理完成一个批次 latest_time="2026-04-13 18:44:49" latest_sender=____方格 latest_message=[doge][doge][doge] stop=false
time=2026-04-13T23:10:35.351+08:00 level=INFO msg=处理完成一个批次 latest_time="2026-04-13 18:28:25" latest_sender=春天小羚羊 latest_message=？这也有人教啊 stop=false
time=2026-04-13T23:10:37.316+08:00 level=INFO msg=处理完成一个批次 latest_time="2026-04-13 18:11:18" latest_sender=羽化的布偶 latest_message="「@蓦回溯光:我应该没\xe4" stop=false
time=2026-04-13T23:10:39.504+08:00 level=INFO msg=处理完成一个批次 latest_time="2026-04-13 18:04:17" latest_sender=拱bot latest_message=饼哥最近吃得好健康 stop=false
time=2026-04-13T23:10:41.232+08:00 level=INFO msg=处理完成一个批次 latest_time="2026-04-13 17:53:45" latest_sender=一团意大利面 latest_message=人生的选择太重要了 stop=false
time=2026-04-13T23:10:42.956+08:00 level=INFO msg=处理完成一个批次 latest_time="2026-04-13 17:43:52" latest_sender=铜冰鉴43228 latest_message=马斯克之前讨论过微信 stop=false
time=2026-04-13T23:10:44.956+08:00 level=INFO msg=处理完成一个批次 latest_time="2026-04-13 17:31:05" latest_sender=梦星河200602 latest_message="「微博」\n- - - - - - - - -" stop=false
time=2026-04-13T23:10:50.474+08:00 level=INFO msg=处理完成一个批次 latest_time="2026-04-13 16:14:45" latest_sender=----Barbara latest_message="「「微博」\n- - - - - - - " stop=false
time=2026-04-13T23:10:52.138+08:00 level=INFO msg=处理完成一个批次 latest_time="2026-04-13 15:21:47" latest_sender=楼雨晴Lo latest_message=[二哈] stop=false
time=2026-04-13T23:10:53.984+08:00 level=INFO msg=处理完成一个批次 latest_time="2026-04-13 14:29:11" latest_sender=梦星河200602 latest_message="「「图片」\n- - - - - - - " stop=false
time=2026-04-13T23:10:57.340+08:00 level=INFO msg=处理完成一个批次 latest_time="2026-04-13 13:59:02" latest_sender=自由的西瓜L latest_message=http://weibo.com/7157326178/QA stop=false
time=2026-04-13T23:10:59.608+08:00 level=INFO msg=处理完成一个批次 latest_time="2026-04-13 13:50:06" latest_sender=我爱吃肠粉001 latest_message=电鸡是该好好治理下， stop=false
time=2026-04-13T23:11:02.484+08:00 level=INFO msg=处理完成一个批次 latest_time="2026-04-13 13:15:31" latest_sender=FFFFVIP latest_message=http://weibo.com/3449611820/Qy stop=false
time=2026-04-13T23:11:04.580+08:00 level=INFO msg=处理完成一个批次 latest_time="2026-04-13 12:43:31" latest_sender=小大饼 latest_message=http://t.cn/AXMOzJK1 stop=false
time=2026-04-13T23:11:06.271+08:00 level=INFO msg=处理完成一个批次 latest_time="2026-04-13 12:17:54" latest_sender=春天小羚羊 latest_message=这是个梗[流鼻血] stop=false
time=2026-04-13T23:11:08.295+08:00 level=INFO msg=处理完成一个批次 latest_time="2026-04-13 12:08:15" latest_sender=七床技师 latest_message=http://weibo.com/5386924056/QA stop=false
time=2026-04-13T23:11:10.108+08:00 level=INFO msg=处理完成一个批次 latest_time="2026-04-13 11:57:41" latest_sender=我爱吃肠粉001 latest_message=看着就有点恐怖 stop=false
time=2026-04-13T23:11:12.284+08:00 level=INFO msg=处理完成一个批次 latest_time="2026-04-13 11:20:34" latest_sender=粉丝群 latest_message="恭喜 你床前明月光 升\xe7" stop=false
time=2026-04-13T23:11:15.281+08:00 level=INFO msg=处理完成一个批次 latest_time="2026-04-13 10:31:47" latest_sender=羽化的布偶 latest_message=借用网络攻防思维，先 stop=false
time=2026-04-13T23:11:17.342+08:00 level=INFO msg=处理完成一个批次 latest_time="2026-04-13 10:12:38" latest_sender=修蒙的gentle latest_message=「「「我倒是觉得这人 stop=false
time=2026-04-13T23:11:19.244+08:00 level=INFO msg=处理完成一个批次 latest_time="2026-04-13 09:50:19" latest_sender=自由的西瓜L latest_message=不管这次战争结果怎么 stop=false
time=2026-04-13T23:11:21.383+08:00 level=INFO msg=处理完成一个批次 latest_time="2026-04-13 09:34:29" latest_sender=小大饼 latest_message=分享图片 stop=false
time=2026-04-13T23:11:38.147+08:00 level=WARN msg="通过响应监听下载 fid 失败，尝试回退到浏览器内 fetch" fid=5287145176827084 err="timeout:Timeout 15000.00ms exceeded."
time=2026-04-13T23:11:38.229+08:00 level=WARN msg="浏览器内 fetch 下载 fid 失败" fid=5287145176827084 url="https://upload.api.weibo.com/2/mss/msget?fid=5287145176827084&source=209678993&imageType=origin&ts=1776093098148" err="TypeError: Failed to fetch"
time=2026-04-13T23:11:38.280+08:00 level=WARN msg="浏览器内 fetch 下载 fid 失败" fid=5287145176827084 url="https://upload.api.weibo.com/2/mss/msget?fid=5287145176827084&touid=4761715839862414&ts=1776093098148" err="TypeError: Failed to fetch"
time=2026-04-13T23:11:38.343+08:00 level=WARN msg="浏览器内 fetch 下载 fid 失败" fid=5287145176827084 url="https://upload.api.weibo.com/2/mss/msget?fid=5287145176827084&source=209678993&touid=4761715839862414&imageType=origin&ts=1776093098148" err="TypeError: Failed to fetch"
time=2026-04-13T23:11:38.343+08:00 level=WARN msg="浏览器内 fid 下载全部失败，尝试直接 HTTP 下载" fid=5287145176827084 err="TypeError: Failed to fetch"
time=2026-04-13T23:11:38.690+08:00 level=INFO msg="fid 媒体已通过直接 HTTP 回退下载成功" fid=5287145176827084 path=/home/duty/weibo_cron/chat_media_downloads/img_5287145176827084_茧房日报260412.pdf
time=2026-04-13T23:11:38.690+08:00 level=INFO msg=处理完成一个批次 latest_time="2026-04-13 08:30:27" latest_sender=iiiilic latest_message=早 stop=false
time=2026-04-13T23:11:41.174+08:00 level=INFO msg=处理完成一个批次 latest_time="2026-04-13 07:23:30" latest_sender=特怕麻烦 latest_message=早 stop=false
time=2026-04-13T23:11:43.021+08:00 level=INFO msg=处理完成一个批次 latest_time="2026-04-13 01:07:15" latest_sender=我还想吃饭 latest_message=分享图片 stop=false
time=2026-04-13T23:11:44.733+08:00 level=INFO msg=处理完成一个批次 latest_time="2026-04-13 00:33:33" latest_sender=茴字的1970种写法 latest_message=大饼只怕没有沟 stop=false
time=2026-04-13T23:12:01.830+08:00 level=WARN msg="通过响应监听下载 fid 失败，尝试回退到浏览器内 fetch" fid=5287022464076638 err="timeout:Timeout 15000.00ms exceeded."
time=2026-04-13T23:12:01.977+08:00 level=WARN msg="浏览器内 fetch 下载 fid 失败" fid=5287022464076638 url="https://upload.api.weibo.com/2/mss/msget?fid=5287022464076638&source=209678993&imageType=origin&ts=1776093121830" err="TypeError: Failed to fetch"
time=2026-04-13T23:12:02.025+08:00 level=WARN msg="浏览器内 fetch 下载 fid 失败" fid=5287022464076638 url="https://upload.api.weibo.com/2/mss/msget?fid=5287022464076638&touid=4761715839862414&ts=1776093121830" err="TypeError: Failed to fetch"
time=2026-04-13T23:12:02.167+08:00 level=WARN msg="浏览器内 fetch 下载 fid 失败" fid=5287022464076638 url="https://upload.api.weibo.com/2/mss/msget?fid=5287022464076638&source=209678993&touid=4761715839862414&imageType=origin&ts=1776093121830" err="TypeError: Failed to fetch"
time=2026-04-13T23:12:02.168+08:00 level=WARN msg="浏览器内 fid 下载全部失败，尝试直接 HTTP 下载" fid=5287022464076638 err="TypeError: Failed to fetch"
time=2026-04-13T23:12:02.354+08:00 level=INFO msg="fid 媒体已通过直接 HTTP 回退下载成功" fid=5287022464076638 path=/home/duty/weibo_cron/chat_media_downloads/img_5287022464076638_七日丝_260412.pdf
time=2026-04-13T23:12:02.355+08:00 level=INFO msg=处理完成一个批次 latest_time="2026-04-12 23:54:49" latest_sender=seekwind_ latest_message=木鱼水心的这期读书视 stop=false
time=2026-04-13T23:12:04.103+08:00 level=INFO msg=处理完成一个批次 latest_time="2026-04-12 23:07:36" latest_sender=畅曰 latest_message="「图片」\n- - - - - - - - -" stop=true
time=2026-04-13T23:12:04.130+08:00 level=INFO msg=群聊历史抓取完成 new_count=680 history_dir=/home/duty/weibo_cron/clean_history state_file=/home/duty/weibo_cron/group_chat_state.json
time=2026-04-13T23:12:11.926+08:00 level=INFO msg=群聊摘要推送完成 message_count=1
time=2026-04-14T23:10:03.084+08:00 level=INFO msg=群聊模式配置加载完成 config=config.groupchat.yaml
time=2026-04-14T23:10:06.442+08:00 level=INFO msg=打开微博群聊页面 url="https://api.weibo.com/chat/#/chat?check_gid=4761715839862414&source_from=11" user_data_dir=/home/duty/weibo_cron/weibo_user_data browser_channel=chrome
time=2026-04-14T23:10:07.531+08:00 level=INFO msg=如未登录，请在打开的浏览器中完成登录；程序正在等待群聊消息接口返回
time=2026-04-14T23:10:08.809+08:00 level=INFO msg=群聊页面已加载，开始抓取历史消息
time=2026-04-14T23:10:08.941+08:00 level=INFO msg=处理完成一个批次 latest_time="2026-04-14 23:07:27" latest_sender=Iris_0809 latest_message=http://weibo.com/1689583854/QA stop=false
time=2026-04-14T23:10:09.844+08:00 level=INFO msg=处理完成一个批次 latest_time="2026-04-14 22:35:15" latest_sender=拾人牙慧的复读机 latest_message=分享图片 stop=false
time=2026-04-14T23:10:11.945+08:00 level=INFO msg=处理完成一个批次 latest_time="2026-04-14 21:51:40" latest_sender=拾人牙慧的复读机 latest_message=竟然一个君子都没有？ stop=false
time=2026-04-14T23:10:13.600+08:00 level=INFO msg=处理完成一个批次 latest_time="2026-04-14 21:12:37" latest_sender=古拉TE latest_message=是啊 stop=false
time=2026-04-14T23:10:17.279+08:00 level=INFO msg=处理完成一个批次 latest_time="2026-04-14 20:59:46" latest_sender=干拌面过冷水 latest_message=仰卧起坐这个不太懂 stop=false
time=2026-04-14T23:10:21.421+08:00 level=INFO msg=处理完成一个批次 latest_time="2026-04-14 20:32:22" latest_sender=拾人牙慧的复读机 latest_message=你这个还是差了一点 stop=false
time=2026-04-14T23:10:25.152+08:00 level=INFO msg=处理完成一个批次 latest_time="2026-04-14 19:37:14" latest_sender=拾人牙慧的复读机 latest_message="「「图片」\n- - - - - - - " stop=false
time=2026-04-14T23:10:27.689+08:00 level=INFO msg=处理完成一个批次 latest_time="2026-04-14 19:09:00" latest_sender=达芬奇喝冰水 latest_message=分享图片 stop=false
time=2026-04-14T23:10:29.428+08:00 level=INFO msg=处理完成一个批次 latest_time="2026-04-14 18:35:43" latest_sender=黄健楸 latest_message=上海不清楚 stop=false
time=2026-04-14T23:10:31.417+08:00 level=INFO msg=处理完成一个批次 latest_time="2026-04-14 18:19:17" latest_sender=肥圆真君_WWW latest_message="「图片」\n- - - - - - - - -" stop=false
time=2026-04-14T23:10:33.075+08:00 level=INFO msg=处理完成一个批次 latest_time="2026-04-14 18:06:22" latest_sender=蓦回溯光 latest_message=我出差的时候，经常憋 stop=false
time=2026-04-14T23:10:35.248+08:00 level=INFO msg=处理完成一个批次 latest_time="2026-04-14 17:55:15" latest_sender=自由的西瓜L latest_message=什么都涨价，只有猪大 stop=false
time=2026-04-14T23:10:37.319+08:00 level=INFO msg=处理完成一个批次 latest_time="2026-04-14 17:30:28" latest_sender=我就是红红啊 latest_message=后来涨了很多 stop=false
time=2026-04-14T23:10:38.974+08:00 level=INFO msg=处理完成一个批次 latest_time="2026-04-14 17:03:29" latest_sender=用户6937199137 latest_message=过滤信息比接受信息更 stop=false
time=2026-04-14T23:10:40.900+08:00 level=INFO msg=处理完成一个批次 latest_time="2026-04-14 16:16:28" latest_sender=亲爱的L先森 latest_message="2T存储单打游戏或单运\xe8" stop=false
time=2026-04-14T23:10:43.125+08:00 level=INFO msg=处理完成一个批次 latest_time="2026-04-14 15:56:30" latest_sender=我还想吃饭 latest_message=撒人民币会不会犯法 stop=false
time=2026-04-14T23:10:44.809+08:00 level=INFO msg=处理完成一个批次 latest_time="2026-04-14 15:28:39" latest_sender=Aurora白White-little-hajimi latest_message=[动画表情] stop=false
time=2026-04-14T23:10:46.618+08:00 level=INFO msg=处理完成一个批次 latest_time="2026-04-14 15:10:58" latest_sender=Aurora白White-little-hajimi latest_message=「「有个人一言不发又 stop=false
time=2026-04-14T23:10:48.271+08:00 level=INFO msg=处理完成一个批次 latest_time="2026-04-14 14:57:11" latest_sender=楼雨晴Lo latest_message=你买了创业板也可以躺 stop=false
time=2026-04-14T23:10:50.242+08:00 level=INFO msg=处理完成一个批次 latest_time="2026-04-14 14:34:24" latest_sender=Aviator_hu latest_message=“人人都可以开发游戏 stop=false
time=2026-04-14T23:10:53.008+08:00 level=INFO msg=处理完成一个批次 latest_time="2026-04-14 13:51:22" latest_sender=梦星河200602 latest_message=分享图片 stop=false
time=2026-04-14T23:10:55.613+08:00 level=INFO msg=处理完成一个批次 latest_time="2026-04-14 12:53:39" latest_sender=FFFFVIP latest_message="「微博」\n- - - - - - - - -" stop=false
time=2026-04-14T23:11:00.446+08:00 level=INFO msg=处理完成一个批次 latest_time="2026-04-14 12:28:33" latest_sender=我还想吃饭 latest_message=分享视频 stop=false
time=2026-04-14T23:11:02.165+08:00 level=INFO msg=处理完成一个批次 latest_time="2026-04-14 12:15:32" latest_sender=我还想吃饭 latest_message=隋炀帝算不算被内部清 stop=false
time=2026-04-14T23:11:04.471+08:00 level=INFO msg=处理完成一个批次 latest_time="2026-04-14 11:57:40" latest_sender=粉丝群 latest_message="恭喜 何也五文 升级至L" stop=false
time=2026-04-14T23:11:07.286+08:00 level=INFO msg=处理完成一个批次 latest_time="2026-04-14 11:40:40" latest_sender=梦星河200602 latest_message=等两礼拜，美军有三台 stop=false
time=2026-04-14T23:11:09.773+08:00 level=INFO msg=处理完成一个批次 latest_time="2026-04-14 10:56:56" latest_sender=Bsidnifiend latest_message="「「马上标普又要 7000 " stop=false
time=2026-04-14T23:11:11.855+08:00 level=INFO msg=处理完成一个批次 latest_time="2026-04-14 09:44:33" latest_sender=Aurora白White-little-hajimi latest_message=奶香不是假的 stop=false
time=2026-04-14T23:11:13.658+08:00 level=INFO msg=处理完成一个批次 latest_time="2026-04-14 08:30:04" latest_sender=金陵琥珀雪 latest_message=早ﾉ[/ee818a.png] stop=false
time=2026-04-14T23:11:30.405+08:00 level=WARN msg="通过响应监听下载 fid 失败，尝试回退到浏览器内 fetch" fid=5287507734560818 err="timeout:Timeout 15000.00ms exceeded."
time=2026-04-14T23:11:30.484+08:00 level=WARN msg="浏览器内 fetch 下载 fid 失败" fid=5287507734560818 url="https://upload.api.weibo.com/2/mss/msget?fid=5287507734560818&source=209678993&imageType=origin&ts=1776179490405" err="TypeError: Failed to fetch"
time=2026-04-14T23:11:30.526+08:00 level=WARN msg="浏览器内 fetch 下载 fid 失败" fid=5287507734560818 url="https://upload.api.weibo.com/2/mss/msget?fid=5287507734560818&touid=4761715839862414&ts=1776179490405" err="TypeError: Failed to fetch"
time=2026-04-14T23:11:30.618+08:00 level=WARN msg="浏览器内 fetch 下载 fid 失败" fid=5287507734560818 url="https://upload.api.weibo.com/2/mss/msget?fid=5287507734560818&source=209678993&touid=4761715839862414&imageType=origin&ts=1776179490405" err="TypeError: Failed to fetch"
time=2026-04-14T23:11:30.618+08:00 level=WARN msg="浏览器内 fid 下载全部失败，尝试直接 HTTP 下载" fid=5287507734560818 err="TypeError: Failed to fetch"
time=2026-04-14T23:11:30.967+08:00 level=INFO msg="fid 媒体已通过直接 HTTP 回退下载成功" fid=5287507734560818 path=/home/duty/weibo_cron/chat_media_downloads/img_5287507734560818_茧房日报260413.pdf
time=2026-04-14T23:11:30.968+08:00 level=INFO msg=处理完成一个批次 latest_time="2026-04-14 07:40:25" latest_sender=夏天的第一口冰阔乐 latest_message=早 stop=false
time=2026-04-14T23:11:32.715+08:00 level=INFO msg=处理完成一个批次 latest_time="2026-04-14 06:54:14" latest_sender=小李呀888 latest_message=早 stop=false
time=2026-04-14T23:11:34.672+08:00 level=INFO msg=处理完成一个批次 latest_time="2026-04-14 00:02:01" latest_sender=我爱吃肠粉001 latest_message=[悲伤] stop=false
time=2026-04-14T23:11:36.672+08:00 level=INFO msg=处理完成一个批次 latest_time="2026-04-13 23:32:41" latest_sender=o0李筱楼0o latest_message=[动画表情] stop=true
time=2026-04-14T23:11:36.695+08:00 level=INFO msg=群聊历史抓取完成 new_count=651 history_dir=/home/duty/weibo_cron/clean_history state_file=/home/duty/weibo_cron/group_chat_state.json
time=2026-04-14T23:11:39.372+08:00 level=INFO msg=群聊摘要推送完成 message_count=1
time=2026-04-15T23:10:03.175+08:00 level=INFO msg=群聊模式配置加载完成 config=config.groupchat.yaml
time=2026-04-15T23:10:06.567+08:00 level=INFO msg=打开微博群聊页面 url="https://api.weibo.com/chat/#/chat?check_gid=4761715839862414&source_from=11" user_data_dir=/home/duty/weibo_cron/weibo_user_data browser_channel=chrome
time=2026-04-15T23:10:07.624+08:00 level=INFO msg=如未登录，请在打开的浏览器中完成登录；程序正在等待群聊消息接口返回
time=2026-04-15T23:10:08.800+08:00 level=INFO msg=群聊页面已加载，开始抓取历史消息
time=2026-04-15T23:10:08.931+08:00 level=INFO msg=处理完成一个批次 latest_time="2026-04-15 23:08:45" latest_sender=茴字的1970种写法 latest_message=我就想既试试小麦米也 stop=false
time=2026-04-15T23:10:10.741+08:00 level=INFO msg=处理完成一个批次 latest_time="2026-04-15 22:29:17" latest_sender=grapeyang latest_message="「图片」\n- - - - - - - - -" stop=false
time=2026-04-15T23:10:12.461+08:00 level=INFO msg=处理完成一个批次 latest_time="2026-04-15 21:17:53" latest_sender=北角60度 latest_message=董先生的座位跟后面的 stop=false
time=2026-04-15T23:10:17.039+08:00 level=INFO msg=处理完成一个批次 latest_time="2026-04-15 21:05:47" latest_sender=十月的米兰 latest_message=他真的写公文信手拈来 stop=false
time=2026-04-15T23:10:19.911+08:00 level=INFO msg=处理完成一个批次 latest_time="2026-04-15 20:41:52" latest_sender=___RANI___ latest_message=「管他这个那个的，跌 stop=false
time=2026-04-15T23:10:22.969+08:00 level=INFO msg=处理完成一个批次 latest_time="2026-04-15 20:12:22" latest_sender=春天小羚羊 latest_message=查了一下，说是省部级 stop=false
time=2026-04-15T23:10:25.152+08:00 level=INFO msg=处理完成一个批次 latest_time="2026-04-15 19:28:54" latest_sender=黄健楸 latest_message="大伙有看到Tencent HYWorld" stop=false
time=2026-04-15T23:10:26.866+08:00 level=INFO msg=处理完成一个批次 latest_time="2026-04-15 18:30:06" latest_sender=铜冰鉴43228 latest_message="「到底是孙宇啥？」\n- " stop=false
time=2026-04-15T23:10:29.916+08:00 level=INFO msg=处理完成一个批次 latest_time="2026-04-15 18:13:46" latest_sender=茴字的1970种写法 latest_message="我怀疑清月开始用 AI \xe8\xbf" stop=false
time=2026-04-15T23:10:32.197+08:00 level=INFO msg=处理完成一个批次 latest_time="2026-04-15 17:57:12" latest_sender=梦星河200602 latest_message=分享图片 stop=false
time=2026-04-15T23:10:33.864+08:00 level=INFO msg=处理完成一个批次 latest_time="2026-04-15 17:37:11" latest_sender=茴字的1970种写法 latest_message=你之前是不是固定一个 stop=false
time=2026-04-15T23:10:35.683+08:00 level=INFO msg=处理完成一个批次 latest_time="2026-04-15 17:26:59" latest_sender=茴字的1970种写法 latest_message=上午最后一堂课和下午 stop=false
time=2026-04-15T23:10:37.574+08:00 level=INFO msg=处理完成一个批次 latest_time="2026-04-15 17:16:04" latest_sender=一团意大利面 latest_message=麦当劳相对要贵一些吗 stop=false
time=2026-04-15T23:10:40.045+08:00 level=INFO msg=处理完成一个批次 latest_time="2026-04-15 16:53:07" latest_sender=Aviator_hu latest_message=http://weibo.com/1482739370/QA stop=false
time=2026-04-15T23:10:41.754+08:00 level=INFO msg=处理完成一个批次 latest_time="2026-04-15 16:19:19" latest_sender=小朋超爱哈密瓜 latest_message=「肯德基旗下有个轻食 stop=false
time=2026-04-15T23:10:43.989+08:00 level=INFO msg=处理完成一个批次 latest_time="2026-04-15 15:38:51" latest_sender=非正经程序员 latest_message=谢谢，领到了，我试试 stop=false
time=2026-04-15T23:10:45.972+08:00 level=INFO msg=处理完成一个批次 latest_time="2026-04-15 15:26:10" latest_sender=我爱吃肠粉001 latest_message=感觉我那个glm账号可以 stop=false
time=2026-04-15T23:10:47.852+08:00 level=INFO msg=处理完成一个批次 latest_time="2026-04-15 15:12:23" latest_sender=古拉TE latest_message=非喝不可？ stop=false
time=2026-04-15T23:11:04.632+08:00 level=WARN msg="通过响应监听下载 fid 失败，尝试回退到浏览器内 fetch" fid=5287978083552183 err="timeout:Timeout 15000.00ms exceeded."
time=2026-04-15T23:11:04.689+08:00 level=WARN msg="浏览器内 fetch 下载 fid 失败" fid=5287978083552183 url="https://upload.api.weibo.com/2/mss/msget?fid=5287978083552183&source=209678993&imageType=origin&ts=1776265864632" err="TypeError: Failed to fetch"
time=2026-04-15T23:11:04.772+08:00 level=WARN msg="浏览器内 fetch 下载 fid 失败" fid=5287978083552183 url="https://upload.api.weibo.com/2/mss/msget?fid=5287978083552183&touid=4761715839862414&ts=1776265864632" err="TypeError: Failed to fetch"
time=2026-04-15T23:11:04.938+08:00 level=WARN msg="浏览器内 fetch 下载 fid 失败" fid=5287978083552183 url="https://upload.api.weibo.com/2/mss/msget?fid=5287978083552183&source=209678993&touid=4761715839862414&imageType=origin&ts=1776265864632" err="TypeError: Failed to fetch"
time=2026-04-15T23:11:04.938+08:00 level=WARN msg="浏览器内 fid 下载全部失败，尝试直接 HTTP 下载" fid=5287978083552183 err="TypeError: Failed to fetch"
time=2026-04-15T23:11:05.330+08:00 level=INFO msg="fid 媒体已通过直接 HTTP 回退下载成功" fid=5287978083552183 path=/home/duty/weibo_cron/chat_media_downloads/img_5287978083552183_香港鱼油检测.pdf
time=2026-04-15T23:11:20.392+08:00 level=WARN msg="通过响应监听下载 fid 失败，尝试回退到浏览器内 fetch" fid=5287978068611625 err="timeout:Timeout 15000.00ms exceeded."
time=2026-04-15T23:11:20.460+08:00 level=WARN msg="浏览器内 fetch 下载 fid 失败" fid=5287978068611625 url="https://upload.api.weibo.com/2/mss/msget?fid=5287978068611625&source=209678993&imageType=origin&ts=1776265880392" err="TypeError: Failed to fetch"
time=2026-04-15T23:11:20.501+08:00 level=WARN msg="浏览器内 fetch 下载 fid 失败" fid=5287978068611625 url="https://upload.api.weibo.com/2/mss/msget?fid=5287978068611625&touid=4761715839862414&ts=1776265880392" err="TypeError: Failed to fetch"
time=2026-04-15T23:11:20.592+08:00 level=WARN msg="浏览器内 fetch 下载 fid 失败" fid=5287978068611625 url="https://upload.api.weibo.com/2/mss/msget?fid=5287978068611625&source=209678993&touid=4761715839862414&imageType=origin&ts=1776265880392" err="TypeError: Failed to fetch"
time=2026-04-15T23:11:20.593+08:00 level=WARN msg="浏览器内 fid 下载全部失败，尝试直接 HTTP 下载" fid=5287978068611625 err="TypeError: Failed to fetch"
time=2026-04-15T23:11:20.724+08:00 level=INFO msg="fid 媒体已通过直接 HTTP 回退下载成功" fid=5287978068611625 path=/home/duty/weibo_cron/chat_media_downloads/img_5287978068611625_狮座推荐——吃鱼的建议.pdf
time=2026-04-15T23:11:21.134+08:00 level=INFO msg=处理完成一个批次 latest_time="2026-04-15 14:50:21" latest_sender=小大饼 latest_message=大西洋鲑好贵，吃不起 stop=false
time=2026-04-15T23:11:24.162+08:00 level=INFO msg=处理完成一个批次 latest_time="2026-04-15 14:37:35" latest_sender=X波段相控阵雷达 latest_message="「「微博」\n- - - - - - - " stop=false
time=2026-04-15T23:11:26.865+08:00 level=INFO msg=处理完成一个批次 latest_time="2026-04-15 14:23:44" latest_sender=Iris_0809 latest_message="「微博」\n- - - - - - - - -" stop=false
time=2026-04-15T23:11:29.306+08:00 level=INFO msg=处理完成一个批次 latest_time="2026-04-15 13:23:58" latest_sender=tombkeeper latest_message=那人没回复。你们知道 stop=false
time=2026-04-15T23:11:32.259+08:00 level=INFO msg=处理完成一个批次 latest_time="2026-04-15 12:33:33" latest_sender=拾人牙慧的复读机 latest_message="「微博」\n- - - - - - - - -" stop=false
time=2026-04-15T23:11:34.263+08:00 level=INFO msg=处理完成一个批次 latest_time="2026-04-15 12:00:41" latest_sender=任_朝暮_ latest_message="「难道会好吃吗[吃惊]\xe3" stop=false
time=2026-04-15T23:11:36.123+08:00 level=INFO msg=处理完成一个批次 latest_time="2026-04-15 11:32:19" latest_sender=叫我小鸡君吧 latest_message=「一定要牢记：上班是 stop=false
time=2026-04-15T23:11:38.040+08:00 level=INFO msg=处理完成一个批次 latest_time="2026-04-15 11:11:34" latest_sender=梦星河200602 latest_message=「摩卡还可以作为鱼油 stop=false
time=2026-04-15T23:11:42.024+08:00 level=INFO msg=处理完成一个批次 latest_time="2026-04-15 10:53:25" latest_sender=我爱吃肠粉001 latest_message=提供情绪价值也是劳动 stop=false
time=2026-04-15T23:11:43.674+08:00 level=INFO msg=处理完成一个批次 latest_time="2026-04-15 09:57:38" latest_sender=冰火岛的曾阿牛 latest_message=“三阿哥又长高了” stop=false
time=2026-04-15T23:11:45.601+08:00 level=INFO msg=处理完成一个批次 latest_time="2026-04-15 09:45:19" latest_sender=楼雨晴Lo latest_message=收到红包消息，请在手 stop=false
time=2026-04-15T23:11:47.388+08:00 level=INFO msg=处理完成一个批次 latest_time="2026-04-15 08:59:26" latest_sender=冰火岛的曾阿牛 latest_message=京东涨的很好哇 stop=false
time=2026-04-15T23:11:52.971+08:00 level=INFO msg=处理完成一个批次 latest_time="2026-04-15 08:14:51" latest_sender=Hollyw00d latest_message=喝水量有变化吗 stop=false
time=2026-04-15T23:11:54.792+08:00 level=INFO msg=处理完成一个批次 latest_time="2026-04-15 07:30:56" latest_sender=夏天的第一口冰阔乐 latest_message=早 stop=false
time=2026-04-15T23:12:11.526+08:00 level=WARN msg="通过响应监听下载 fid 失败，尝试回退到浏览器内 fetch" fid=5287803329708424 err="timeout:Timeout 15000.00ms exceeded."
time=2026-04-15T23:12:11.606+08:00 level=WARN msg="浏览器内 fetch 下载 fid 失败" fid=5287803329708424 url="https://upload.api.weibo.com/2/mss/msget?fid=5287803329708424&source=209678993&imageType=origin&ts=1776265931526" err="TypeError: Failed to fetch"
time=2026-04-15T23:12:11.647+08:00 level=WARN msg="浏览器内 fetch 下载 fid 失败" fid=5287803329708424 url="https://upload.api.weibo.com/2/mss/msget?fid=5287803329708424&touid=4761715839862414&ts=1776265931526" err="TypeError: Failed to fetch"
time=2026-04-15T23:12:11.739+08:00 level=WARN msg="浏览器内 fetch 下载 fid 失败" fid=5287803329708424 url="https://upload.api.weibo.com/2/mss/msget?fid=5287803329708424&source=209678993&touid=4761715839862414&imageType=origin&ts=1776265931526" err="TypeError: Failed to fetch"
time=2026-04-15T23:12:11.739+08:00 level=WARN msg="浏览器内 fid 下载全部失败，尝试直接 HTTP 下载" fid=5287803329708424 err="TypeError: Failed to fetch"
time=2026-04-15T23:12:11.811+08:00 level=INFO msg="fid 媒体已通过直接 HTTP 回退下载成功" fid=5287803329708424 path=/home/duty/weibo_cron/chat_media_downloads/img_5287803329708424_茧房日报260414.pdf
time=2026-04-15T23:12:11.998+08:00 level=INFO msg=处理完成一个批次 latest_time="2026-04-15 05:26:28" latest_sender=粉丝群 latest_message=恭喜丌天大圣今日蝉联 stop=false
time=2026-04-15T23:12:13.996+08:00 level=INFO msg=处理完成一个批次 latest_time="2026-04-14 23:49:24" latest_sender=小大饼 latest_message=http://weibo.com/5533646423/QA stop=true
time=2026-04-15T23:12:14.019+08:00 level=INFO msg=群聊历史抓取完成 new_count=678 history_dir=/home/duty/weibo_cron/clean_history state_file=/home/duty/weibo_cron/group_chat_state.json
time=2026-04-15T23:12:18.826+08:00 level=INFO msg=群聊摘要推送完成 message_count=1
time=2026-04-16T23:10:03.419+08:00 level=INFO msg=群聊模式配置加载完成 config=config.groupchat.yaml
time=2026-04-16T23:10:06.877+08:00 level=INFO msg=打开微博群聊页面 url="https://api.weibo.com/chat/#/chat?check_gid=4761715839862414&source_from=11" user_data_dir=/home/duty/weibo_cron/weibo_user_data browser_channel=chrome
time=2026-04-16T23:10:07.910+08:00 level=INFO msg=如未登录，请在打开的浏览器中完成登录；程序正在等待群聊消息接口返回
time=2026-04-16T23:10:09.061+08:00 level=INFO msg=群聊页面已加载，开始抓取历史消息
time=2026-04-16T23:10:10.766+08:00 level=INFO msg=处理完成一个批次 latest_time="2026-04-16 23:07:05" latest_sender=小大饼 latest_message=今天亏钱噜[单身狗][单 stop=false
time=2026-04-16T23:10:11.399+08:00 level=INFO msg=处理完成一个批次 latest_time="2026-04-16 21:44:37" latest_sender=你懂啥啊啊啊啊啊 latest_message=「胃食管反流真是一个 stop=false
time=2026-04-16T23:10:15.108+08:00 level=INFO msg=处理完成一个批次 latest_time="2026-04-16 19:53:21" latest_sender=花小生鱼 latest_message=[动画表情] stop=false
time=2026-04-16T23:10:16.808+08:00 level=INFO msg=处理完成一个批次 latest_time="2026-04-16 19:17:57" latest_sender=畅曰 latest_message=「到了吃洋槐花的季节 stop=false
time=2026-04-16T23:10:19.301+08:00 level=INFO msg=处理完成一个批次 latest_time="2026-04-16 18:35:59" latest_sender=拾人牙慧的复读机 latest_message=分享图片 stop=false
time=2026-04-16T23:10:21.729+08:00 level=INFO msg=处理完成一个批次 latest_time="2026-04-16 18:22:34" latest_sender=小大饼 latest_message=衣服越来越破了，今天 stop=false
time=2026-04-16T23:10:23.899+08:00 level=INFO msg=处理完成一个批次 latest_time="2026-04-16 17:59:02" latest_sender=干拌面过冷水 latest_message=「啊，就怕是四天工作 stop=false
time=2026-04-16T23:10:25.643+08:00 level=INFO msg=处理完成一个批次 latest_time="2026-04-16 17:32:50" latest_sender=梦星河200602 latest_message="「微博」\n- - - - - - - - -" stop=false
time=2026-04-16T23:10:27.529+08:00 level=INFO msg=处理完成一个批次 latest_time="2026-04-16 17:00:56" latest_sender=小大饼 latest_message=发完两封邮件了，放松 stop=false
time=2026-04-16T23:10:30.286+08:00 level=INFO msg=处理完成一个批次 latest_time="2026-04-16 16:40:49" latest_sender=夏早睡 latest_message=前段时间5.4出来就不会 stop=false
time=2026-04-16T23:10:32.006+08:00 level=INFO msg=处理完成一个批次 latest_time="2026-04-16 16:08:37" latest_sender=梦星河200602 latest_message=http://weibo.com/1401527553/QA stop=false
time=2026-04-16T23:10:33.694+08:00 level=INFO msg=处理完成一个批次 latest_time="2026-04-16 15:32:02" latest_sender=Jane王师傅 latest_message=「「在为未来的金融危 stop=false
time=2026-04-16T23:10:35.571+08:00 level=INFO msg=处理完成一个批次 latest_time="2026-04-16 15:23:16" latest_sender=小大饼 latest_message=http://t.cn/AXMd5Htm stop=false
time=2026-04-16T23:10:37.683+08:00 level=INFO msg=处理完成一个批次 latest_time="2026-04-16 15:02:39" latest_sender=小鹿纯子买咸酸 latest_message=「「最近对网盘的治理 stop=false
time=2026-04-16T23:10:39.509+08:00 level=INFO msg=处理完成一个批次 latest_time="2026-04-16 14:49:37" latest_sender=蓦回溯光 latest_message=什么，以后看不到小饼 stop=false
time=2026-04-16T23:10:41.200+08:00 level=INFO msg=处理完成一个批次 latest_time="2026-04-16 14:43:29" latest_sender=梦星河200602 latest_message="在 155 的行业 的 负责\xe5\x8d" stop=false
time=2026-04-16T23:10:43.213+08:00 level=INFO msg=处理完成一个批次 latest_time="2026-04-16 14:33:11" latest_sender=四岚1883 latest_message=不用关联到未来会发生 stop=false
time=2026-04-16T23:10:44.880+08:00 level=INFO msg=处理完成一个批次 latest_time="2026-04-16 14:28:09" latest_sender=不吃西红柿会死星人 latest_message=我用的一家梯子服务商 stop=false
time=2026-04-16T23:10:46.557+08:00 level=INFO msg=处理完成一个批次 latest_time="2026-04-16 14:11:33" latest_sender=Mika_Joe latest_message="@干拌面过冷水 朋友有\xe7" stop=false
time=2026-04-16T23:10:48.232+08:00 level=INFO msg=处理完成一个批次 latest_time="2026-04-16 13:53:57" latest_sender=tombkeeper latest_message=可能是为某个重大事件 stop=false
time=2026-04-16T23:10:50.632+08:00 level=INFO msg=处理完成一个批次 latest_time="2026-04-16 13:39:46" latest_sender=nkaifang latest_message=别硬顶，回家休息 stop=false
time=2026-04-16T23:10:54.873+08:00 level=INFO msg=处理完成一个批次 latest_time="2026-04-16 13:07:03" latest_sender=FFFFVIP latest_message=分享图片 stop=false
time=2026-04-16T23:10:57.142+08:00 level=INFO msg=处理完成一个批次 latest_time="2026-04-16 12:54:26" latest_sender=FFFFVIP latest_message=http://weibo.com/1249424622/QB stop=false
time=2026-04-16T23:10:59.819+08:00 level=INFO msg=处理完成一个批次 latest_time="2026-04-16 12:46:19" latest_sender=孟昭俊 latest_message="「孟师傅恍然大悟[并\xe4\xb8" stop=false
time=2026-04-16T23:11:01.493+08:00 level=INFO msg=处理完成一个批次 latest_time="2026-04-16 12:24:20" latest_sender=任_朝暮_ latest_message=有一个幽灵，在群里徘 stop=false
time=2026-04-16T23:11:03.477+08:00 level=INFO msg=处理完成一个批次 latest_time="2026-04-16 12:12:24" latest_sender=万物既渺小又伟大 latest_message=「「我以前写过一些小 stop=false
time=2026-04-16T23:11:05.336+08:00 level=INFO msg=处理完成一个批次 latest_time="2026-04-16 11:53:52" latest_sender=干拌面过冷水 latest_message=好像昨天豆姐在说别人 stop=false
time=2026-04-16T23:11:08.570+08:00 level=INFO msg=处理完成一个批次 latest_time="2026-04-16 11:07:58" latest_sender=小鹿纯子买咸酸 latest_message=这几天行情不错，股票 stop=false
time=2026-04-16T23:11:10.262+08:00 level=INFO msg=处理完成一个批次 latest_time="2026-04-16 10:17:03" latest_sender=阿尼亚是安妮亞 latest_message=「朋友们，净水器有推 stop=false
time=2026-04-16T23:11:14.014+08:00 level=INFO msg=处理完成一个批次 latest_time="2026-04-16 10:10:34" latest_sender=万物既渺小又伟大 latest_message=朋友们，净水器有推荐 stop=false
time=2026-04-16T23:11:16.271+08:00 level=INFO msg=处理完成一个批次 latest_time="2026-04-16 09:54:45" latest_sender=小大饼 latest_message=分享图片 stop=false
time=2026-04-16T23:11:18.594+08:00 level=INFO msg=处理完成一个批次 latest_time="2026-04-16 09:49:07" latest_sender=任_朝暮_ latest_message=举报上瘾了 stop=false
time=2026-04-16T23:11:20.307+08:00 level=INFO msg=处理完成一个批次 latest_time="2026-04-16 09:34:51" latest_sender=____方格 latest_message="「@Jane王师傅：那个效\xe6" stop=false
time=2026-04-16T23:11:21.989+08:00 level=INFO msg=处理完成一个批次 latest_time="2026-04-16 09:12:26" latest_sender=茴字的1970种写法 latest_message=http://weibo.com/1401527553/Gw stop=false
time=2026-04-16T23:11:24.570+08:00 level=INFO msg=处理完成一个批次 latest_time="2026-04-16 08:43:41" latest_sender=自由的西瓜L latest_message="「图片」\n- - - - - - - - -" stop=false
time=2026-04-16T23:11:26.293+08:00 level=INFO msg=处理完成一个批次 latest_time="2026-04-16 08:02:46" latest_sender=快把大鹅炖进铁锅 latest_message=早 stop=false
time=2026-04-16T23:11:28.247+08:00 level=INFO msg=处理完成一个批次 latest_time="2026-04-16 07:02:48" latest_sender=ActionKnows- latest_message=早 stop=false
time=2026-04-16T23:11:44.997+08:00 level=WARN msg="通过响应监听下载 fid 失败，尝试回退到浏览器内 fetch" fid=5288165717835922 err="timeout:Timeout 15000.00ms exceeded."
time=2026-04-16T23:11:45.091+08:00 level=WARN msg="浏览器内 fetch 下载 fid 失败" fid=5288165717835922 url="https://upload.api.weibo.com/2/mss/msget?fid=5288165717835922&source=209678993&imageType=origin&ts=1776352304997" err="TypeError: Failed to fetch"
time=2026-04-16T23:11:45.133+08:00 level=WARN msg="浏览器内 fetch 下载 fid 失败" fid=5288165717835922 url="https://upload.api.weibo.com/2/mss/msget?fid=5288165717835922&touid=4761715839862414&ts=1776352304997" err="TypeError: Failed to fetch"
time=2026-04-16T23:11:45.263+08:00 level=WARN msg="浏览器内 fetch 下载 fid 失败" fid=5288165717835922 url="https://upload.api.weibo.com/2/mss/msget?fid=5288165717835922&source=209678993&touid=4761715839862414&imageType=origin&ts=1776352304997" err="TypeError: Failed to fetch"
time=2026-04-16T23:11:45.263+08:00 level=WARN msg="浏览器内 fid 下载全部失败，尝试直接 HTTP 下载" fid=5288165717835922 err="TypeError: Failed to fetch"
time=2026-04-16T23:11:45.628+08:00 level=INFO msg="fid 媒体已通过直接 HTTP 回退下载成功" fid=5288165717835922 path=/home/duty/weibo_cron/chat_media_downloads/img_5288165717835922_茧房日报260415.pdf
time=2026-04-16T23:11:46.078+08:00 level=INFO msg=处理完成一个批次 latest_time="2026-04-16 05:08:32" latest_sender=此1234567 latest_message=早 stop=false
time=2026-04-16T23:11:48.628+08:00 level=INFO msg=处理完成一个批次 latest_time="2026-04-15 23:50:41" latest_sender=Seaces latest_message=真不错啊 stop=false
time=2026-04-16T23:11:50.644+08:00 level=INFO msg=处理完成一个批次 latest_time="2026-04-15 23:40:21" latest_sender=梦星河200602 latest_message=每天一顿老乡鸡，一杯 stop=true
time=2026-04-16T23:11:50.669+08:00 level=INFO msg=群聊历史抓取完成 new_count=793 history_dir=/home/duty/weibo_cron/clean_history state_file=/home/duty/weibo_cron/group_chat_state.json
time=2026-04-16T23:11:57.837+08:00 level=INFO msg=群聊摘要推送完成 message_count=1
time=2026-04-17T23:10:03.600+08:00 level=INFO msg=群聊模式配置加载完成 config=config.groupchat.yaml
time=2026-04-17T23:10:07.012+08:00 level=INFO msg=打开微博群聊页面 url="https://api.weibo.com/chat/#/chat?check_gid=4761715839862414&source_from=11" user_data_dir=/home/duty/weibo_cron/weibo_user_data browser_channel=chrome
time=2026-04-17T23:10:07.976+08:00 level=INFO msg=如未登录，请在打开的浏览器中完成登录；程序正在等待群聊消息接口返回
time=2026-04-17T23:10:09.321+08:00 level=INFO msg=群聊页面已加载，开始抓取历史消息
time=2026-04-17T23:10:09.459+08:00 level=INFO msg=处理完成一个批次 latest_time="2026-04-17 23:09:41" latest_sender=羽化的布偶 latest_message=「虽然我回本比饼老师 stop=false
time=2026-04-17T23:10:10.281+08:00 level=INFO msg=处理完成一个批次 latest_time="2026-04-17 22:57:24" latest_sender=茴字的1970种写法 latest_message=http://weibo.com/7948367302/QB stop=false
time=2026-04-17T23:10:13.219+08:00 level=INFO msg=处理完成一个批次 latest_time="2026-04-17 22:30:00" latest_sender=铜冰鉴43228 latest_message="「图片」\n- - - - - - - - -" stop=false
time=2026-04-17T23:10:15.330+08:00 level=INFO msg=处理完成一个批次 latest_time="2026-04-17 22:24:44" latest_sender=是包包捏 latest_message=厉害 stop=false
time=2026-04-17T23:10:17.049+08:00 level=INFO msg=处理完成一个批次 latest_time="2026-04-17 22:17:34" latest_sender=一只方阿 latest_message="「「小狗看花」\n- - - - " stop=false
time=2026-04-17T23:10:18.832+08:00 level=INFO msg=处理完成一个批次 latest_time="2026-04-17 22:07:40" latest_sender=茴字的1970种写法 latest_message=http://weibo.com/1401527553/Q5 stop=false
time=2026-04-17T23:10:20.578+08:00 level=INFO msg=处理完成一个批次 latest_time="2026-04-17 22:00:22" latest_sender=亚奇奇洛贝 latest_message="「微博」\n- - - - - - - - -" stop=false
time=2026-04-17T23:10:22.752+08:00 level=INFO msg=处理完成一个批次 latest_time="2026-04-17 21:46:30" latest_sender=亚奇奇洛贝 latest_message=因为你优秀 stop=false
time=2026-04-17T23:10:24.784+08:00 level=INFO msg=处理完成一个批次 latest_time="2026-04-17 21:30:40" latest_sender=我爱吃肠粉001 latest_message=雷军直播电车从北京到 stop=false
time=2026-04-17T23:10:41.640+08:00 level=WARN msg="通过响应监听下载 fid 失败，尝试回退到浏览器内 fetch" fid=5288794009899076 err="timeout:Timeout 15000.00ms exceeded."
time=2026-04-17T23:10:41.725+08:00 level=WARN msg="浏览器内 fetch 下载 fid 失败" fid=5288794009899076 url="https://upload.api.weibo.com/2/mss/msget?fid=5288794009899076&source=209678993&imageType=origin&ts=1776438641641" err="TypeError: Failed to fetch"
time=2026-04-17T23:10:41.768+08:00 level=WARN msg="浏览器内 fetch 下载 fid 失败" fid=5288794009899076 url="https://upload.api.weibo.com/2/mss/msget?fid=5288794009899076&touid=4761715839862414&ts=1776438641641" err="TypeError: Failed to fetch"
time=2026-04-17T23:10:41.896+08:00 level=WARN msg="浏览器内 fetch 下载 fid 失败" fid=5288794009899076 url="https://upload.api.weibo.com/2/mss/msget?fid=5288794009899076&source=209678993&touid=4761715839862414&imageType=origin&ts=1776438641641" err="TypeError: Failed to fetch"
time=2026-04-17T23:10:41.896+08:00 level=WARN msg="浏览器内 fid 下载全部失败，尝试直接 HTTP 下载" fid=5288794009899076 err="TypeError: Failed to fetch"
time=2026-04-17T23:10:42.253+08:00 level=INFO msg="fid 媒体已通过直接 HTTP 回退下载成功" fid=5288794009899076 path=/home/duty/weibo_cron/chat_media_downloads/img_5288794009899076_我的反思.pdf
time=2026-04-17T23:10:43.251+08:00 level=INFO msg=处理完成一个批次 latest_time="2026-04-17 20:53:53" latest_sender=Aurora白White-little-hajimi latest_message=很美好的人生。很健康 stop=false
time=2026-04-17T23:10:45.448+08:00 level=INFO msg=处理完成一个批次 latest_time="2026-04-17 19:30:38" latest_sender=Monkey_D_Law latest_message="「图片」\n- - - - - - - - -" stop=false
time=2026-04-17T23:10:47.279+08:00 level=INFO msg=处理完成一个批次 latest_time="2026-04-17 19:10:01" latest_sender=甜甜花终结者 latest_message="2.34元，@阿尼亚是安妮\xe4" stop=false
time=2026-04-17T23:10:49.955+08:00 level=INFO msg=处理完成一个批次 latest_time="2026-04-17 19:03:53" latest_sender=茴字的1970种写法 latest_message=我已经准备让几个用英 stop=false
time=2026-04-17T23:10:53.555+08:00 level=INFO msg=处理完成一个批次 latest_time="2026-04-17 18:46:41" latest_sender=任_朝暮_ latest_message="[费解]机票不是更便宜\xe5" stop=false
time=2026-04-17T23:10:56.709+08:00 level=INFO msg=处理完成一个批次 latest_time="2026-04-17 18:36:49" latest_sender=小大饼 latest_message=女群友去你家？想得美 stop=false
time=2026-04-17T23:10:58.414+08:00 level=INFO msg=处理完成一个批次 latest_time="2026-04-17 18:17:42" latest_sender=拾人牙慧的复读机 latest_message=「潘石屹写的那个《我 stop=false
time=2026-04-17T23:11:01.550+08:00 level=INFO msg=处理完成一个批次 latest_time="2026-04-17 17:48:32" latest_sender=楼雨晴Lo latest_message=那条鱼… stop=false
time=2026-04-17T23:11:03.220+08:00 level=INFO msg=处理完成一个批次 latest_time="2026-04-17 17:18:13" latest_sender=Jane王师傅 latest_message=我小时候再别人家里把 stop=false
time=2026-04-17T23:11:04.938+08:00 level=INFO msg=处理完成一个批次 latest_time="2026-04-17 16:51:32" latest_sender=羽化的布偶 latest_message=约等于黑出租 stop=false
time=2026-04-17T23:11:06.650+08:00 level=INFO msg=处理完成一个批次 latest_time="2026-04-17 16:44:05" latest_sender=Iris_0809 latest_message=我是说你休学一学期都 stop=false
time=2026-04-17T23:11:08.368+08:00 level=INFO msg=处理完成一个批次 latest_time="2026-04-17 16:24:49" latest_sender=十月的米兰 latest_message=教的简单考的难，孩子 stop=false
time=2026-04-17T23:11:10.024+08:00 level=INFO msg=处理完成一个批次 latest_time="2026-04-17 16:15:04" latest_sender=Iris_0809 latest_message=选拔考试我能理解，要 stop=false
time=2026-04-17T23:11:12.039+08:00 level=INFO msg=处理完成一个批次 latest_time="2026-04-17 16:02:07" latest_sender=Iris_0809 latest_message=「这么一想我真是太家 stop=false
time=2026-04-17T23:11:13.784+08:00 level=INFO msg=处理完成一个批次 latest_time="2026-04-17 15:26:32" latest_sender=茴字的1970种写法 latest_message=「有人统计过大饼喜欢 stop=false
time=2026-04-17T23:11:15.437+08:00 level=INFO msg=处理完成一个批次 latest_time="2026-04-17 14:44:07" latest_sender=亚奇奇洛贝 latest_message=「@小大饼:「@亚奇奇洛 stop=false
time=2026-04-17T23:11:17.316+08:00 level=INFO msg=处理完成一个批次 latest_time="2026-04-17 14:42:04" latest_sender=猴儿多样性观测学家dnlmcha latest_message="1.21元，@Seaces 空山新雨" stop=false
time=2026-04-17T23:11:19.700+08:00 level=INFO msg=处理完成一个批次 latest_time="2026-04-17 14:35:54" latest_sender=xelnaga瞭望塔 latest_message=小时候在家玩火 stop=false
time=2026-04-17T23:11:21.369+08:00 level=INFO msg=处理完成一个批次 latest_time="2026-04-17 14:20:21" latest_sender=xelnaga瞭望塔 latest_message=要能闯敢闯 stop=false
time=2026-04-17T23:11:23.036+08:00 level=INFO msg=处理完成一个批次 latest_time="2026-04-17 14:02:47" latest_sender=梦星河200602 latest_message=「我爸妈在没带孙辈前 stop=false
time=2026-04-17T23:11:24.737+08:00 level=INFO msg=处理完成一个批次 latest_time="2026-04-17 13:36:24" latest_sender=小鹿纯子买咸酸 latest_message=其实让饼老师出钱还是 stop=false
time=2026-04-17T23:11:26.453+08:00 level=INFO msg=处理完成一个批次 latest_time="2026-04-17 13:24:51" latest_sender=自由的西瓜L latest_message="自由的西瓜L 撤回了一\xe6" stop=false
time=2026-04-17T23:11:28.172+08:00 level=INFO msg=处理完成一个批次 latest_time="2026-04-17 12:58:11" latest_sender=Aviator_hu latest_message=北京的城市更新已经在 stop=false
time=2026-04-17T23:11:30.778+08:00 level=INFO msg=处理完成一个批次 latest_time="2026-04-17 12:39:42" latest_sender=古拉TE latest_message=「我们郊区菜小怎么这 stop=false
time=2026-04-17T23:11:32.858+08:00 level=INFO msg=处理完成一个批次 latest_time="2026-04-17 12:10:09" latest_sender=若晨星同学 latest_message=谁知道这是触发了什么 stop=false
time=2026-04-17T23:11:34.576+08:00 level=INFO msg=处理完成一个批次 latest_time="2026-04-17 12:05:07" latest_sender=梦星河200602 latest_message=特别是那种中登女老师 stop=false
time=2026-04-17T23:11:36.501+08:00 level=INFO msg=处理完成一个批次 latest_time="2026-04-17 11:53:42" latest_sender=万物既渺小又伟大 latest_message=儿子有什么好的呀[笑cr stop=false
time=2026-04-17T23:11:38.586+08:00 level=INFO msg=处理完成一个批次 latest_time="2026-04-17 11:05:31" latest_sender=肥圆真君_WWW latest_message="「我的一个朋友」\n- - -" stop=false
time=2026-04-17T23:11:40.393+08:00 level=INFO msg=处理完成一个批次 latest_time="2026-04-17 10:50:43" latest_sender=梦星河200602 latest_message="「但是跌就买也才100[\xe6\x8d" stop=false
time=2026-04-17T23:11:42.248+08:00 level=INFO msg=处理完成一个批次 latest_time="2026-04-17 10:43:21" latest_sender=梦醒的你会很轻松 latest_message=[锦鲤附体] stop=false
time=2026-04-17T23:11:43.962+08:00 level=INFO msg=处理完成一个批次 latest_time="2026-04-17 10:33:29" latest_sender=响当当当的铜豌豆 latest_message=我觉得赶紧大规模发钱 stop=false
time=2026-04-17T23:11:46.257+08:00 level=INFO msg=处理完成一个批次 latest_time="2026-04-17 10:17:11" latest_sender=寻孤找读者_ latest_message="「「微博」\n- - - - - - - " stop=false
time=2026-04-17T23:11:48.754+08:00 level=INFO msg=处理完成一个批次 latest_time="2026-04-17 09:56:32" latest_sender=小大饼 latest_message=http://weibo.com/3486535731/QB stop=false
time=2026-04-17T23:11:50.822+08:00 level=INFO msg=处理完成一个批次 latest_time="2026-04-17 09:20:37" latest_sender=十月的米兰 latest_message=从没想过，到这个年代 stop=false
time=2026-04-17T23:11:52.455+08:00 level=INFO msg=处理完成一个批次 latest_time="2026-04-17 08:56:06" latest_sender=肥圆真君_WWW latest_message=一起吃雪糕？ stop=false
time=2026-04-17T23:11:54.161+08:00 level=INFO msg=处理完成一个批次 latest_time="2026-04-17 07:56:45" latest_sender=粉丝群 latest_message="恭喜 djjd_jdj 升级至LV5 \xe5" stop=false
time=2026-04-17T23:12:10.841+08:00 level=WARN msg="通过响应监听下载 fid 失败，尝试回退到浏览器内 fetch" fid=5288531759202906 err="timeout:Timeout 15000.00ms exceeded."
time=2026-04-17T23:12:10.928+08:00 level=WARN msg="浏览器内 fetch 下载 fid 失败" fid=5288531759202906 url="https://upload.api.weibo.com/2/mss/msget?fid=5288531759202906&source=209678993&imageType=origin&ts=1776438730841" err="TypeError: Failed to fetch"
time=2026-04-17T23:12:10.966+08:00 level=WARN msg="浏览器内 fetch 下载 fid 失败" fid=5288531759202906 url="https://upload.api.weibo.com/2/mss/msget?fid=5288531759202906&touid=4761715839862414&ts=1776438730841" err="TypeError: Failed to fetch"
time=2026-04-17T23:12:11.037+08:00 level=WARN msg="浏览器内 fetch 下载 fid 失败" fid=5288531759202906 url="https://upload.api.weibo.com/2/mss/msget?fid=5288531759202906&source=209678993&touid=4761715839862414&imageType=origin&ts=1776438730841" err="TypeError: Failed to fetch"
time=2026-04-17T23:12:11.037+08:00 level=WARN msg="浏览器内 fid 下载全部失败，尝试直接 HTTP 下载" fid=5288531759202906 err="TypeError: Failed to fetch"
time=2026-04-17T23:12:11.254+08:00 level=INFO msg="fid 媒体已通过直接 HTTP 回退下载成功" fid=5288531759202906 path=/home/duty/weibo_cron/chat_media_downloads/img_5288531759202906_茧房日报260416.pdf
time=2026-04-17T23:12:11.802+08:00 level=INFO msg=处理完成一个批次 latest_time="2026-04-17 06:51:19" latest_sender=丌天大圣 latest_message=早 stop=false
time=2026-04-17T23:12:14.389+08:00 level=INFO msg=处理完成一个批次 latest_time="2026-04-17 00:45:22" latest_sender=不吃西红柿会死星人 latest_message="「@孟昭俊:「opus4.7 上\xe7\xba" stop=true
time=2026-04-17T23:12:14.419+08:00 level=INFO msg=群聊历史抓取完成 new_count=938 history_dir=/home/duty/weibo_cron/clean_history state_file=/home/duty/weibo_cron/group_chat_state.json
time=2026-04-17T23:12:16.541+08:00 level=INFO msg=群聊摘要推送完成 message_count=1
time=2026-04-18T23:10:03.622+08:00 level=INFO msg=群聊模式配置加载完成 config=config.groupchat.yaml
time=2026-04-18T23:10:07.088+08:00 level=INFO msg=打开微博群聊页面 url="https://api.weibo.com/chat/#/chat?check_gid=4761715839862414&source_from=11" user_data_dir=/home/duty/weibo_cron/weibo_user_data browser_channel=chrome
time=2026-04-18T23:10:08.238+08:00 level=INFO msg=如未登录，请在打开的浏览器中完成登录；程序正在等待群聊消息接口返回
time=2026-04-18T23:10:09.561+08:00 level=INFO msg=群聊页面已加载，开始抓取历史消息
time=2026-04-18T23:10:13.389+08:00 level=INFO msg=处理完成一个批次 latest_time="2026-04-18 23:09:52" latest_sender=黄健楸 latest_message=还有一类问题：“群里 stop=false
time=2026-04-18T23:10:15.158+08:00 level=INFO msg=处理完成一个批次 latest_time="2026-04-18 22:49:33" latest_sender=Hollyw00d latest_message="「微博」\n- - - - - - - - -" stop=false
time=2026-04-18T23:10:20.729+08:00 level=INFO msg=处理完成一个批次 latest_time="2026-04-18 21:39:55" latest_sender=Bonoboooo latest_message=http://t.cn/AXxwzjo3 stop=false
time=2026-04-18T23:10:23.125+08:00 level=INFO msg=处理完成一个批次 latest_time="2026-04-18 20:47:44" latest_sender=拾人牙慧的复读机 latest_message=分享图片 stop=false
time=2026-04-18T23:10:25.738+08:00 level=INFO msg=处理完成一个批次 latest_time="2026-04-18 20:00:18" latest_sender=小大饼 latest_message=http://weibo.com/1961640291/Qy stop=false
time=2026-04-18T23:10:27.412+08:00 level=INFO msg=处理完成一个批次 latest_time="2026-04-18 18:56:28" latest_sender=粉丝群 latest_message=涉及资金问题请务必提 stop=false
time=2026-04-18T23:10:29.104+08:00 level=INFO msg=处理完成一个批次 latest_time="2026-04-18 18:34:53" latest_sender=快把大鹅炖进铁锅 latest_message="「@快把大鹅炖进铁锅 \xe6" stop=false
time=2026-04-18T23:10:45.903+08:00 level=WARN msg="通过响应监听下载 fid 失败，尝试回退到浏览器内 fetch" fid=5289105698324744 err="timeout:Timeout 15000.00ms exceeded."
time=2026-04-18T23:10:46.003+08:00 level=WARN msg="浏览器内 fetch 下载 fid 失败" fid=5289105698324744 url="https://upload.api.weibo.com/2/mss/msget?fid=5289105698324744&source=209678993&imageType=origin&ts=1776525045903" err="TypeError: Failed to fetch"
time=2026-04-18T23:10:46.041+08:00 level=WARN msg="浏览器内 fetch 下载 fid 失败" fid=5289105698324744 url="https://upload.api.weibo.com/2/mss/msget?fid=5289105698324744&touid=4761715839862414&ts=1776525045903" err="TypeError: Failed to fetch"
time=2026-04-18T23:10:46.115+08:00 level=WARN msg="浏览器内 fetch 下载 fid 失败" fid=5289105698324744 url="https://upload.api.weibo.com/2/mss/msget?fid=5289105698324744&source=209678993&touid=4761715839862414&imageType=origin&ts=1776525045903" err="TypeError: Failed to fetch"
time=2026-04-18T23:10:46.115+08:00 level=WARN msg="浏览器内 fid 下载全部失败，尝试直接 HTTP 下载" fid=5289105698324744 err="TypeError: Failed to fetch"
time=2026-04-18T23:10:46.467+08:00 level=INFO msg="fid 媒体已通过直接 HTTP 回退下载成功" fid=5289105698324744 path=/home/duty/weibo_cron/chat_media_downloads/img_5289105698324744_DPRK_IT_Workers_识别指南.pdf
time=2026-04-18T23:10:47.402+08:00 level=INFO msg=处理完成一个批次 latest_time="2026-04-18 17:51:35" latest_sender=修蒙的gentle latest_message=「杭州人当时喝到脏水 stop=false
time=2026-04-18T23:10:49.854+08:00 level=INFO msg=处理完成一个批次 latest_time="2026-04-18 17:01:36" latest_sender=羽化的布偶 latest_message=底下有个评论：我是消 stop=false
time=2026-04-18T23:10:52.215+08:00 level=INFO msg=处理完成一个批次 latest_time="2026-04-18 14:53:33" latest_sender=mental_garden latest_message=今天喝了群友推荐的高 stop=false
time=2026-04-18T23:10:54.302+08:00 level=INFO msg=处理完成一个批次 latest_time="2026-04-18 14:28:00" latest_sender=拾人牙慧的复读机 latest_message="原来门槛这么高[哆啦A\xe6" stop=false
time=2026-04-18T23:10:56.584+08:00 level=INFO msg=处理完成一个批次 latest_time="2026-04-18 14:05:04" latest_sender=Jane王师傅 latest_message=分享图片 stop=false
time=2026-04-18T23:10:59.690+08:00 level=INFO msg=处理完成一个批次 latest_time="2026-04-18 13:35:04" latest_sender=冰火岛的曾阿牛 latest_message="「@相信相信的梦呓 我\xe6" stop=false
time=2026-04-18T23:11:01.587+08:00 level=INFO msg=处理完成一个批次 latest_time="2026-04-18 12:45:05" latest_sender=铜冰鉴43228 latest_message=4090要给值得的人 stop=false
time=2026-04-18T23:11:03.263+08:00 level=INFO msg=处理完成一个批次 latest_time="2026-04-18 11:58:59" latest_sender=羽化的布偶 latest_message="羽化的布偶 撤回了一\xe6\x9d" stop=false
time=2026-04-18T23:11:04.931+08:00 level=INFO msg=处理完成一个批次 latest_time="2026-04-18 11:39:41" latest_sender=十月的米兰 latest_message=中微不知怎样？ stop=false
time=2026-04-18T23:11:06.940+08:00 level=INFO msg=处理完成一个批次 latest_time="2026-04-18 11:15:56" latest_sender=tk今天盲猜关注列表了吗 latest_message=我也是大一新生[嘻嘻] stop=false
time=2026-04-18T23:11:08.616+08:00 level=INFO msg=处理完成一个批次 latest_time="2026-04-18 11:00:42" latest_sender=黄健楸 latest_message="「TK老师，各位群友，\xe6" stop=false
time=2026-04-18T23:11:10.282+08:00 level=INFO msg=处理完成一个批次 latest_time="2026-04-18 10:52:05" latest_sender=Monkey_D_Law latest_message=虽然很恶心，但是我们 stop=false
time=2026-04-18T23:11:12.104+08:00 level=INFO msg=处理完成一个批次 latest_time="2026-04-18 10:32:58" latest_sender=粉丝群 latest_message=恭喜涓生与阿随获得“ stop=false
time=2026-04-18T23:11:13.854+08:00 level=INFO msg=处理完成一个批次 latest_time="2026-04-18 10:17:26" latest_sender=伽俐详 latest_message=「「联赛一试的题考查 stop=false
time=2026-04-18T23:11:15.686+08:00 level=INFO msg=处理完成一个批次 latest_time="2026-04-18 09:47:09" latest_sender=铜冰鉴43228 latest_message=「宁折不弯的性格，要 stop=false
time=2026-04-18T23:11:18.234+08:00 level=INFO msg=处理完成一个批次 latest_time="2026-04-18 09:36:36" latest_sender=伽俐详 latest_message=[哈哈][哈哈] stop=false
time=2026-04-18T23:11:19.905+08:00 level=INFO msg=处理完成一个批次 latest_time="2026-04-18 09:20:42" latest_sender=你好-勤奋的陈先生 latest_message=看来刚局也分管一些对 stop=false
time=2026-04-18T23:11:22.247+08:00 level=INFO msg=处理完成一个批次 latest_time="2026-04-18 08:54:09" latest_sender=有种来中路 latest_message=早安！全世界！都，在 stop=false
time=2026-04-18T23:11:23.966+08:00 level=INFO msg=处理完成一个批次 latest_time="2026-04-18 07:47:03" latest_sender=Sp1n0za latest_message=早 stop=false
time=2026-04-18T23:11:40.686+08:00 level=WARN msg="通过响应监听下载 fid 失败，尝试回退到浏览器内 fetch" fid=5288891911241957 err="timeout:Timeout 15000.00ms exceeded."
time=2026-04-18T23:11:40.781+08:00 level=WARN msg="浏览器内 fetch 下载 fid 失败" fid=5288891911241957 url="https://upload.api.weibo.com/2/mss/msget?fid=5288891911241957&source=209678993&imageType=origin&ts=1776525100687" err="TypeError: Failed to fetch"
time=2026-04-18T23:11:40.824+08:00 level=WARN msg="浏览器内 fetch 下载 fid 失败" fid=5288891911241957 url="https://upload.api.weibo.com/2/mss/msget?fid=5288891911241957&touid=4761715839862414&ts=1776525100687" err="TypeError: Failed to fetch"
time=2026-04-18T23:11:40.926+08:00 level=WARN msg="浏览器内 fetch 下载 fid 失败" fid=5288891911241957 url="https://upload.api.weibo.com/2/mss/msget?fid=5288891911241957&source=209678993&touid=4761715839862414&imageType=origin&ts=1776525100687" err="TypeError: Failed to fetch"
time=2026-04-18T23:11:40.926+08:00 level=WARN msg="浏览器内 fid 下载全部失败，尝试直接 HTTP 下载" fid=5288891911241957 err="TypeError: Failed to fetch"
time=2026-04-18T23:11:41.034+08:00 level=INFO msg="fid 媒体已通过直接 HTTP 回退下载成功" fid=5288891911241957 path=/home/duty/weibo_cron/chat_media_downloads/img_5288891911241957_茧房日报260417.pdf
time=2026-04-18T23:11:42.146+08:00 level=INFO msg=处理完成一个批次 latest_time="2026-04-18 03:19:18" latest_sender=四岚1883 latest_message=茧房日报260417.pdf stop=false
time=2026-04-18T23:11:45.043+08:00 level=INFO msg=处理完成一个批次 latest_time="2026-04-18 00:30:04" latest_sender=步小想 latest_message=大晚上的，大饼居然还 stop=false
time=2026-04-18T23:11:46.724+08:00 level=INFO msg=处理完成一个批次 latest_time="2026-04-17 23:36:04" latest_sender=Interface404 latest_message=这种学玄学我觉得不能 stop=false
time=2026-04-18T23:11:48.378+08:00 level=INFO msg=处理完成一个批次 latest_time="2026-04-17 23:29:16" latest_sender=我还想吃饭 latest_message=最多就是诈骗忽悠老人 stop=false
time=2026-04-18T23:11:50.957+08:00 level=INFO msg=处理完成一个批次 latest_time="2026-04-17 23:21:42" latest_sender=粉丝群 latest_message=涉及资金问题请务必提 stop=false
time=2026-04-18T23:11:53.529+08:00 level=INFO msg=处理完成一个批次 latest_time="2026-04-17 23:17:23" latest_sender=我爱吃肠粉001 latest_message=什么是邪教课？ stop=false
time=2026-04-18T23:11:55.256+08:00 level=INFO msg=处理完成一个批次 latest_time="2026-04-17 23:10:34" latest_sender=Jane王师傅 latest_message=。。。 stop=true
time=2026-04-18T23:11:55.276+08:00 level=INFO msg=群聊历史抓取完成 new_count=641 history_dir=/home/duty/weibo_cron/clean_history state_file=/home/duty/weibo_cron/group_chat_state.json
time=2026-04-18T23:11:57.708+08:00 level=INFO msg=群聊摘要推送完成 message_count=1
time=2026-04-19T23:10:03.301+08:00 level=INFO msg=群聊模式配置加载完成 config=config.groupchat.yaml
time=2026-04-19T23:10:06.759+08:00 level=INFO msg=打开微博群聊页面 url="https://api.weibo.com/chat/#/chat?check_gid=4761715839862414&source_from=11" user_data_dir=/home/duty/weibo_cron/weibo_user_data browser_channel=chrome
time=2026-04-19T23:10:07.807+08:00 level=INFO msg=如未登录，请在打开的浏览器中完成登录；程序正在等待群聊消息接口返回
time=2026-04-19T23:10:09.448+08:00 level=INFO msg=群聊页面已加载，开始抓取历史消息
time=2026-04-19T23:10:18.156+08:00 level=INFO msg=处理完成一个批次 latest_time="2026-04-19 23:03:49" latest_sender=Jane王师傅 latest_message="「微博」\n- - - - - - - - -" stop=false
time=2026-04-19T23:10:20.269+08:00 level=INFO msg=处理完成一个批次 latest_time="2026-04-19 21:19:03" latest_sender=茴字的1970种写法 latest_message=黄奇帆之前说新加坡背 stop=false
time=2026-04-19T23:10:28.048+08:00 level=INFO msg=处理完成一个批次 latest_time="2026-04-19 20:47:33" latest_sender=____方格 latest_message=我当时的表情是：咬牙 stop=false
time=2026-04-19T23:10:29.840+08:00 level=INFO msg=处理完成一个批次 latest_time="2026-04-19 20:22:10" latest_sender=羽化的布偶 latest_message=吃瓜 stop=false
time=2026-04-19T23:10:31.566+08:00 level=INFO msg=处理完成一个批次 latest_time="2026-04-19 20:06:43" latest_sender=tombkeeper latest_message=不过主要原因还是烹饪 stop=false
time=2026-04-19T23:10:34.274+08:00 level=INFO msg=处理完成一个批次 latest_time="2026-04-19 19:12:39" latest_sender=茴字的1970种写法 latest_message=『比如营养学领域现在 stop=false
time=2026-04-19T23:10:36.274+08:00 level=INFO msg=处理完成一个批次 latest_time="2026-04-19 18:32:00" latest_sender=Jane王师傅 latest_message="我就不看短剧和ai剧，\xe8" stop=false
time=2026-04-19T23:10:38.007+08:00 level=INFO msg=处理完成一个批次 latest_time="2026-04-19 17:36:47" latest_sender=在公车上吃花生酱的浣熊 latest_message=「想问一下群里的老师 stop=false
time=2026-04-19T23:10:39.906+08:00 level=INFO msg=处理完成一个批次 latest_time="2026-04-19 16:42:31" latest_sender=快把大鹅炖进铁锅 latest_message="「微博」\n- - - - - - - - -" stop=false
time=2026-04-19T23:10:41.885+08:00 level=INFO msg=处理完成一个批次 latest_time="2026-04-19 16:11:02" latest_sender=Iris_0809 latest_message=「从周五下了一个短剧 stop=false
time=2026-04-19T23:10:43.759+08:00 level=INFO msg=处理完成一个批次 latest_time="2026-04-19 14:52:31" latest_sender=一蓑烟雨任平生WB latest_message=「「敌鸽的水果是真不 stop=false
time=2026-04-19T23:10:45.862+08:00 level=INFO msg=处理完成一个批次 latest_time="2026-04-19 14:35:11" latest_sender=寻孤找读者_ latest_message=敌鸽的售后是真的不错 stop=false
time=2026-04-19T23:10:51.396+08:00 level=INFO msg=处理完成一个批次 latest_time="2026-04-19 13:54:33" latest_sender=我还想吃饭 latest_message=要是有几个人把钱交给 stop=false
time=2026-04-19T23:10:53.668+08:00 level=INFO msg=处理完成一个批次 latest_time="2026-04-19 12:56:44" latest_sender=拾人牙慧的复读机 latest_message=分享图片 stop=false
time=2026-04-19T23:10:57.683+08:00 level=INFO msg=处理完成一个批次 latest_time="2026-04-19 12:23:32" latest_sender=拾人牙慧的复读机 latest_message="拾人牙慧的复读机 撤\xe5\x9b" stop=false
time=2026-04-19T23:10:59.980+08:00 level=INFO msg=处理完成一个批次 latest_time="2026-04-19 10:56:23" latest_sender=Hollyw00d latest_message=早 stop=false
time=2026-04-19T23:11:02.068+08:00 level=INFO msg=处理完成一个批次 latest_time="2026-04-19 09:57:34" latest_sender=SnowChou latest_message=http://weibo.com/1678157684/QB stop=false
time=2026-04-19T23:11:03.827+08:00 level=INFO msg=处理完成一个批次 latest_time="2026-04-19 08:04:22" latest_sender=海苔冻甜心 latest_message=早 stop=false
time=2026-04-19T23:11:20.692+08:00 level=WARN msg="通过响应监听下载 fid 失败，尝试回退到浏览器内 fetch" fid=5289254847776139 err="timeout:Timeout 15000.00ms exceeded."
time=2026-04-19T23:11:20.772+08:00 level=WARN msg="浏览器内 fetch 下载 fid 失败" fid=5289254847776139 url="https://upload.api.weibo.com/2/mss/msget?fid=5289254847776139&source=209678993&imageType=origin&ts=1776611480692" err="TypeError: Failed to fetch"
time=2026-04-19T23:11:20.816+08:00 level=WARN msg="浏览器内 fetch 下载 fid 失败" fid=5289254847776139 url="https://upload.api.weibo.com/2/mss/msget?fid=5289254847776139&touid=4761715839862414&ts=1776611480692" err="TypeError: Failed to fetch"
time=2026-04-19T23:11:20.882+08:00 level=WARN msg="浏览器内 fetch 下载 fid 失败" fid=5289254847776139 url="https://upload.api.weibo.com/2/mss/msget?fid=5289254847776139&source=209678993&touid=4761715839862414&imageType=origin&ts=1776611480692" err="TypeError: Failed to fetch"
time=2026-04-19T23:11:20.882+08:00 level=WARN msg="浏览器内 fid 下载全部失败，尝试直接 HTTP 下载" fid=5289254847776139 err="TypeError: Failed to fetch"
time=2026-04-19T23:11:21.346+08:00 level=INFO msg="fid 媒体已通过直接 HTTP 回退下载成功" fid=5289254847776139 path=/home/duty/weibo_cron/chat_media_downloads/img_5289254847776139_茧房日报260418.pdf
time=2026-04-19T23:11:21.773+08:00 level=INFO msg=处理完成一个批次 latest_time="2026-04-19 05:43:02" latest_sender=小鹿纯子买咸酸 latest_message=早 stop=false
time=2026-04-19T23:11:23.500+08:00 level=INFO msg=处理完成一个批次 latest_time="2026-04-18 23:28:51" latest_sender=铜冰鉴43228 latest_message=问在吗，不如直接问现 stop=true
time=2026-04-19T23:11:23.513+08:00 level=INFO msg=群聊历史抓取完成 new_count=392 history_dir=/home/duty/weibo_cron/clean_history state_file=/home/duty/weibo_cron/group_chat_state.json
time=2026-04-19T23:11:26.016+08:00 level=INFO msg=群聊摘要推送完成 message_count=1
time=2026-04-20T23:10:04.043+08:00 level=INFO msg=群聊模式配置加载完成 config=config.groupchat.yaml
time=2026-04-20T23:10:07.587+08:00 level=INFO msg=打开微博群聊页面 url="https://api.weibo.com/chat/#/chat?check_gid=4761715839862414&source_from=11" user_data_dir=/home/duty/weibo_cron/weibo_user_data browser_channel=chrome
time=2026-04-20T23:10:08.562+08:00 level=INFO msg=如未登录，请在打开的浏览器中完成登录；程序正在等待群聊消息接口返回
time=2026-04-20T23:10:09.818+08:00 level=INFO msg=群聊页面已加载，开始抓取历史消息
time=2026-04-20T23:10:12.257+08:00 level=INFO msg=处理完成一个批次 latest_time="2026-04-20 23:09:50" latest_sender=____方格 latest_message=今天我们白天聊到的有 stop=false
time=2026-04-20T23:10:12.411+08:00 level=INFO msg=处理完成一个批次 latest_time="2026-04-20 22:58:23" latest_sender=胖子快醒醒 latest_message=一般会突然出现。 stop=false
time=2026-04-20T23:10:14.089+08:00 level=INFO msg=处理完成一个批次 latest_time="2026-04-20 22:56:44" latest_sender=Aurora白White-little-hajimi latest_message=世界上的爱有很多种！ stop=false
time=2026-04-20T23:10:16.421+08:00 level=INFO msg=处理完成一个批次 latest_time="2026-04-20 22:52:02" latest_sender=一只方阿 latest_message=「穿黑色洞洞鞋已经体 stop=false
time=2026-04-20T23:10:18.149+08:00 level=INFO msg=处理完成一个批次 latest_time="2026-04-20 22:43:26" latest_sender=孟昭俊 latest_message=「羡慕能从吃喝中体会 stop=false
time=2026-04-20T23:10:19.962+08:00 level=INFO msg=处理完成一个批次 latest_time="2026-04-20 22:17:43" latest_sender=SF-CL latest_message=**攻击到**溢出 stop=false
time=2026-04-20T23:10:22.793+08:00 level=INFO msg=处理完成一个批次 latest_time="2026-04-20 21:53:20" latest_sender=拱bot latest_message=这个月爱奇艺涨幅14%了 stop=false
time=2026-04-20T23:10:24.935+08:00 level=INFO msg=处理完成一个批次 latest_time="2026-04-20 21:33:05" latest_sender=冰火岛的曾阿牛 latest_message=这是玉娇龙和罗小虎？ stop=false
time=2026-04-20T23:10:41.843+08:00 level=WARN msg="通过响应监听下载 fid 失败，尝试回退到浏览器内 fetch" fid=5289889303108489 err="timeout:Timeout 15000.00ms exceeded."
time=2026-04-20T23:10:41.957+08:00 level=WARN msg="浏览器内 fetch 下载 fid 失败" fid=5289889303108489 url="https://upload.api.weibo.com/2/mss/msget?fid=5289889303108489&source=209678993&imageType=origin&ts=1776697841843" err="TypeError: Failed to fetch"
time=2026-04-20T23:10:42.005+08:00 level=WARN msg="浏览器内 fetch 下载 fid 失败" fid=5289889303108489 url="https://upload.api.weibo.com/2/mss/msget?fid=5289889303108489&touid=4761715839862414&ts=1776697841843" err="TypeError: Failed to fetch"
time=2026-04-20T23:10:42.106+08:00 level=WARN msg="浏览器内 fetch 下载 fid 失败" fid=5289889303108489 url="https://upload.api.weibo.com/2/mss/msget?fid=5289889303108489&source=209678993&touid=4761715839862414&imageType=origin&ts=1776697841843" err="TypeError: Failed to fetch"
time=2026-04-20T23:10:42.106+08:00 level=WARN msg="浏览器内 fid 下载全部失败，尝试直接 HTTP 下载" fid=5289889303108489 err="TypeError: Failed to fetch"
time=2026-04-20T23:10:42.997+08:00 level=INFO msg="fid 媒体已通过直接 HTTP 回退下载成功" fid=5289889303108489 path=/home/duty/weibo_cron/chat_media_downloads/img_5289889303108489_芸芸众生：被生活转换的政治_沈乾飞.pdf
time=2026-04-20T23:10:57.865+08:00 level=INFO msg=处理完成一个批次 latest_time="2026-04-20 21:25:30" latest_sender=Seaces latest_message=[抱一抱][抱一抱]tk老师 stop=false
time=2026-04-20T23:10:59.814+08:00 level=INFO msg=处理完成一个批次 latest_time="2026-04-20 19:46:25" latest_sender=我还想吃饭 latest_message=http://weibo.com/1845864154/QB stop=false
time=2026-04-20T23:11:02.602+08:00 level=INFO msg=处理完成一个批次 latest_time="2026-04-20 18:05:28" latest_sender=一只方阿 latest_message="「@____方格 而且她第一" stop=false
time=2026-04-20T23:11:04.315+08:00 level=INFO msg=处理完成一个批次 latest_time="2026-04-20 17:39:57" latest_sender=____方格 latest_message="「@小大饼：@____方格 \xe4\xbd" stop=false
time=2026-04-20T23:11:06.201+08:00 level=INFO msg=处理完成一个批次 latest_time="2026-04-20 17:22:36" latest_sender=十月的米兰 latest_message=以前无脑消费的商品， stop=false
time=2026-04-20T23:11:08.118+08:00 level=INFO msg=处理完成一个批次 latest_time="2026-04-20 16:52:18" latest_sender=自由的西瓜L latest_message="17年的时候电影票大额\xe8" stop=false
time=2026-04-20T23:11:09.866+08:00 level=INFO msg=处理完成一个批次 latest_time="2026-04-20 16:40:18" latest_sender=seekwind_ latest_message=「我现在对国产的刻板 stop=false
time=2026-04-20T23:11:14.872+08:00 level=INFO msg=处理完成一个批次 latest_time="2026-04-20 16:29:07" latest_sender=我还想吃饭 latest_message=美剧也不好看了 stop=false
time=2026-04-20T23:11:16.927+08:00 level=INFO msg=处理完成一个批次 latest_time="2026-04-20 16:10:05" latest_sender=我爱吃肠粉001 latest_message=「跟一号土猪肉里的一 stop=false
time=2026-04-20T23:11:18.641+08:00 level=INFO msg=处理完成一个批次 latest_time="2026-04-20 15:53:56" latest_sender=响当当当的铜豌豆 latest_message=「也是好事，他自己做 stop=false
time=2026-04-20T23:11:20.336+08:00 level=INFO msg=处理完成一个批次 latest_time="2026-04-20 15:39:23" latest_sender=我爱吃肠粉001 latest_message=「奋斗精神和制度性的 stop=false
time=2026-04-20T23:11:22.420+08:00 level=INFO msg=处理完成一个批次 latest_time="2026-04-20 15:15:58" latest_sender=茴字的1970种写法 latest_message=我觉得不是不能加班。 stop=false
time=2026-04-20T23:11:26.172+08:00 level=INFO msg=处理完成一个批次 latest_time="2026-04-20 14:51:38" latest_sender=小大饼 latest_message=今天喝三杯免费咖啡（ stop=false
time=2026-04-20T23:11:29.447+08:00 level=INFO msg=处理完成一个批次 latest_time="2026-04-20 13:46:31" latest_sender=我还想吃饭 latest_message=学海无涯，我目前放弃 stop=false
time=2026-04-20T23:11:32.355+08:00 level=INFO msg=处理完成一个批次 latest_time="2026-04-20 13:07:12" latest_sender=xelnaga瞭望塔 latest_message=牛油果 stop=false
time=2026-04-20T23:11:36.511+08:00 level=INFO msg=处理完成一个批次 latest_time="2026-04-20 12:49:19" latest_sender=xelnaga瞭望塔 latest_message=估计是的。。 stop=false
time=2026-04-20T23:11:39.038+08:00 level=INFO msg=处理完成一个批次 latest_time="2026-04-20 12:39:23" latest_sender=我爱吃肠粉001 latest_message="「微博」\n- - - - - - - - -" stop=false
time=2026-04-20T23:11:40.899+08:00 level=INFO msg=处理完成一个批次 latest_time="2026-04-20 12:32:13" latest_sender=SnowChou latest_message=有一本书我特别推荐小 stop=false
time=2026-04-20T23:11:47.849+08:00 level=INFO msg=处理完成一个批次 latest_time="2026-04-20 12:17:58" latest_sender=羽化的布偶 latest_message=分享图片 stop=false
time=2026-04-20T23:11:56.357+08:00 level=INFO msg=处理完成一个批次 latest_time="2026-04-20 12:00:53" latest_sender=自由的西瓜L latest_message=第一次知道这事，好精 stop=false
time=2026-04-20T23:11:59.229+08:00 level=INFO msg=处理完成一个批次 latest_time="2026-04-20 11:33:36" latest_sender=我还想吃饭 latest_message=多试试，赢一次就有经 stop=false
time=2026-04-20T23:12:00.935+08:00 level=INFO msg=处理完成一个批次 latest_time="2026-04-20 11:19:34" latest_sender=nkaifang latest_message=上牌桌就要有觉悟 stop=false
time=2026-04-20T23:12:02.991+08:00 level=INFO msg=处理完成一个批次 latest_time="2026-04-20 11:00:07" latest_sender=我爱吃肠粉001 latest_message=据非官方消息透露，Dee stop=false
time=2026-04-20T23:12:04.792+08:00 level=INFO msg=处理完成一个批次 latest_time="2026-04-20 09:36:53" latest_sender=今晚早睡叭 latest_message=早 stop=false
time=2026-04-20T23:12:21.731+08:00 level=WARN msg="通过响应监听下载 fid 失败，尝试回退到浏览器内 fetch" fid=5289682503993158 err="timeout:Timeout 15000.00ms exceeded."
time=2026-04-20T23:12:21.817+08:00 level=WARN msg="浏览器内 fetch 下载 fid 失败" fid=5289682503993158 url="https://upload.api.weibo.com/2/mss/msget?fid=5289682503993158&source=209678993&imageType=origin&ts=1776697941731" err="TypeError: Failed to fetch"
time=2026-04-20T23:12:21.857+08:00 level=WARN msg="浏览器内 fetch 下载 fid 失败" fid=5289682503993158 url="https://upload.api.weibo.com/2/mss/msget?fid=5289682503993158&touid=4761715839862414&ts=1776697941731" err="TypeError: Failed to fetch"
time=2026-04-20T23:12:21.938+08:00 level=WARN msg="浏览器内 fetch 下载 fid 失败" fid=5289682503993158 url="https://upload.api.weibo.com/2/mss/msget?fid=5289682503993158&source=209678993&touid=4761715839862414&imageType=origin&ts=1776697941731" err="TypeError: Failed to fetch"
time=2026-04-20T23:12:21.938+08:00 level=WARN msg="浏览器内 fid 下载全部失败，尝试直接 HTTP 下载" fid=5289682503993158 err="TypeError: Failed to fetch"
time=2026-04-20T23:12:22.235+08:00 level=INFO msg="fid 媒体已通过直接 HTTP 回退下载成功" fid=5289682503993158 path=/home/duty/weibo_cron/chat_media_downloads/img_5289682503993158_茧房日报260419.pdf
time=2026-04-20T23:12:22.236+08:00 level=INFO msg=处理完成一个批次 latest_time="2026-04-20 08:13:50" latest_sender=HannahArendtErichFromm latest_message=早 stop=false
time=2026-04-20T23:12:26.642+08:00 level=INFO msg=处理完成一个批次 latest_time="2026-04-20 07:10:27" latest_sender=vb____ latest_message=早 stop=false
time=2026-04-20T23:12:28.726+08:00 level=INFO msg=处理完成一个批次 latest_time="2026-04-20 02:11:14" latest_sender=tk今天盲猜关注列表了吗 latest_message="0.10元，@拾人牙慧的复\xe8" stop=false
time=2026-04-20T23:12:30.611+08:00 level=INFO msg=处理完成一个批次 latest_time="2026-04-20 00:11:12" latest_sender=铜冰鉴43228 latest_message=你为什么不举【用来攻 stop=false
time=2026-04-20T23:12:32.457+08:00 level=INFO msg=处理完成一个批次 latest_time="2026-04-19 23:11:39" latest_sender=茴字的1970种写法 latest_message=“不举”那里的句读我 stop=true
time=2026-04-20T23:12:32.480+08:00 level=INFO msg=群聊历史抓取完成 new_count=722 history_dir=/home/duty/weibo_cron/clean_history state_file=/home/duty/weibo_cron/group_chat_state.json
time=2026-04-20T23:12:41.017+08:00 level=INFO msg=群聊摘要推送完成 message_count=1
time=2026-04-21T23:10:03.472+08:00 level=INFO msg=群聊模式配置加载完成 config=config.groupchat.yaml
time=2026-04-21T23:10:07.065+08:00 level=INFO msg=打开微博群聊页面 url="https://api.weibo.com/chat/#/chat?check_gid=4761715839862414&source_from=11" user_data_dir=/home/duty/weibo_cron/weibo_user_data browser_channel=chrome
time=2026-04-21T23:10:08.082+08:00 level=INFO msg=如未登录，请在打开的浏览器中完成登录；程序正在等待群聊消息接口返回
time=2026-04-21T23:10:09.550+08:00 level=INFO msg=群聊页面已加载，开始抓取历史消息
time=2026-04-21T23:10:11.667+08:00 level=INFO msg=处理完成一个批次 latest_time="2026-04-21 23:10:06" latest_sender=梦星河200602 latest_message=http://weibo.com/7953761169/QB stop=false
time=2026-04-21T23:10:12.361+08:00 level=INFO msg=处理完成一个批次 latest_time="2026-04-21 22:07:09" latest_sender=阿尼亚是安妮亞 latest_message=分享图片 stop=false
time=2026-04-21T23:10:15.062+08:00 level=INFO msg=处理完成一个批次 latest_time="2026-04-21 21:57:28" latest_sender=梦星河200602 latest_message=这个太搞了，我想的时 stop=false
time=2026-04-21T23:10:17.755+08:00 level=INFO msg=处理完成一个批次 latest_time="2026-04-21 21:47:41" latest_sender=黄健楸 latest_message="「图片」\n- - - - - - - - -" stop=false
time=2026-04-21T23:10:20.231+08:00 level=INFO msg=处理完成一个批次 latest_time="2026-04-21 21:32:53" latest_sender=色姬芭 latest_message=http://weibo.com/7970872656/QB stop=false
time=2026-04-21T23:10:22.294+08:00 level=INFO msg=处理完成一个批次 latest_time="2026-04-21 20:50:02" latest_sender=Cain_nitelord latest_message=分享图片 stop=false
time=2026-04-21T23:10:24.141+08:00 level=INFO msg=处理完成一个批次 latest_time="2026-04-21 19:18:46" latest_sender=梦星河200602 latest_message="「浦银安盛，限额1000\xe3\x80" stop=false
time=2026-04-21T23:10:26.079+08:00 level=INFO msg=处理完成一个批次 latest_time="2026-04-21 18:54:18" latest_sender=小大饼 latest_message=感觉我经不住考验 stop=false
time=2026-04-21T23:10:29.179+08:00 level=INFO msg=处理完成一个批次 latest_time="2026-04-21 18:09:55" latest_sender=自由的西瓜L latest_message=分享图片 stop=false
time=2026-04-21T23:10:31.151+08:00 level=INFO msg=处理完成一个批次 latest_time="2026-04-21 17:43:28" latest_sender=Mika_Joe latest_message=我也想到我switch一直在 stop=false
time=2026-04-21T23:10:32.806+08:00 level=INFO msg=处理完成一个批次 latest_time="2026-04-21 16:47:53" latest_sender=蓦回溯光 latest_message=相机甚至是超长时间充 stop=false
time=2026-04-21T23:10:34.459+08:00 level=INFO msg=处理完成一个批次 latest_time="2026-04-21 16:37:37" latest_sender=Jane王师傅 latest_message=。。。 stop=false
time=2026-04-21T23:10:40.024+08:00 level=INFO msg=处理完成一个批次 latest_time="2026-04-21 16:13:40" latest_sender=Jane王师傅 latest_message=吼，这个等一月再买的 stop=false
time=2026-04-21T23:10:43.519+08:00 level=INFO msg=处理完成一个批次 latest_time="2026-04-21 16:06:15" latest_sender=一团意大利面 latest_message=分享图片 stop=false
time=2026-04-21T23:10:45.189+08:00 level=INFO msg=处理完成一个批次 latest_time="2026-04-21 15:36:44" latest_sender=亚奇奇洛贝 latest_message=再给我说惹.jpg stop=false
time=2026-04-21T23:10:46.925+08:00 level=INFO msg=处理完成一个批次 latest_time="2026-04-21 15:23:02" latest_sender=TopRoe latest_message=医生到现在还没跟你说 stop=false
time=2026-04-21T23:10:49.146+08:00 level=INFO msg=处理完成一个批次 latest_time="2026-04-21 14:27:03" latest_sender=seekwind_ latest_message=http://weibo.com/1800591743/QB stop=false
time=2026-04-21T23:10:52.682+08:00 level=INFO msg=处理完成一个批次 latest_time="2026-04-21 13:22:15" latest_sender=髼鑯 latest_message=分享图片 stop=false
time=2026-04-21T23:10:57.663+08:00 level=INFO msg=处理完成一个批次 latest_time="2026-04-21 13:03:07" latest_sender=-村里人称球霸天 latest_message="-村里人称球霸天 撤回\xe4" stop=false
time=2026-04-21T23:10:59.487+08:00 level=INFO msg=处理完成一个批次 latest_time="2026-04-21 12:41:16" latest_sender=目兮0904 latest_message="「「图片」\n- - - - - - - " stop=false
time=2026-04-21T23:11:01.349+08:00 level=INFO msg=处理完成一个批次 latest_time="2026-04-21 12:23:32" latest_sender=Iris_0809 latest_message=[允悲] stop=false
time=2026-04-21T23:11:04.367+08:00 level=INFO msg=处理完成一个批次 latest_time="2026-04-21 12:14:49" latest_sender=xelnaga瞭望塔 latest_message=分享图片 stop=false
time=2026-04-21T23:11:06.701+08:00 level=INFO msg=处理完成一个批次 latest_time="2026-04-21 12:06:06" latest_sender=堂食也叫内用 latest_message=「说到键盘，借楼追问 stop=false
time=2026-04-21T23:11:08.542+08:00 level=INFO msg=处理完成一个批次 latest_time="2026-04-21 11:59:51" latest_sender=冰火岛的曾阿牛 latest_message=拆卖把盘片掰了不就行 stop=false
time=2026-04-21T23:11:11.882+08:00 level=INFO msg=处理完成一个批次 latest_time="2026-04-21 11:55:15" latest_sender=小大饼 latest_message="小大饼 撤回了一条消\xe6\x81" stop=false
time=2026-04-21T23:11:14.741+08:00 level=INFO msg=处理完成一个批次 latest_time="2026-04-21 11:39:07" latest_sender=粉丝群 latest_message=涉及资金问题请务必提 stop=false
time=2026-04-21T23:11:16.393+08:00 level=INFO msg=处理完成一个批次 latest_time="2026-04-21 11:03:50" latest_sender=羽化的布偶 latest_message=「有小饼了，还用大饼 stop=false
time=2026-04-21T23:11:18.370+08:00 level=INFO msg=处理完成一个批次 latest_time="2026-04-21 10:34:27" latest_sender=我还想吃饭 latest_message=「我搞了一个定制群客 stop=false
time=2026-04-21T23:11:21.313+08:00 level=INFO msg=处理完成一个批次 latest_time="2026-04-21 09:42:34" latest_sender=拱bot latest_message=光同步了，可可喝了 stop=false
time=2026-04-21T23:11:24.724+08:00 level=INFO msg=处理完成一个批次 latest_time="2026-04-21 08:53:33" latest_sender=CZW2025 latest_message=http://weibo.com/1111681197/QB stop=false
time=2026-04-21T23:11:26.424+08:00 level=INFO msg=处理完成一个批次 latest_time="2026-04-21 08:01:02" latest_sender=小码想想 latest_message=早 stop=false
time=2026-04-21T23:11:43.163+08:00 level=WARN msg="通过响应监听下载 fid 失败，尝试回退到浏览器内 fetch" fid=5289978041205405 err="timeout:Timeout 15000.00ms exceeded."
time=2026-04-21T23:11:43.291+08:00 level=WARN msg="浏览器内 fetch 下载 fid 失败" fid=5289978041205405 url="https://upload.api.weibo.com/2/mss/msget?fid=5289978041205405&source=209678993&imageType=origin&ts=1776784303163" err="TypeError: Failed to fetch"
time=2026-04-21T23:11:43.341+08:00 level=WARN msg="浏览器内 fetch 下载 fid 失败" fid=5289978041205405 url="https://upload.api.weibo.com/2/mss/msget?fid=5289978041205405&touid=4761715839862414&ts=1776784303163" err="TypeError: Failed to fetch"
time=2026-04-21T23:11:43.444+08:00 level=WARN msg="浏览器内 fetch 下载 fid 失败" fid=5289978041205405 url="https://upload.api.weibo.com/2/mss/msget?fid=5289978041205405&source=209678993&touid=4761715839862414&imageType=origin&ts=1776784303163" err="TypeError: Failed to fetch"
time=2026-04-21T23:11:43.444+08:00 level=WARN msg="浏览器内 fid 下载全部失败，尝试直接 HTTP 下载" fid=5289978041205405 err="TypeError: Failed to fetch"
time=2026-04-21T23:11:43.775+08:00 level=INFO msg="fid 媒体已通过直接 HTTP 回退下载成功" fid=5289978041205405 path=/home/duty/weibo_cron/chat_media_downloads/img_5289978041205405_茧房日报260420.pdf
time=2026-04-21T23:11:44.301+08:00 level=INFO msg=处理完成一个批次 latest_time="2026-04-21 06:11:35" latest_sender=小鹿纯子买咸酸 latest_message=早 stop=false
time=2026-04-21T23:12:01.063+08:00 level=WARN msg="通过响应监听下载 fid 失败，尝试回退到浏览器内 fetch" fid=5289950896719342 err="timeout:Timeout 15000.00ms exceeded."
time=2026-04-21T23:12:01.118+08:00 level=WARN msg="浏览器内 fetch 下载 fid 失败" fid=5289950896719342 url="https://upload.api.weibo.com/2/mss/msget?fid=5289950896719342&source=209678993&imageType=origin&ts=1776784321063" err="TypeError: Failed to fetch"
time=2026-04-21T23:12:01.157+08:00 level=WARN msg="浏览器内 fetch 下载 fid 失败" fid=5289950896719342 url="https://upload.api.weibo.com/2/mss/msget?fid=5289950896719342&touid=4761715839862414&ts=1776784321063" err="TypeError: Failed to fetch"
time=2026-04-21T23:12:01.219+08:00 level=WARN msg="浏览器内 fetch 下载 fid 失败" fid=5289950896719342 url="https://upload.api.weibo.com/2/mss/msget?fid=5289950896719342&source=209678993&touid=4761715839862414&imageType=origin&ts=1776784321063" err="TypeError: Failed to fetch"
time=2026-04-21T23:12:01.219+08:00 level=WARN msg="浏览器内 fid 下载全部失败，尝试直接 HTTP 下载" fid=5289950896719342 err="TypeError: Failed to fetch"
time=2026-04-21T23:12:01.262+08:00 level=WARN msg="直接 HTTP 下载 fid 失败" fid=5289950896719342 url="https://upload.api.weibo.com/2/mss/msget?fid=5289950896719342&source=209678993&imageType=origin&ts=1776784321063" err="HTTP 400: {\"error\":\"illege file deleted,fid is 5289950896719342,resourceFid is 5289950887673880,uid is 6355013357\",\"error_code\":20367,\"request\":\"/2/mss/msget\",\"http_code\":400,\"request_id\":\"164617412136112306\"}"
time=2026-04-21T23:12:01.293+08:00 level=WARN msg="直接 HTTP 下载 fid 失败" fid=5289950896719342 url="https://upload.api.weibo.com/2/mss/msget?fid=5289950896719342&touid=4761715839862414&ts=1776784321063" err="HTTP 400: {\"error\":\"auth failed!\",\"error_code\":20360,\"request\":\"/2/mss/msget\",\"http_code\":400,\"request_id\":\"162785067414447551\"}"
time=2026-04-21T23:12:01.349+08:00 level=WARN msg="直接 HTTP 下载 fid 失败" fid=5289950896719342 url="https://upload.api.weibo.com/2/mss/msget?fid=5289950896719342&source=209678993&touid=4761715839862414&imageType=origin&ts=1776784321063" err="HTTP 400: {\"error\":\"illege file deleted,fid is 5289950896719342,resourceFid is 5289950887673880,uid is 6355013357\",\"error_code\":20367,\"request\":\"/2/mss/msget\",\"http_code\":400,\"request_id\":\"162541525590686979\"}"
time=2026-04-21T23:12:01.349+08:00 level=ERROR msg="按 fid 下载媒体失败" fid=5289950896719342 err="HTTP 400: {\"error\":\"illege file deleted,fid is 5289950896719342,resourceFid is 5289950887673880,uid is 6355013357\",\"error_code\":20367,\"request\":\"/2/mss/msget\",\"http_code\":400,\"request_id\":\"162541525590686979\"}"
time=2026-04-21T23:12:01.349+08:00 level=WARN msg=已保存媒体下载失败消息 path=/home/duty/weibo_cron/clean_history/failed_media_messages.jsonl message_id=5289950900650132 media_type=fid media_ref=5289950896719342
time=2026-04-21T23:12:01.350+08:00 level=INFO msg=处理完成一个批次 latest_time="2026-04-21 01:29:46" latest_sender=Aurora白White-little-hajimi latest_message=大概意思是：身材和脸 stop=false
time=2026-04-21T23:12:03.496+08:00 level=INFO msg=处理完成一个批次 latest_time="2026-04-21 00:34:00" latest_sender=是包包捏 latest_message=夜深了，点个麦麦当宵 stop=false
time=2026-04-21T23:12:05.547+08:00 level=INFO msg=处理完成一个批次 latest_time="2026-04-21 00:00:09" latest_sender=Aviator_hu latest_message=异环 stop=false
time=2026-04-21T23:12:07.516+08:00 level=INFO msg=处理完成一个批次 latest_time="2026-04-20 23:32:31" latest_sender=3ric2hao latest_message=都是姐妹 stop=false
time=2026-04-21T23:12:09.829+08:00 level=INFO msg=处理完成一个批次 latest_time="2026-04-20 23:17:53" latest_sender=Aurora白White-little-hajimi latest_message=「第一面镇住学生，后 stop=true
time=2026-04-21T23:12:09.853+08:00 level=INFO msg=群聊历史抓取完成 new_count=726 history_dir=/home/duty/weibo_cron/clean_history state_file=/home/duty/weibo_cron/group_chat_state.json
time=2026-04-21T23:12:16.286+08:00 level=INFO msg=群聊摘要推送完成 message_count=1
/usr/bin/xvfb-run: line 185: kill: (475622) - No such process
time=2026-04-22T23:10:03.729+08:00 level=INFO msg=群聊模式配置加载完成 config=config.groupchat.yaml
time=2026-04-22T23:10:07.236+08:00 level=INFO msg=打开微博群聊页面 url="https://api.weibo.com/chat/#/chat?check_gid=4761715839862414&source_from=11" user_data_dir=/home/duty/weibo_cron/weibo_user_data browser_channel=chrome
time=2026-04-22T23:10:08.259+08:00 level=INFO msg=如未登录，请在打开的浏览器中完成登录；程序正在等待群聊消息接口返回
time=2026-04-22T23:10:09.501+08:00 level=INFO msg=群聊页面已加载，开始抓取历史消息
time=2026-04-22T23:10:10.299+08:00 level=INFO msg=处理完成一个批次 latest_time="2026-04-22 23:03:03" latest_sender=一团意大利面 latest_message=气死惹 stop=false
time=2026-04-22T23:10:10.591+08:00 level=INFO msg=处理完成一个批次 latest_time="2026-04-22 22:32:06" latest_sender=要做一个可爱的人 latest_message="「图片」\n- - - - - - - - -" stop=false
time=2026-04-22T23:10:12.744+08:00 level=INFO msg=处理完成一个批次 latest_time="2026-04-22 22:04:51" latest_sender=响当当当的铜豌豆 latest_message=「今晚有点不寻常啊， stop=false
time=2026-04-22T23:10:14.535+08:00 level=INFO msg=处理完成一个批次 latest_time="2026-04-22 21:27:12" latest_sender=黄健楸 latest_message=广州便宜的连锁快餐店 stop=false
time=2026-04-22T23:10:16.431+08:00 level=INFO msg=处理完成一个批次 latest_time="2026-04-22 20:31:00" latest_sender=茴字的1970种写法 latest_message=我们从日本人那里跟译 stop=false
time=2026-04-22T23:10:18.419+08:00 level=INFO msg=处理完成一个批次 latest_time="2026-04-22 19:36:46" latest_sender=___RANI___ latest_message=啊？不是重复基建嘛 stop=false
time=2026-04-22T23:10:20.921+08:00 level=INFO msg=处理完成一个批次 latest_time="2026-04-22 18:24:47" latest_sender=铜冰鉴43228 latest_message=3M还有皮革修补胶带 stop=false
time=2026-04-22T23:10:25.028+08:00 level=INFO msg=处理完成一个批次 latest_time="2026-04-22 18:11:43" latest_sender=小大饼 latest_message=http://weibo.com/6055885904/QB stop=false
time=2026-04-22T23:10:27.024+08:00 level=INFO msg=处理完成一个批次 latest_time="2026-04-22 17:58:32" latest_sender=茴字的1970种写法 latest_message="「微博」\n- - - - - - - - -" stop=false
time=2026-04-22T23:10:28.729+08:00 level=INFO msg=处理完成一个批次 latest_time="2026-04-22 17:36:36" latest_sender=o0李筱楼0o latest_message=最近想增肌的，不知道 stop=false
time=2026-04-22T23:10:30.846+08:00 level=INFO msg=处理完成一个批次 latest_time="2026-04-22 17:11:14" latest_sender=自由的西瓜L latest_message=余华是真知道这个事的 stop=false
time=2026-04-22T23:10:32.704+08:00 level=INFO msg=处理完成一个批次 latest_time="2026-04-22 16:58:27" latest_sender=自由的西瓜L latest_message="「@亚奇奇洛贝:现在血\xe7" stop=false
time=2026-04-22T23:10:34.376+08:00 level=INFO msg=处理完成一个批次 latest_time="2026-04-22 16:42:14" latest_sender=小鹿纯子买咸酸 latest_message=[动画表情] stop=false
time=2026-04-22T23:10:37.034+08:00 level=INFO msg=处理完成一个批次 latest_time="2026-04-22 16:29:03" latest_sender=茴字的1970种写法 latest_message=美国人怎么处理这个问 stop=false
time=2026-04-22T23:10:40.110+08:00 level=INFO msg=处理完成一个批次 latest_time="2026-04-22 16:01:25" latest_sender=___RANI___ latest_message=看具体内容个毛啊，具 stop=false
time=2026-04-22T23:10:42.458+08:00 level=INFO msg=处理完成一个批次 latest_time="2026-04-22 15:33:51" latest_sender=自由的西瓜L latest_message=分享图片 stop=false
time=2026-04-22T23:10:44.369+08:00 level=INFO msg=处理完成一个批次 latest_time="2026-04-22 15:17:13" latest_sender=蓦回溯光 latest_message=分享图片 stop=false
time=2026-04-22T23:10:46.164+08:00 level=INFO msg=处理完成一个批次 latest_time="2026-04-22 14:59:24" latest_sender=干拌面过冷水 latest_message=「居然有人还没回本啊 stop=false
time=2026-04-22T23:10:48.596+08:00 level=INFO msg=处理完成一个批次 latest_time="2026-04-22 14:46:01" latest_sender=四岚1883 latest_message=官方的用着还行，凑合 stop=false
time=2026-04-22T23:10:53.756+08:00 level=INFO msg=处理完成一个批次 latest_time="2026-04-22 14:23:42" latest_sender=小大饼 latest_message=http://t.cn/AXxiCcns stop=false
time=2026-04-22T23:10:55.514+08:00 level=INFO msg=处理完成一个批次 latest_time="2026-04-22 13:34:32" latest_sender=小大饼 latest_message="「微博」\n- - - - - - - - -" stop=false
time=2026-04-22T23:10:57.418+08:00 level=INFO msg=处理完成一个批次 latest_time="2026-04-22 12:52:37" latest_sender=SnowChou latest_message="「图片」\n- - - - - - - - -" stop=false
time=2026-04-22T23:11:01.787+08:00 level=INFO msg=处理完成一个批次 latest_time="2026-04-22 12:39:10" latest_sender=茴字的1970种写法 latest_message="unix 时间戳" stop=false
time=2026-04-22T23:11:03.501+08:00 level=INFO msg=处理完成一个批次 latest_time="2026-04-22 12:09:02" latest_sender=茴字的1970种写法 latest_message=来总有指示，欧洲工业 stop=false
time=2026-04-22T23:11:06.036+08:00 level=INFO msg=处理完成一个批次 latest_time="2026-04-22 12:01:13" latest_sender=我还想吃饭 latest_message=其实日韩等不能保证能 stop=false
time=2026-04-22T23:11:07.853+08:00 level=INFO msg=处理完成一个批次 latest_time="2026-04-22 11:21:39" latest_sender=自由的西瓜L latest_message=http://weibo.com/1401527553/Js stop=false
time=2026-04-22T23:11:09.942+08:00 level=INFO msg=处理完成一个批次 latest_time="2026-04-22 10:52:36" latest_sender=一蓑烟雨任平生WB latest_message=分享图片 stop=false
time=2026-04-22T23:11:12.543+08:00 level=INFO msg=处理完成一个批次 latest_time="2026-04-22 10:35:15" latest_sender=nkaifang latest_message="这 id 配上这博文" stop=false
time=2026-04-22T23:11:14.830+08:00 level=INFO msg=处理完成一个批次 latest_time="2026-04-22 09:48:44" latest_sender=小大饼 latest_message=http://weibo.com/1401527553/QB stop=false
time=2026-04-22T23:11:17.549+08:00 level=INFO msg=处理完成一个批次 latest_time="2026-04-22 09:32:22" latest_sender=北角60度 latest_message="「@阿尼亚是安妮亞:那\xe6" stop=false
time=2026-04-22T23:11:20.012+08:00 level=INFO msg=处理完成一个批次 latest_time="2026-04-22 08:58:44" latest_sender=羽化的布偶 latest_message=「「「我昨天也亏钱了 stop=false
time=2026-04-22T23:11:21.684+08:00 level=INFO msg=处理完成一个批次 latest_time="2026-04-22 08:10:52" latest_sender=小鹿纯子买咸酸 latest_message=是不是也像饼老师那般 stop=false
time=2026-04-22T23:11:23.339+08:00 level=INFO msg=处理完成一个批次 latest_time="2026-04-22 07:34:23" latest_sender=拖延-症再见 latest_message=早 stop=false
time=2026-04-22T23:11:40.105+08:00 level=WARN msg="通过响应监听下载 fid 失败，尝试回退到浏览器内 fetch" fid=5290340481237281 err="timeout:Timeout 15000.00ms exceeded."
time=2026-04-22T23:11:40.235+08:00 level=WARN msg="浏览器内 fetch 下载 fid 失败" fid=5290340481237281 url="https://upload.api.weibo.com/2/mss/msget?fid=5290340481237281&source=209678993&imageType=origin&ts=1776870700105" err="TypeError: Failed to fetch"
time=2026-04-22T23:11:40.273+08:00 level=WARN msg="浏览器内 fetch 下载 fid 失败" fid=5290340481237281 url="https://upload.api.weibo.com/2/mss/msget?fid=5290340481237281&touid=4761715839862414&ts=1776870700105" err="TypeError: Failed to fetch"
time=2026-04-22T23:11:40.360+08:00 level=WARN msg="浏览器内 fetch 下载 fid 失败" fid=5290340481237281 url="https://upload.api.weibo.com/2/mss/msget?fid=5290340481237281&source=209678993&touid=4761715839862414&imageType=origin&ts=1776870700105" err="TypeError: Failed to fetch"
time=2026-04-22T23:11:40.360+08:00 level=WARN msg="浏览器内 fid 下载全部失败，尝试直接 HTTP 下载" fid=5290340481237281 err="TypeError: Failed to fetch"
time=2026-04-22T23:11:40.738+08:00 level=INFO msg="fid 媒体已通过直接 HTTP 回退下载成功" fid=5290340481237281 path=/home/duty/weibo_cron/chat_media_downloads/img_5290340481237281_茧房日报260421.pdf
time=2026-04-22T23:11:41.640+08:00 level=INFO msg=处理完成一个批次 latest_time="2026-04-22 05:57:13" latest_sender=此1234567 latest_message=早 stop=false
time=2026-04-22T23:11:45.375+08:00 level=INFO msg=处理完成一个批次 latest_time="2026-04-21 23:57:25" latest_sender=等下就去吃饭 latest_message=这个真的能干掉很多设 stop=false
time=2026-04-22T23:11:47.335+08:00 level=INFO msg=处理完成一个批次 latest_time="2026-04-21 23:23:41" latest_sender=_86cc latest_message=分享图片 stop=true
time=2026-04-22T23:11:47.359+08:00 level=INFO msg=群聊历史抓取完成 new_count=709 history_dir=/home/duty/weibo_cron/clean_history state_file=/home/duty/weibo_cron/group_chat_state.json
time=2026-04-22T23:11:49.392+08:00 level=INFO msg=群聊摘要推送完成 message_count=1
/usr/bin/xvfb-run: line 185: kill: (493864) - No such process
time=2026-04-23T23:10:03.774+08:00 level=INFO msg=群聊模式配置加载完成 config=config.groupchat.yaml
time=2026-04-23T23:10:07.342+08:00 level=INFO msg=打开微博群聊页面 url="https://api.weibo.com/chat/#/chat?check_gid=4761715839862414&source_from=11" user_data_dir=/home/duty/weibo_cron/weibo_user_data browser_channel=chrome
time=2026-04-23T23:10:08.373+08:00 level=INFO msg=如未登录，请在打开的浏览器中完成登录；程序正在等待群聊消息接口返回
time=2026-04-23T23:10:09.812+08:00 level=INFO msg=群聊页面已加载，开始抓取历史消息
time=2026-04-23T23:10:11.011+08:00 level=INFO msg=处理完成一个批次 latest_time="2026-04-23 22:58:51" latest_sender=拱bot latest_message="@小大饼 这个朱甜心有\xe7" stop=false
time=2026-04-23T23:10:11.475+08:00 level=INFO msg=处理完成一个批次 latest_time="2026-04-23 22:18:46" latest_sender=茴字的1970种写法 latest_message="我之前说的 MIT 的课程\xe5" stop=false
time=2026-04-23T23:10:13.410+08:00 level=INFO msg=处理完成一个批次 latest_time="2026-04-23 22:03:17" latest_sender=茴字的1970种写法 latest_message=但是，我确实有一个滑 stop=false
time=2026-04-23T23:10:16.532+08:00 level=INFO msg=处理完成一个批次 latest_time="2026-04-23 21:40:19" latest_sender=茴字的1970种写法 latest_message=如果这些微博仍然敢于 stop=false
time=2026-04-23T23:10:20.767+08:00 level=INFO msg=处理完成一个批次 latest_time="2026-04-23 21:24:57" latest_sender=茴字的1970种写法 latest_message=除了他自己开的课外。 stop=false
time=2026-04-23T23:10:23.437+08:00 level=INFO msg=处理完成一个批次 latest_time="2026-04-23 21:16:21" latest_sender=梦星河200602 latest_message=分享图片 stop=false
time=2026-04-23T23:10:25.662+08:00 level=INFO msg=处理完成一个批次 latest_time="2026-04-23 20:17:48" latest_sender=茴字的1970种写法 latest_message=真正的强者会更进一步 stop=false
time=2026-04-23T23:10:28.023+08:00 level=INFO msg=处理完成一个批次 latest_time="2026-04-23 19:04:01" latest_sender=酒仙桥退堂鼓表演艺术家 latest_message=分享图片 stop=false
time=2026-04-23T23:10:30.548+08:00 level=INFO msg=处理完成一个批次 latest_time="2026-04-23 18:46:45" latest_sender=小大饼 latest_message=分享图片 stop=false
time=2026-04-23T23:10:32.378+08:00 level=INFO msg=处理完成一个批次 latest_time="2026-04-23 18:26:24" latest_sender=响当当当的铜豌豆 latest_message=买了生可可一直没吃， stop=false
time=2026-04-23T23:10:34.476+08:00 level=INFO msg=处理完成一个批次 latest_time="2026-04-23 18:03:51" latest_sender=铜冰鉴43228 latest_message="「图片」\n- - - - - - - - -" stop=false
time=2026-04-23T23:10:37.278+08:00 level=INFO msg=处理完成一个批次 latest_time="2026-04-23 17:56:16" latest_sender=铜冰鉴43228 latest_message=我想用的是Excel的 stop=false
time=2026-04-23T23:10:39.659+08:00 level=INFO msg=处理完成一个批次 latest_time="2026-04-23 17:43:07" latest_sender=茴字的1970种写法 latest_message=注明下，上面这段是开 stop=false
time=2026-04-23T23:10:41.669+08:00 level=INFO msg=处理完成一个批次 latest_time="2026-04-23 17:28:10" latest_sender=我还想吃饭 latest_message=都能信这个了还说啥， stop=false
time=2026-04-23T23:10:43.523+08:00 level=INFO msg=处理完成一个批次 latest_time="2026-04-23 17:02:17" latest_sender=tqtq latest_message=「当然我们掌握的公开 stop=false
time=2026-04-23T23:10:45.188+08:00 level=INFO msg=处理完成一个批次 latest_time="2026-04-23 16:45:39" latest_sender=十月的米兰 latest_message="「「文件」\n- - - - - - - " stop=false
time=2026-04-23T23:11:01.910+08:00 level=WARN msg="通过响应监听下载 fid 失败，尝试回退到浏览器内 fetch" fid=5290899656674460 err="timeout:Timeout 15000.00ms exceeded."
time=2026-04-23T23:11:01.977+08:00 level=WARN msg="浏览器内 fetch 下载 fid 失败" fid=5290899656674460 url="https://upload.api.weibo.com/2/mss/msget?fid=5290899656674460&source=209678993&imageType=origin&ts=1776957061910" err="TypeError: Failed to fetch"
time=2026-04-23T23:11:02.019+08:00 level=WARN msg="浏览器内 fetch 下载 fid 失败" fid=5290899656674460 url="https://upload.api.weibo.com/2/mss/msget?fid=5290899656674460&touid=4761715839862414&ts=1776957061910" err="TypeError: Failed to fetch"
time=2026-04-23T23:11:02.156+08:00 level=WARN msg="浏览器内 fetch 下载 fid 失败" fid=5290899656674460 url="https://upload.api.weibo.com/2/mss/msget?fid=5290899656674460&source=209678993&touid=4761715839862414&imageType=origin&ts=1776957061910" err="TypeError: Failed to fetch"
time=2026-04-23T23:11:02.156+08:00 level=WARN msg="浏览器内 fid 下载全部失败，尝试直接 HTTP 下载" fid=5290899656674460 err="TypeError: Failed to fetch"
time=2026-04-23T23:11:02.487+08:00 level=INFO msg="fid 媒体已通过直接 HTTP 回退下载成功" fid=5290899656674460 path=/home/duty/weibo_cron/chat_media_downloads/img_5290899656674460_TK健康养生知识沉淀·春季卷.pdf
time=2026-04-23T23:11:02.487+08:00 level=INFO msg=处理完成一个批次 latest_time="2026-04-23 16:29:21" latest_sender=铜冰鉴43228 latest_message="「「文件」\n- - - - - - - " stop=false
time=2026-04-23T23:11:04.364+08:00 level=INFO msg=处理完成一个批次 latest_time="2026-04-23 16:16:16" latest_sender=十月的米兰 latest_message=人类会不会最终自己把 stop=false
time=2026-04-23T23:11:06.120+08:00 level=INFO msg=处理完成一个批次 latest_time="2026-04-23 16:01:22" latest_sender=梦星河200602 latest_message=东大的战略失误 stop=false
time=2026-04-23T23:11:07.887+08:00 level=INFO msg=处理完成一个批次 latest_time="2026-04-23 15:42:17" latest_sender=蓦回溯光 latest_message=「女子做储君，有专有 stop=false
time=2026-04-23T23:11:09.682+08:00 level=INFO msg=处理完成一个批次 latest_time="2026-04-23 15:10:12" latest_sender=小大饼 latest_message=说到外包我就不困了 stop=false
time=2026-04-23T23:11:49.646+08:00 level=INFO msg=处理完成一个批次 latest_time="2026-04-23 14:39:57" latest_sender=一团意大利面 latest_message=分享图片 stop=false
time=2026-04-23T23:11:55.383+08:00 level=INFO msg=处理完成一个批次 latest_time="2026-04-23 13:52:59" latest_sender=亲爱的L先森 latest_message="「微博」\n- - - - - - - - -" stop=false
time=2026-04-23T23:11:57.516+08:00 level=INFO msg=处理完成一个批次 latest_time="2026-04-23 13:34:13" latest_sender=小大饼 latest_message=我想和妹妹们惹因果~ stop=false
time=2026-04-23T23:11:59.839+08:00 level=INFO msg=处理完成一个批次 latest_time="2026-04-23 13:16:06" latest_sender=孟昭俊 latest_message=[动画表情] stop=false
time=2026-04-23T23:12:03.445+08:00 level=INFO msg=处理完成一个批次 latest_time="2026-04-23 12:56:57" latest_sender=我还想吃饭 latest_message=「原来经销商强制搭售 stop=false
time=2026-04-23T23:12:05.497+08:00 level=INFO msg=处理完成一个批次 latest_time="2026-04-23 12:44:06" latest_sender=万物既渺小又伟大 latest_message=「「哪些跌停了，我要 stop=false
time=2026-04-23T23:12:07.453+08:00 level=INFO msg=处理完成一个批次 latest_time="2026-04-23 12:29:18" latest_sender=小大饼 latest_message=今天把公司东西搬回家 stop=false
time=2026-04-23T23:12:09.172+08:00 level=INFO msg=处理完成一个批次 latest_time="2026-04-23 12:03:18" latest_sender=四月是你的满分作文101 latest_message="芙丽莲哪有那么大 她\xe5\x8f" stop=false
time=2026-04-23T23:12:11.090+08:00 level=INFO msg=处理完成一个批次 latest_time="2026-04-23 11:36:28" latest_sender=楼雨晴Lo latest_message=http://weibo.com/1644807043/QC stop=false
time=2026-04-23T23:12:13.119+08:00 level=INFO msg=处理完成一个批次 latest_time="2026-04-23 10:46:58" latest_sender=CZW2025 latest_message=「我朋友亏了200万，我 stop=false
time=2026-04-23T23:12:16.610+08:00 level=INFO msg=处理完成一个批次 latest_time="2026-04-23 10:26:27" latest_sender=色姬芭 latest_message=http://weibo.com/3514214175/QB stop=false
time=2026-04-23T23:12:21.177+08:00 level=INFO msg=处理完成一个批次 latest_time="2026-04-23 09:49:45" latest_sender=梦星河200602 latest_message=印度菜的那个球球好吃 stop=false
time=2026-04-23T23:12:23.799+08:00 level=INFO msg=处理完成一个批次 latest_time="2026-04-23 08:36:57" latest_sender=亚奇奇洛贝 latest_message="「180 涨到 300 多」\n- - -" stop=false
time=2026-04-23T23:12:42.386+08:00 level=WARN msg="通过响应监听下载 fid 失败，尝试回退到浏览器内 fetch" fid=5290771569968559 err="timeout:Timeout 15000.00ms exceeded."
time=2026-04-23T23:12:42.483+08:00 level=WARN msg="浏览器内 fetch 下载 fid 失败" fid=5290771569968559 url="https://upload.api.weibo.com/2/mss/msget?fid=5290771569968559&source=209678993&imageType=origin&ts=1776957162386" err="TypeError: Failed to fetch"
time=2026-04-23T23:12:42.524+08:00 level=WARN msg="浏览器内 fetch 下载 fid 失败" fid=5290771569968559 url="https://upload.api.weibo.com/2/mss/msget?fid=5290771569968559&touid=4761715839862414&ts=1776957162386" err="TypeError: Failed to fetch"
time=2026-04-23T23:12:42.637+08:00 level=WARN msg="浏览器内 fetch 下载 fid 失败" fid=5290771569968559 url="https://upload.api.weibo.com/2/mss/msget?fid=5290771569968559&source=209678993&touid=4761715839862414&imageType=origin&ts=1776957162386" err="TypeError: Failed to fetch"
time=2026-04-23T23:12:42.637+08:00 level=WARN msg="浏览器内 fid 下载全部失败，尝试直接 HTTP 下载" fid=5290771569968559 err="TypeError: Failed to fetch"
time=2026-04-23T23:12:42.867+08:00 level=INFO msg="fid 媒体已通过直接 HTTP 回退下载成功" fid=5290771569968559 path=/home/duty/weibo_cron/chat_media_downloads/img_5290771569968559_茧房日报260422.pdf
time=2026-04-23T23:12:42.867+08:00 level=INFO msg=处理完成一个批次 latest_time="2026-04-23 08:16:48" latest_sender=Reeeder latest_message=早 stop=false
time=2026-04-23T23:12:44.600+08:00 level=INFO msg=处理完成一个批次 latest_time="2026-04-23 07:25:00" latest_sender=努力让老婆变成阔太太 latest_message=早 stop=false
time=2026-04-23T23:12:47.436+08:00 level=INFO msg=处理完成一个批次 latest_time="2026-04-23 01:18:57" latest_sender=堂食也叫内用 latest_message=分享图片 stop=false
time=2026-04-23T23:12:51.030+08:00 level=INFO msg=处理完成一个批次 latest_time="2026-04-23 00:13:17" latest_sender=神先 latest_message="0.12元，@拾人牙慧的复\xe8" stop=false
time=2026-04-23T23:12:52.980+08:00 level=INFO msg=处理完成一个批次 latest_time="2026-04-22 23:21:16" latest_sender=小鹿纯子买咸酸 latest_message=情绪稳定很重要 stop=true
time=2026-04-23T23:12:53.009+08:00 level=INFO msg=群聊历史抓取完成 new_count=765 history_dir=/home/duty/weibo_cron/clean_history state_file=/home/duty/weibo_cron/group_chat_state.json
time=2026-04-23T23:12:59.274+08:00 level=INFO msg=群聊摘要推送完成 message_count=1
/usr/bin/xvfb-run: line 185: kill: (512044) - No such process
time=2026-04-24T23:10:03.321+08:00 level=INFO msg=群聊模式配置加载完成 config=config.groupchat.yaml
time=2026-04-24T23:10:06.958+08:00 level=INFO msg=打开微博群聊页面 url="https://api.weibo.com/chat/#/chat?check_gid=4761715839862414&source_from=11" user_data_dir=/home/duty/weibo_cron/weibo_user_data browser_channel=chrome
time=2026-04-24T23:10:07.987+08:00 level=INFO msg=如未登录，请在打开的浏览器中完成登录；程序正在等待群聊消息接口返回
time=2026-04-24T23:10:09.223+08:00 level=INFO msg=群聊页面已加载，开始抓取历史消息
time=2026-04-24T23:10:09.367+08:00 level=INFO msg=处理完成一个批次 latest_time="2026-04-24 23:03:31" latest_sender=羽化的布偶 latest_message=我在听caoz单口[思考] stop=false
time=2026-04-24T23:10:10.216+08:00 level=INFO msg=处理完成一个批次 latest_time="2026-04-24 22:13:11" latest_sender=tombkeeper latest_message=另外也可以和大米混合 stop=false
time=2026-04-24T23:10:12.646+08:00 level=INFO msg=处理完成一个批次 latest_time="2026-04-24 21:48:15" latest_sender=在公车上吃花生酱的浣熊 latest_message=分享图片 stop=false
time=2026-04-24T23:10:15.130+08:00 level=INFO msg=处理完成一个批次 latest_time="2026-04-24 21:23:41" latest_sender=茴字的1970种写法 latest_message=我是说非农家自制，偏 stop=false
time=2026-04-24T23:10:16.772+08:00 level=INFO msg=处理完成一个批次 latest_time="2026-04-24 20:52:31" latest_sender=快把大鹅炖进铁锅 latest_message=小时候跟着大人去磨面 stop=false
time=2026-04-24T23:10:19.588+08:00 level=INFO msg=处理完成一个批次 latest_time="2026-04-24 20:36:47" latest_sender=___RANI___ latest_message=「「「感觉又要开始草 stop=false
time=2026-04-24T23:10:22.131+08:00 level=INFO msg=处理完成一个批次 latest_time="2026-04-24 19:54:10" latest_sender=快把大鹅炖进铁锅 latest_message="「微博」\n- - - - - - - - -" stop=false
time=2026-04-24T23:10:24.212+08:00 level=INFO msg=处理完成一个批次 latest_time="2026-04-24 18:28:27" latest_sender=阿尼亚是安妮亞 latest_message="@我爱吃肠粉001 AI写前\xe7\xab" stop=false
time=2026-04-24T23:10:25.868+08:00 level=INFO msg=处理完成一个批次 latest_time="2026-04-24 18:06:04" latest_sender=十月的米兰 latest_message=「「然后赔钱的时候， stop=false
time=2026-04-24T23:10:27.592+08:00 level=INFO msg=处理完成一个批次 latest_time="2026-04-24 17:44:29" latest_sender=hahazxl0603 latest_message=[哈哈] stop=false
time=2026-04-24T23:10:29.618+08:00 level=INFO msg=处理完成一个批次 latest_time="2026-04-24 17:41:04" latest_sender=我爱吃肠粉001 latest_message=「「「下个月又要开始 stop=false
time=2026-04-24T23:10:31.279+08:00 level=INFO msg=处理完成一个批次 latest_time="2026-04-24 17:09:25" latest_sender=今晚早睡叭 latest_message=「支付宝买礼品卡好像 stop=false
time=2026-04-24T23:10:33.048+08:00 level=INFO msg=处理完成一个批次 latest_time="2026-04-24 16:31:30" latest_sender=粉丝群 latest_message=涉及资金问题请务必提 stop=false
time=2026-04-24T23:10:35.343+08:00 level=INFO msg=处理完成一个批次 latest_time="2026-04-24 16:03:41" latest_sender=十月的米兰 latest_message=收到红包消息，请在手 stop=false
time=2026-04-24T23:10:37.443+08:00 level=INFO msg=处理完成一个批次 latest_time="2026-04-24 15:17:39" latest_sender=金陵琥珀雪 latest_message=明天去爬山试试看 stop=false
time=2026-04-24T23:10:40.275+08:00 level=INFO msg=处理完成一个批次 latest_time="2026-04-24 14:57:19" latest_sender=一只下地熊猫 latest_message=嗯嗯，谢谢 stop=false
time=2026-04-24T23:10:42.014+08:00 level=INFO msg=处理完成一个批次 latest_time="2026-04-24 14:50:32" latest_sender=慕里Molio latest_message="0.19元，@一只下地熊猫 " stop=false
time=2026-04-24T23:10:44.127+08:00 level=INFO msg=处理完成一个批次 latest_time="2026-04-24 14:36:28" latest_sender=寻孤找读者_ latest_message=嗯嗯，是的，我也是这 stop=false
time=2026-04-24T23:10:45.858+08:00 level=INFO msg=处理完成一个批次 latest_time="2026-04-24 14:26:38" latest_sender=寻孤找读者_ latest_message="「@黄健楸:如果只是实\xe6" stop=false
time=2026-04-24T23:10:47.538+08:00 level=INFO msg=处理完成一个批次 latest_time="2026-04-24 14:22:06" latest_sender=SnowChou latest_message="「图片」\n- - - - - - - - -" stop=false
time=2026-04-24T23:10:49.394+08:00 level=INFO msg=处理完成一个批次 latest_time="2026-04-24 14:14:39" latest_sender=黄健楸 latest_message=之前有问买电脑的，真 stop=false
time=2026-04-24T23:10:51.610+08:00 level=INFO msg=处理完成一个批次 latest_time="2026-04-24 13:59:21" latest_sender=茴字的1970种写法 latest_message=决策方式* stop=false
time=2026-04-24T23:10:53.375+08:00 level=INFO msg=处理完成一个批次 latest_time="2026-04-24 13:48:40" latest_sender=梦星河200602 latest_message=英特尔一惯都是财报后 stop=false
time=2026-04-24T23:10:55.695+08:00 level=INFO msg=处理完成一个批次 latest_time="2026-04-24 13:36:09" latest_sender=黄健楸 latest_message=Arm不是公司吧，估计有 stop=false
time=2026-04-24T23:10:57.488+08:00 level=INFO msg=处理完成一个批次 latest_time="2026-04-24 13:16:27" latest_sender=粉丝群 latest_message=涉及资金问题请务必提 stop=false
time=2026-04-24T23:11:00.304+08:00 level=INFO msg=处理完成一个批次 latest_time="2026-04-24 13:06:24" latest_sender=四岚1883 latest_message=5.5很好用，连续性很好 stop=false
time=2026-04-24T23:11:04.284+08:00 level=INFO msg=处理完成一个批次 latest_time="2026-04-24 12:56:19" latest_sender=一只方阿 latest_message=中文阅读理解十级学者 stop=false
time=2026-04-24T23:11:06.014+08:00 level=INFO msg=处理完成一个批次 latest_time="2026-04-24 12:51:20" latest_sender=孟昭俊 latest_message=这个就叫信任 stop=false
time=2026-04-24T23:11:08.377+08:00 level=INFO msg=处理完成一个批次 latest_time="2026-04-24 12:39:29" latest_sender=阿尼亚是安妮亞 latest_message=很久以前我还买过秋叶 stop=false
time=2026-04-24T23:11:10.303+08:00 level=INFO msg=处理完成一个批次 latest_time="2026-04-24 12:11:24" latest_sender=有种来中路 latest_message=分享图片 stop=false
time=2026-04-24T23:11:11.965+08:00 level=INFO msg=处理完成一个批次 latest_time="2026-04-24 11:51:06" latest_sender=我爱吃肠粉001 latest_message=阿哥你怎么不按套路来 stop=false
time=2026-04-24T23:11:13.638+08:00 level=INFO msg=处理完成一个批次 latest_time="2026-04-24 11:46:53" latest_sender=阿尼亚是安妮亞 latest_message=收到红包消息，请在手 stop=false
time=2026-04-24T23:11:15.300+08:00 level=INFO msg=处理完成一个批次 latest_time="2026-04-24 11:42:10" latest_sender=猴儿多样性观测学家dnlmcha latest_message="1.06元，@一只方阿 万水" stop=false
time=2026-04-24T23:11:16.971+08:00 level=INFO msg=处理完成一个批次 latest_time="2026-04-24 11:39:01" latest_sender=我爱吃肠粉001 latest_message=珍惜有工开的日子 stop=false
time=2026-04-24T23:11:19.042+08:00 level=INFO msg=处理完成一个批次 latest_time="2026-04-24 11:31:03" latest_sender=一只方阿 latest_message=「今天早上充电，遇到 stop=false
time=2026-04-24T23:11:21.078+08:00 level=INFO msg=处理完成一个批次 latest_time="2026-04-24 11:14:12" latest_sender=春天小羚羊 latest_message=挺便宜的 stop=false
time=2026-04-24T23:11:22.758+08:00 level=INFO msg=处理完成一个批次 latest_time="2026-04-24 10:48:26" latest_sender=SnowChou latest_message="「链接」\n- - - - - - - - -" stop=false
time=2026-04-24T23:11:26.060+08:00 level=INFO msg=处理完成一个批次 latest_time="2026-04-24 10:11:32" latest_sender=万物既渺小又伟大 latest_message=今天感觉适合加仓，一 stop=false
time=2026-04-24T23:11:27.905+08:00 level=INFO msg=处理完成一个批次 latest_time="2026-04-24 09:51:54" latest_sender=我爱吃肠粉001 latest_message=分享图片 stop=false
time=2026-04-24T23:11:29.595+08:00 level=INFO msg=处理完成一个批次 latest_time="2026-04-24 09:10:16" latest_sender=万物既渺小又伟大 latest_message=高溢价的t+0不碰了[笑cr stop=false
time=2026-04-24T23:11:31.957+08:00 level=INFO msg=处理完成一个批次 latest_time="2026-04-24 08:54:20" latest_sender=阿尼亚是安妮亞 latest_message=早早w stop=false
time=2026-04-24T23:11:34.284+08:00 level=INFO msg=处理完成一个批次 latest_time="2026-04-24 08:41:11" latest_sender=七床技师 latest_message=早，英特尔财报超预期 stop=false
time=2026-04-24T23:11:35.976+08:00 level=INFO msg=处理完成一个批次 latest_time="2026-04-24 07:51:28" latest_sender=ActionKnows- latest_message=早 stop=false
time=2026-04-24T23:11:54.704+08:00 level=WARN msg="通过响应监听下载 fid 失败，尝试回退到浏览器内 fetch" fid=5291065507840260 err="timeout:Timeout 15000.00ms exceeded."
time=2026-04-24T23:11:54.784+08:00 level=WARN msg="浏览器内 fetch 下载 fid 失败" fid=5291065507840260 url="https://upload.api.weibo.com/2/mss/msget?fid=5291065507840260&source=209678993&imageType=origin&ts=1777043514704" err="TypeError: Failed to fetch"
time=2026-04-24T23:11:54.828+08:00 level=WARN msg="浏览器内 fetch 下载 fid 失败" fid=5291065507840260 url="https://upload.api.weibo.com/2/mss/msget?fid=5291065507840260&touid=4761715839862414&ts=1777043514704" err="TypeError: Failed to fetch"
time=2026-04-24T23:11:54.899+08:00 level=WARN msg="浏览器内 fetch 下载 fid 失败" fid=5291065507840260 url="https://upload.api.weibo.com/2/mss/msget?fid=5291065507840260&source=209678993&touid=4761715839862414&imageType=origin&ts=1777043514704" err="TypeError: Failed to fetch"
time=2026-04-24T23:11:54.900+08:00 level=WARN msg="浏览器内 fid 下载全部失败，尝试直接 HTTP 下载" fid=5291065507840260 err="TypeError: Failed to fetch"
time=2026-04-24T23:11:55.235+08:00 level=INFO msg="fid 媒体已通过直接 HTTP 回退下载成功" fid=5291065507840260 path=/home/duty/weibo_cron/chat_media_downloads/img_5291065507840260_茧房日报260423.pdf
time=2026-04-24T23:11:55.236+08:00 level=INFO msg=处理完成一个批次 latest_time="2026-04-24 06:53:00" latest_sender=拾人牙慧的复读机 latest_message=分享视频 stop=false
time=2026-04-24T23:11:57.702+08:00 level=INFO msg=处理完成一个批次 latest_time="2026-04-24 00:49:57" latest_sender=小大饼 latest_message=我是快乐小甜饼~ stop=false
time=2026-04-24T23:11:59.663+08:00 level=INFO msg=处理完成一个批次 latest_time="2026-04-23 23:16:38" latest_sender=复数枝桠 latest_message=鲊粉蒸茄子西兰花，炒 stop=true
time=2026-04-24T23:11:59.697+08:00 level=INFO msg=群聊历史抓取完成 new_count=906 history_dir=/home/duty/weibo_cron/clean_history state_file=/home/duty/weibo_cron/group_chat_state.json
time=2026-04-24T23:12:01.661+08:00 level=INFO msg=群聊摘要推送完成 message_count=1
/usr/bin/xvfb-run: line 185: kill: (530185) - No such process
time=2026-04-25T23:10:03.737+08:00 level=INFO msg=群聊模式配置加载完成 config=config.groupchat.yaml
time=2026-04-25T23:10:07.302+08:00 level=INFO msg=打开微博群聊页面 url="https://api.weibo.com/chat/#/chat?check_gid=4761715839862414&source_from=11" user_data_dir=/home/duty/weibo_cron/weibo_user_data browser_channel=chrome
time=2026-04-25T23:10:08.245+08:00 level=INFO msg=如未登录，请在打开的浏览器中完成登录；程序正在等待群聊消息接口返回
time=2026-04-25T23:10:09.470+08:00 level=INFO msg=群聊页面已加载，开始抓取历史消息
time=2026-04-25T23:10:09.621+08:00 level=INFO msg=处理完成一个批次 latest_time="2026-04-25 23:08:13" latest_sender=粉丝群 latest_message=涉及资金问题请务必提 stop=false
time=2026-04-25T23:10:09.857+08:00 level=INFO msg=处理完成一个批次 latest_time="2026-04-25 22:47:44" latest_sender=步小想 latest_message=未知错误 stop=false
time=2026-04-25T23:10:12.817+08:00 level=INFO msg=处理完成一个批次 latest_time="2026-04-25 22:41:46" latest_sender=粉丝群 latest_message="@nkaifan... 是本轮最佳手" stop=false
time=2026-04-25T23:10:14.834+08:00 level=INFO msg=处理完成一个批次 latest_time="2026-04-25 22:19:14" latest_sender=用户6937199137 latest_message=分享图片 stop=false
time=2026-04-25T23:10:17.288+08:00 level=INFO msg=处理完成一个批次 latest_time="2026-04-25 21:23:22" latest_sender=古拉TE latest_message=「爱奇艺的会员有哪些 stop=false
time=2026-04-25T23:10:23.240+08:00 level=INFO msg=处理完成一个批次 latest_time="2026-04-25 18:58:06" latest_sender=CZW2025 latest_message=http://weibo.com/2492465520/QC stop=false
time=2026-04-25T23:10:24.940+08:00 level=INFO msg=处理完成一个批次 latest_time="2026-04-25 18:20:39" latest_sender=小大饼 latest_message=http://t.cn/AXxHoKDz stop=false
time=2026-04-25T23:10:26.889+08:00 level=INFO msg=处理完成一个批次 latest_time="2026-04-25 17:26:36" latest_sender=我爱吃肠粉001 latest_message=虽然是软广，但里面提 stop=false
time=2026-04-25T23:10:31.240+08:00 level=INFO msg=处理完成一个批次 latest_time="2026-04-25 16:24:34" latest_sender=我还想吃饭 latest_message="#世界破破烂烂小猫缝\xe7\xbc" stop=false
time=2026-04-25T23:10:32.935+08:00 level=INFO msg=处理完成一个批次 latest_time="2026-04-25 14:58:44" latest_sender=南洋水师 latest_message=「大饼一个月赚五万能 stop=false
time=2026-04-25T23:10:34.593+08:00 level=INFO msg=处理完成一个批次 latest_time="2026-04-25 13:42:49" latest_sender=Daisy8000000 latest_message=0.12元，@Aurora白White-litt stop=false
time=2026-04-25T23:10:36.596+08:00 level=INFO msg=处理完成一个批次 latest_time="2026-04-25 13:32:49" latest_sender=Aurora白White-little-hajimi latest_message=分享图片 stop=false
time=2026-04-25T23:10:39.220+08:00 level=INFO msg=处理完成一个批次 latest_time="2026-04-25 13:30:51" latest_sender=有计可施的李Sir latest_message=0.26元，@Aurora白White-litt stop=false
time=2026-04-25T23:10:42.145+08:00 level=INFO msg=处理完成一个批次 latest_time="2026-04-25 13:02:32" latest_sender=茴字的1970种写法 latest_message="「[哈哈]还有银行给股\xe4" stop=false
time=2026-04-25T23:10:45.134+08:00 level=INFO msg=处理完成一个批次 latest_time="2026-04-25 12:31:04" latest_sender=楼雨晴Lo latest_message=今天手记有素材了，《 stop=false
time=2026-04-25T23:10:46.793+08:00 level=INFO msg=处理完成一个批次 latest_time="2026-04-25 12:11:17" latest_sender=达芬奇喝冰水 latest_message=吃午饭 stop=false
time=2026-04-25T23:10:50.759+08:00 level=INFO msg=处理完成一个批次 latest_time="2026-04-25 11:50:11" latest_sender=畅曰 latest_message=雨伞上破了两个小洞， stop=false
time=2026-04-25T23:10:53.214+08:00 level=INFO msg=处理完成一个批次 latest_time="2026-04-25 11:02:41" latest_sender=Jane王师傅 latest_message=米股横了这么久，终于 stop=false
time=2026-04-25T23:11:02.080+08:00 level=INFO msg=处理完成一个批次 latest_time="2026-04-25 10:19:53" latest_sender=拾人牙慧的复读机 latest_message="「「「视频」\n- - - - - -" stop=false
time=2026-04-25T23:11:06.171+08:00 level=INFO msg=处理完成一个批次 latest_time="2026-04-25 10:04:19" latest_sender=洞两 latest_message="「「@洞两:deepseek网页\xe7\x89" stop=false
time=2026-04-25T23:11:14.061+08:00 level=INFO msg=处理完成一个批次 latest_time="2026-04-25 09:27:51" latest_sender=快把大鹅炖进铁锅 latest_message="「微博」\n- - - - - - - - -" stop=false
time=2026-04-25T23:11:30.955+08:00 level=WARN msg="通过响应监听下载 fid 失败，尝试回退到浏览器内 fetch" fid=5291494476875383 err="timeout:Timeout 15000.00ms exceeded."
time=2026-04-25T23:11:31.052+08:00 level=WARN msg="浏览器内 fetch 下载 fid 失败" fid=5291494476875383 url="https://upload.api.weibo.com/2/mss/msget?fid=5291494476875383&source=209678993&imageType=origin&ts=1777129890955" err="TypeError: Failed to fetch"
time=2026-04-25T23:11:31.097+08:00 level=WARN msg="浏览器内 fetch 下载 fid 失败" fid=5291494476875383 url="https://upload.api.weibo.com/2/mss/msget?fid=5291494476875383&touid=4761715839862414&ts=1777129890955" err="TypeError: Failed to fetch"
time=2026-04-25T23:11:31.219+08:00 level=WARN msg="浏览器内 fetch 下载 fid 失败" fid=5291494476875383 url="https://upload.api.weibo.com/2/mss/msget?fid=5291494476875383&source=209678993&touid=4761715839862414&imageType=origin&ts=1777129890955" err="TypeError: Failed to fetch"
time=2026-04-25T23:11:31.219+08:00 level=WARN msg="浏览器内 fid 下载全部失败，尝试直接 HTTP 下载" fid=5291494476875383 err="TypeError: Failed to fetch"
time=2026-04-25T23:11:31.626+08:00 level=INFO msg="fid 媒体已通过直接 HTTP 回退下载成功" fid=5291494476875383 path=/home/duty/weibo_cron/chat_media_downloads/img_5291494476875383_茧房日报260424.pdf
time=2026-04-25T23:11:31.626+08:00 level=INFO msg=处理完成一个批次 latest_time="2026-04-25 08:12:56" latest_sender=SnowChou latest_message=早 stop=false
time=2026-04-25T23:11:33.738+08:00 level=INFO msg=处理完成一个批次 latest_time="2026-04-25 05:42:20" latest_sender=粉丝群 latest_message=恭喜羽化的布偶今日获 stop=false
time=2026-04-25T23:11:36.237+08:00 level=INFO msg=处理完成一个批次 latest_time="2026-04-24 23:49:19" latest_sender=爱睡觉也爱出门 latest_message="「@SnowChou 这本书总裁\xe8\xaf" stop=true
time=2026-04-25T23:11:36.253+08:00 level=INFO msg=群聊历史抓取完成 new_count=474 history_dir=/home/duty/weibo_cron/clean_history state_file=/home/duty/weibo_cron/group_chat_state.json
time=2026-04-25T23:11:38.384+08:00 level=INFO msg=群聊摘要推送完成 message_count=1
/usr/bin/xvfb-run: line 185: kill: (548292) - No such process
time=2026-04-26T23:10:03.435+08:00 level=INFO msg=群聊模式配置加载完成 config=config.groupchat.yaml
time=2026-04-26T23:10:07.094+08:00 level=INFO msg=打开微博群聊页面 url="https://api.weibo.com/chat/#/chat?check_gid=4761715839862414&source_from=11" user_data_dir=/home/duty/weibo_cron/weibo_user_data browser_channel=chrome
time=2026-04-26T23:10:08.115+08:00 level=INFO msg=如未登录，请在打开的浏览器中完成登录；程序正在等待群聊消息接口返回
time=2026-04-26T23:10:09.388+08:00 level=INFO msg=群聊页面已加载，开始抓取历史消息
time=2026-04-26T23:10:09.914+08:00 level=INFO msg=处理完成一个批次 latest_time="2026-04-26 23:09:36" latest_sender=Afeeeer latest_message=考公认准白老师！ stop=false
time=2026-04-26T23:10:10.070+08:00 level=INFO msg=处理完成一个批次 latest_time="2026-04-26 22:54:07" latest_sender=铜冰鉴43228 latest_message=http://weibo.com/2142777533/QC stop=false
time=2026-04-26T23:10:11.728+08:00 level=INFO msg=处理完成一个批次 latest_time="2026-04-26 22:40:33" latest_sender=阿尼亚是安妮亞 latest_message=[动画表情] stop=false
time=2026-04-26T23:10:20.984+08:00 level=INFO msg=处理完成一个批次 latest_time="2026-04-26 22:39:00" latest_sender=Aurora白White-little-hajimi latest_message=收到红包消息，请在手 stop=false
time=2026-04-26T23:10:22.924+08:00 level=INFO msg=处理完成一个批次 latest_time="2026-04-26 22:01:20" latest_sender=xelnaga瞭望塔 latest_message=http://weibo.com/6361168292/QC stop=false
time=2026-04-26T23:10:24.779+08:00 level=INFO msg=处理完成一个批次 latest_time="2026-04-26 21:47:46" latest_sender=粉丝群 latest_message=涉及资金问题请务必提 stop=false
time=2026-04-26T23:10:26.633+08:00 level=INFO msg=处理完成一个批次 latest_time="2026-04-26 21:22:10" latest_sender=小鹿纯子买咸酸 latest_message=「不熟，不是好友。」 stop=false
time=2026-04-26T23:10:28.552+08:00 level=INFO msg=处理完成一个批次 latest_time="2026-04-26 20:50:33" latest_sender=达包咩 latest_message=[太开心] stop=false
time=2026-04-26T23:10:32.592+08:00 level=INFO msg=处理完成一个批次 latest_time="2026-04-26 20:24:10" latest_sender=拾人牙慧的复读机 latest_message=分享视频 stop=false
time=2026-04-26T23:10:37.464+08:00 level=INFO msg=处理完成一个批次 latest_time="2026-04-26 18:24:46" latest_sender=我爱吃肠粉001 latest_message=记得群里另一个群友也 stop=false
time=2026-04-26T23:10:41.353+08:00 level=INFO msg=处理完成一个批次 latest_time="2026-04-26 18:01:51" latest_sender=霍呀_界个月亮好圆- latest_message=「「我的孙二娘脱单了 stop=false
time=2026-04-26T23:10:43.173+08:00 level=INFO msg=处理完成一个批次 latest_time="2026-04-26 16:50:37" latest_sender=亚奇奇洛贝 latest_message=黄景瑜你这摩托车有点 stop=false
time=2026-04-26T23:10:45.625+08:00 level=INFO msg=处理完成一个批次 latest_time="2026-04-26 16:33:15" latest_sender=铜冰鉴43228 latest_message=这长得帅也没用啊，还 stop=false
time=2026-04-26T23:10:49.787+08:00 level=INFO msg=处理完成一个批次 latest_time="2026-04-26 16:01:03" latest_sender=小大饼 latest_message=在哪啊？没看到啊 stop=false
time=2026-04-26T23:10:52.095+08:00 level=INFO msg=处理完成一个批次 latest_time="2026-04-26 15:48:46" latest_sender=十月的米兰 latest_message=这个不知谁截的图 stop=false
time=2026-04-26T23:10:54.767+08:00 level=INFO msg=处理完成一个批次 latest_time="2026-04-26 13:41:27" latest_sender=黄健楸 latest_message=一转眼下班了，笑死 stop=false
time=2026-04-26T23:10:56.656+08:00 level=INFO msg=处理完成一个批次 latest_time="2026-04-26 13:22:24" latest_sender=铜冰鉴43228 latest_message=「上次看一个大傻逼脚 stop=false
time=2026-04-26T23:10:58.531+08:00 level=INFO msg=处理完成一个批次 latest_time="2026-04-26 13:10:53" latest_sender=小大饼 latest_message=又睡醒了。刚梦见开车 stop=false
time=2026-04-26T23:11:02.262+08:00 level=INFO msg=处理完成一个批次 latest_time="2026-04-26 12:21:30" latest_sender=堂食也叫内用 latest_message="「图片」\n- - - - - - - - -" stop=false
time=2026-04-26T23:11:06.853+08:00 level=INFO msg=处理完成一个批次 latest_time="2026-04-26 11:48:37" latest_sender=金陵琥珀雪 latest_message="「西红柿炒鸡蛋兄」\n- " stop=false
time=2026-04-26T23:11:12.219+08:00 level=INFO msg=处理完成一个批次 latest_time="2026-04-26 11:34:04" latest_sender=我还想吃饭 latest_message=分享视频 stop=false
time=2026-04-26T23:11:18.357+08:00 level=INFO msg=处理完成一个批次 latest_time="2026-04-26 11:24:15" latest_sender=拾人牙慧的复读机 latest_message=分享视频 stop=false
time=2026-04-26T23:11:29.605+08:00 level=INFO msg=处理完成一个批次 latest_time="2026-04-26 10:43:23" latest_sender=四岚1883 latest_message=分享图片 stop=false
time=2026-04-26T23:11:32.043+08:00 level=INFO msg=处理完成一个批次 latest_time="2026-04-26 10:00:05" latest_sender=羽化的布偶 latest_message="羽化的布偶 撤回了一\xe6\x9d" stop=false
time=2026-04-26T23:11:34.167+08:00 level=INFO msg=处理完成一个批次 latest_time="2026-04-26 09:31:23" latest_sender=清晨清2017 latest_message=这个要看大小，单发还 stop=false
time=2026-04-26T23:11:54.228+08:00 level=WARN msg="通过响应监听下载 fid 失败，尝试回退到浏览器内 fetch" fid=5291871737741836 err="timeout:Timeout 15000.00ms exceeded."
time=2026-04-26T23:11:54.303+08:00 level=WARN msg="浏览器内 fetch 下载 fid 失败" fid=5291871737741836 url="https://upload.api.weibo.com/2/mss/msget?fid=5291871737741836&source=209678993&imageType=origin&ts=1777216314229" err="TypeError: Failed to fetch"
time=2026-04-26T23:11:54.346+08:00 level=WARN msg="浏览器内 fetch 下载 fid 失败" fid=5291871737741836 url="https://upload.api.weibo.com/2/mss/msget?fid=5291871737741836&touid=4761715839862414&ts=1777216314229" err="TypeError: Failed to fetch"
time=2026-04-26T23:11:54.411+08:00 level=WARN msg="浏览器内 fetch 下载 fid 失败" fid=5291871737741836 url="https://upload.api.weibo.com/2/mss/msget?fid=5291871737741836&source=209678993&touid=4761715839862414&imageType=origin&ts=1777216314229" err="TypeError: Failed to fetch"
time=2026-04-26T23:11:54.412+08:00 level=WARN msg="浏览器内 fid 下载全部失败，尝试直接 HTTP 下载" fid=5291871737741836 err="TypeError: Failed to fetch"
time=2026-04-26T23:11:54.724+08:00 level=INFO msg="fid 媒体已通过直接 HTTP 回退下载成功" fid=5291871737741836 path=/home/duty/weibo_cron/chat_media_downloads/img_5291871737741836_茧房日报260425.pdf
time=2026-04-26T23:11:56.460+08:00 level=INFO msg=处理完成一个批次 latest_time="2026-04-26 08:58:04" latest_sender=铜冰鉴43228 latest_message=分享图片 stop=false
time=2026-04-26T23:11:58.604+08:00 level=INFO msg=处理完成一个批次 latest_time="2026-04-26 08:06:58" latest_sender=Cain_nitelord latest_message=分享图片 stop=false
time=2026-04-26T23:12:00.564+08:00 level=INFO msg=处理完成一个批次 latest_time="2026-04-26 05:31:11" latest_sender=小大饼 latest_message=http://weibo.com/5881655691/QC stop=false
time=2026-04-26T23:12:02.922+08:00 level=INFO msg=处理完成一个批次 latest_time="2026-04-26 00:10:52" latest_sender=粉丝群 latest_message=恭喜火星守卫者获得“ stop=false
time=2026-04-26T23:12:04.621+08:00 level=INFO msg=处理完成一个批次 latest_time="2026-04-25 23:31:14" latest_sender=一只下地熊猫 latest_message="0.01元，@步小想 收起红" stop=true
time=2026-04-26T23:12:04.646+08:00 level=INFO msg=群聊历史抓取完成 new_count=583 history_dir=/home/duty/weibo_cron/clean_history state_file=/home/duty/weibo_cron/group_chat_state.json
time=2026-04-26T23:12:09.473+08:00 level=INFO msg=群聊摘要推送完成 message_count=1
/usr/bin/xvfb-run: line 185: kill: (566375) - No such process
time=2026-04-27T23:10:03.771+08:00 level=INFO msg=群聊模式配置加载完成 config=config.groupchat.yaml
time=2026-04-27T23:10:07.420+08:00 level=INFO msg=打开微博群聊页面 url="https://api.weibo.com/chat/#/chat?check_gid=4761715839862414&source_from=11" user_data_dir=/home/duty/weibo_cron/weibo_user_data browser_channel=chrome
time=2026-04-27T23:10:08.483+08:00 level=INFO msg=如未登录，请在打开的浏览器中完成登录；程序正在等待群聊消息接口返回
time=2026-04-27T23:10:09.763+08:00 level=INFO msg=群聊页面已加载，开始抓取历史消息
time=2026-04-27T23:10:11.356+08:00 level=INFO msg=处理完成一个批次 latest_time="2026-04-27 23:07:05" latest_sender=梦星河200602 latest_message=分享图片 stop=false
time=2026-04-27T23:10:21.817+08:00 level=INFO msg=处理完成一个批次 latest_time="2026-04-27 22:50:11" latest_sender=阿尼亚是安妮亞 latest_message=分享图片 stop=false
time=2026-04-27T23:10:23.962+08:00 level=INFO msg=处理完成一个批次 latest_time="2026-04-27 22:33:26" latest_sender=亲爱的L先森 latest_message=毕竟这可是微博官方认 stop=false
time=2026-04-27T23:10:25.884+08:00 level=INFO msg=处理完成一个批次 latest_time="2026-04-27 22:15:02" latest_sender=粉丝群 latest_message="恭喜茴字的1970种...今\xe6\x97" stop=false
time=2026-04-27T23:10:28.113+08:00 level=INFO msg=处理完成一个批次 latest_time="2026-04-27 21:43:50" latest_sender=我还想吃饭 latest_message=速死是慈悲 stop=false
time=2026-04-27T23:10:32.845+08:00 level=INFO msg=处理完成一个批次 latest_time="2026-04-27 21:31:22" latest_sender=黄健楸 latest_message=「「「他们不花底层怎 stop=false
time=2026-04-27T23:10:34.702+08:00 level=INFO msg=处理完成一个批次 latest_time="2026-04-27 21:14:29" latest_sender=我还想吃饭 latest_message=白天劳累后晚上那放松 stop=false
time=2026-04-27T23:10:37.297+08:00 level=INFO msg=处理完成一个批次 latest_time="2026-04-27 21:03:47" latest_sender=我还想吃饭 latest_message=有很多数据 stop=false
time=2026-04-27T23:10:40.780+08:00 level=INFO msg=处理完成一个批次 latest_time="2026-04-27 20:19:45" latest_sender=羽化的布偶 latest_message="TK老师以前在群里提过\xe4" stop=false
time=2026-04-27T23:10:45.097+08:00 level=INFO msg=处理完成一个批次 latest_time="2026-04-27 19:49:37" latest_sender=十月的米兰 latest_message=「我们那里宅基地村支 stop=false
time=2026-04-27T23:10:52.436+08:00 level=INFO msg=处理完成一个批次 latest_time="2026-04-27 19:08:00" latest_sender=小大饼 latest_message=http://t.cn/AXxdWSHZ stop=false
time=2026-04-27T23:10:57.900+08:00 level=INFO msg=处理完成一个批次 latest_time="2026-04-27 18:45:21" latest_sender=我还想吃饭 latest_message=看看于老爷子得了[doge] stop=false
time=2026-04-27T23:10:59.768+08:00 level=INFO msg=处理完成一个批次 latest_time="2026-04-27 18:31:49" latest_sender=小大饼 latest_message=我不会要食物中毒了吧 stop=false
time=2026-04-27T23:11:04.466+08:00 level=INFO msg=处理完成一个批次 latest_time="2026-04-27 18:02:30" latest_sender=铜冰鉴43228 latest_message="去年的我，too young" stop=false
time=2026-04-27T23:11:06.634+08:00 level=INFO msg=处理完成一个批次 latest_time="2026-04-27 17:07:08" latest_sender=粉丝群 latest_message=涉及资金问题请务必提 stop=false
time=2026-04-27T23:11:08.571+08:00 level=INFO msg=处理完成一个批次 latest_time="2026-04-27 16:51:28" latest_sender=小大饼 latest_message=「减少一个账号登录堕 stop=false
time=2026-04-27T23:11:10.979+08:00 level=INFO msg=处理完成一个批次 latest_time="2026-04-27 16:47:03" latest_sender=小大饼 latest_message="recaptcha 的组件" stop=false
time=2026-04-27T23:11:13.194+08:00 level=INFO msg=处理完成一个批次 latest_time="2026-04-27 16:32:32" latest_sender=古拉TE latest_message=大家了解这是因为什么 stop=false
time=2026-04-27T23:11:15.005+08:00 level=INFO msg=处理完成一个批次 latest_time="2026-04-27 16:15:49" latest_sender=Afeeeer latest_message=分享图片 stop=false
time=2026-04-27T23:11:16.862+08:00 level=INFO msg=处理完成一个批次 latest_time="2026-04-27 16:05:21" latest_sender=雨石plus latest_message=深圳还是有钱的，偏远 stop=false
time=2026-04-27T23:11:18.554+08:00 level=INFO msg=处理完成一个批次 latest_time="2026-04-27 15:46:41" latest_sender=十月的米兰 latest_message="「深圳那狗屁条例 还\xe7\xa6" stop=false
time=2026-04-27T23:11:20.944+08:00 level=INFO msg=处理完成一个批次 latest_time="2026-04-27 15:31:45" latest_sender=SnowChou latest_message=http://weibo.com/1401527553/Ib stop=false
time=2026-04-27T23:11:22.859+08:00 level=INFO msg=处理完成一个批次 latest_time="2026-04-27 15:07:07" latest_sender=梦星河200602 latest_message=主动鸡就是要赌🌚 stop=false
time=2026-04-27T23:11:24.577+08:00 level=INFO msg=处理完成一个批次 latest_time="2026-04-27 14:35:19" latest_sender=要做一个可爱的人 latest_message="@3ric2hao 我记得群主说\xe8\xbf" stop=false
time=2026-04-27T23:11:26.234+08:00 level=INFO msg=处理完成一个批次 latest_time="2026-04-27 14:19:24" latest_sender=我还想吃饭 latest_message=同时期英国也有禁酒运 stop=false
time=2026-04-27T23:11:28.055+08:00 level=INFO msg=处理完成一个批次 latest_time="2026-04-27 14:07:23" latest_sender=我还想吃饭 latest_message=你确实需要戒断一下了 stop=false
time=2026-04-27T23:11:31.302+08:00 level=INFO msg=处理完成一个批次 latest_time="2026-04-27 13:58:49" latest_sender=粉丝群 latest_message=涉及资金问题请务必提 stop=false
time=2026-04-27T23:11:32.971+08:00 level=INFO msg=处理完成一个批次 latest_time="2026-04-27 13:48:19" latest_sender=小大饼 latest_message=「「清月有很强的资料 stop=false
time=2026-04-27T23:11:34.665+08:00 level=INFO msg=处理完成一个批次 latest_time="2026-04-27 13:38:31" latest_sender=雨石plus latest_message=「意大利足球也不行了 stop=false
time=2026-04-27T23:11:36.652+08:00 level=INFO msg=处理完成一个批次 latest_time="2026-04-27 13:27:54" latest_sender=SnowChou latest_message=天才！现实世界PS大法 stop=false
time=2026-04-27T23:11:38.508+08:00 level=INFO msg=处理完成一个批次 latest_time="2026-04-27 13:16:42" latest_sender=雨石plus latest_message=抽烟阳痿的宣传多好啊 stop=false
time=2026-04-27T23:11:40.272+08:00 level=INFO msg=处理完成一个批次 latest_time="2026-04-27 13:07:23" latest_sender=雨石plus latest_message="32 还好" stop=false
time=2026-04-27T23:11:41.978+08:00 level=INFO msg=处理完成一个批次 latest_time="2026-04-27 13:03:08" latest_sender=亚奇奇洛贝 latest_message=下次眼睛睁大一点往隔 stop=false
time=2026-04-27T23:11:43.964+08:00 level=INFO msg=处理完成一个批次 latest_time="2026-04-27 12:46:55" latest_sender=快把大鹅炖进铁锅 latest_message=我之前在前单位，有个 stop=false
time=2026-04-27T23:11:47.339+08:00 level=INFO msg=处理完成一个批次 latest_time="2026-04-27 12:29:44" latest_sender=茴字的1970种写法 latest_message=玩的花 stop=false
time=2026-04-27T23:11:49.718+08:00 level=INFO msg=处理完成一个批次 latest_time="2026-04-27 12:23:00" latest_sender=我爱吃肠粉001 latest_message=我也是转发，早上刚好 stop=false
time=2026-04-27T23:11:51.684+08:00 level=INFO msg=处理完成一个批次 latest_time="2026-04-27 12:11:03" latest_sender=万物既渺小又伟大 latest_message="「微博」\n- - - - - - - - -" stop=false
time=2026-04-27T23:11:53.357+08:00 level=INFO msg=处理完成一个批次 latest_time="2026-04-27 12:01:49" latest_sender=用户6937199137 latest_message=「有这能力，至少要找 stop=false
time=2026-04-27T23:11:55.039+08:00 level=INFO msg=处理完成一个批次 latest_time="2026-04-27 11:57:09" latest_sender=万物既渺小又伟大 latest_message="湖南 海南 排最前面" stop=false
time=2026-04-27T23:11:56.973+08:00 level=INFO msg=处理完成一个批次 latest_time="2026-04-27 11:45:20" latest_sender=用户6937199137 latest_message=这新闻我早看到了，我 stop=false
time=2026-04-27T23:11:58.795+08:00 level=INFO msg=处理完成一个批次 latest_time="2026-04-27 11:13:28" latest_sender=猛恰三大碗 latest_message=那就提肛吧~ stop=false
time=2026-04-27T23:12:01.939+08:00 level=INFO msg=处理完成一个批次 latest_time="2026-04-27 10:48:37" latest_sender=自由的西瓜L latest_message=「所以神马情况下会影 stop=false
time=2026-04-27T23:12:04.183+08:00 level=INFO msg=处理完成一个批次 latest_time="2026-04-27 10:17:48" latest_sender=我还想吃饭 latest_message=分享图片 stop=false
time=2026-04-27T23:12:05.843+08:00 level=INFO msg=处理完成一个批次 latest_time="2026-04-27 10:10:01" latest_sender=我爱吃肠粉001 latest_message=「『要么就玩不动的， stop=false
time=2026-04-27T23:12:09.746+08:00 level=INFO msg=处理完成一个批次 latest_time="2026-04-27 10:06:07" latest_sender=万物既渺小又伟大 latest_message=「『要么就玩不动的， stop=false
time=2026-04-27T23:12:12.377+08:00 level=INFO msg=处理完成一个批次 latest_time="2026-04-27 09:55:45" latest_sender=堂食也叫内用 latest_message=自认为是深圳公交站抽 stop=false
time=2026-04-27T23:12:14.293+08:00 level=INFO msg=处理完成一个批次 latest_time="2026-04-27 09:50:23" latest_sender=我爱吃肠粉001 latest_message=？ stop=false
time=2026-04-27T23:12:17.361+08:00 level=INFO msg=处理完成一个批次 latest_time="2026-04-27 09:14:14" latest_sender=十月的米兰 latest_message="「图片」\n- - - - - - - - -" stop=false
time=2026-04-27T23:12:34.727+08:00 level=WARN msg="通过响应监听下载 fid 失败，尝试回退到浏览器内 fetch" fid=5292227079176425 err="timeout:Timeout 15000.00ms exceeded."
time=2026-04-27T23:12:34.807+08:00 level=WARN msg="浏览器内 fetch 下载 fid 失败" fid=5292227079176425 url="https://upload.api.weibo.com/2/mss/msget?fid=5292227079176425&source=209678993&imageType=origin&ts=1777302754727" err="TypeError: Failed to fetch"
time=2026-04-27T23:12:34.850+08:00 level=WARN msg="浏览器内 fetch 下载 fid 失败" fid=5292227079176425 url="https://upload.api.weibo.com/2/mss/msget?fid=5292227079176425&touid=4761715839862414&ts=1777302754727" err="TypeError: Failed to fetch"
time=2026-04-27T23:12:34.986+08:00 level=WARN msg="浏览器内 fetch 下载 fid 失败" fid=5292227079176425 url="https://upload.api.weibo.com/2/mss/msget?fid=5292227079176425&source=209678993&touid=4761715839862414&imageType=origin&ts=1777302754727" err="TypeError: Failed to fetch"
time=2026-04-27T23:12:34.986+08:00 level=WARN msg="浏览器内 fid 下载全部失败，尝试直接 HTTP 下载" fid=5292227079176425 err="TypeError: Failed to fetch"
time=2026-04-27T23:12:35.242+08:00 level=INFO msg="fid 媒体已通过直接 HTTP 回退下载成功" fid=5292227079176425 path=/home/duty/weibo_cron/chat_media_downloads/img_5292227079176425_茧房日报260426.pdf
time=2026-04-27T23:12:35.482+08:00 level=INFO msg=处理完成一个批次 latest_time="2026-04-27 08:34:42" latest_sender=vb____ latest_message=早 stop=false
time=2026-04-27T23:12:37.151+08:00 level=INFO msg=处理完成一个批次 latest_time="2026-04-27 07:23:44" latest_sender=楼雨晴Lo latest_message="And he literally gets pat on t" stop=false
time=2026-04-27T23:12:38.979+08:00 level=INFO msg=处理完成一个批次 latest_time="2026-04-27 06:18:48" latest_sender=粉丝群 latest_message=恭喜小鹿纯子买咸酸今 stop=false
time=2026-04-27T23:12:55.979+08:00 level=WARN msg="通过响应监听下载 fid 失败，尝试回退到浏览器内 fetch" fid=5292095720916721 err="timeout:Timeout 15000.00ms exceeded."
time=2026-04-27T23:12:56.128+08:00 level=WARN msg="浏览器内 fetch 下载 fid 失败" fid=5292095720916721 url="https://upload.api.weibo.com/2/mss/msget?fid=5292095720916721&source=209678993&imageType=origin&ts=1777302775979" err="TypeError: Failed to fetch"
time=2026-04-27T23:12:56.175+08:00 level=WARN msg="浏览器内 fetch 下载 fid 失败" fid=5292095720916721 url="https://upload.api.weibo.com/2/mss/msget?fid=5292095720916721&touid=4761715839862414&ts=1777302775979" err="TypeError: Failed to fetch"
time=2026-04-27T23:12:56.248+08:00 level=WARN msg="浏览器内 fetch 下载 fid 失败" fid=5292095720916721 url="https://upload.api.weibo.com/2/mss/msget?fid=5292095720916721&source=209678993&touid=4761715839862414&imageType=origin&ts=1777302775979" err="TypeError: Failed to fetch"
time=2026-04-27T23:12:56.248+08:00 level=WARN msg="浏览器内 fid 下载全部失败，尝试直接 HTTP 下载" fid=5292095720916721 err="TypeError: Failed to fetch"
time=2026-04-27T23:12:56.431+08:00 level=INFO msg="fid 媒体已通过直接 HTTP 回退下载成功" fid=5292095720916721 path=/home/duty/weibo_cron/chat_media_downloads/img_5292095720916721_七日丝_260426.pdf
time=2026-04-27T23:12:56.431+08:00 level=INFO msg=处理完成一个批次 latest_time="2026-04-27 00:10:06" latest_sender=干饭大作手的学习日记 latest_message=干饭大作手的学习日记 stop=false
time=2026-04-27T23:12:58.079+08:00 level=INFO msg=处理完成一个批次 latest_time="2026-04-26 23:13:13" latest_sender=____方格 latest_message=原来是白老师发了介么 stop=true
time=2026-04-27T23:12:58.112+08:00 level=INFO msg=群聊历史抓取完成 new_count=1046 history_dir=/home/duty/weibo_cron/clean_history state_file=/home/duty/weibo_cron/group_chat_state.json
time=2026-04-27T23:13:04.946+08:00 level=INFO msg=群聊摘要推送完成 message_count=1
/usr/bin/xvfb-run: line 185: kill: (584524) - No such process
time=2026-04-28T23:10:04.052+08:00 level=INFO msg=群聊模式配置加载完成 config=config.groupchat.yaml
time=2026-04-28T23:10:07.697+08:00 level=INFO msg=打开微博群聊页面 url="https://api.weibo.com/chat/#/chat?check_gid=4761715839862414&source_from=11" user_data_dir=/home/duty/weibo_cron/weibo_user_data browser_channel=chrome
time=2026-04-28T23:10:08.695+08:00 level=INFO msg=如未登录，请在打开的浏览器中完成登录；程序正在等待群聊消息接口返回
time=2026-04-28T23:10:10.050+08:00 level=INFO msg=群聊页面已加载，开始抓取历史消息
time=2026-04-28T23:10:12.610+08:00 level=INFO msg=处理完成一个批次 latest_time="2026-04-28 23:08:51" latest_sender=0x指纹 latest_message=潮汕的肠粉比较花哨， stop=false
time=2026-04-28T23:10:14.234+08:00 level=INFO msg=处理完成一个批次 latest_time="2026-04-28 23:04:19" latest_sender=我爱吃肠粉001 latest_message=「「学一下小大饼，证 stop=false
time=2026-04-28T23:10:18.784+08:00 level=INFO msg=处理完成一个批次 latest_time="2026-04-28 22:27:51" latest_sender=0x指纹 latest_message=http://weibo.com/1913094142/QC stop=false
time=2026-04-28T23:10:20.744+08:00 level=INFO msg=处理完成一个批次 latest_time="2026-04-28 21:50:51" latest_sender=羽化的布偶 latest_message=「昨天他们幼儿园跳骚 stop=false
time=2026-04-28T23:10:22.405+08:00 level=INFO msg=处理完成一个批次 latest_time="2026-04-28 21:43:07" latest_sender=吃完麻辣烫后想来点甜 latest_message="@用户6937199137 对，最初" stop=false
time=2026-04-28T23:10:24.906+08:00 level=INFO msg=处理完成一个批次 latest_time="2026-04-28 21:32:27" latest_sender=小大饼 latest_message=[疑问][疑问][疑问] stop=false
time=2026-04-28T23:10:26.966+08:00 level=INFO msg=处理完成一个批次 latest_time="2026-04-28 21:13:10" latest_sender=小大饼 latest_message=啊啊啊啊啊啊啊妹妹和 stop=false
time=2026-04-28T23:10:31.396+08:00 level=INFO msg=处理完成一个批次 latest_time="2026-04-28 20:54:42" latest_sender=xelnaga瞭望塔 latest_message=「每次看到大饼想妹妹 stop=false
time=2026-04-28T23:10:33.039+08:00 level=INFO msg=处理完成一个批次 latest_time="2026-04-28 20:31:29" latest_sender=达包咩 latest_message="「「@达包咩:Dell3647的\xe4\xba" stop=false
time=2026-04-28T23:10:35.405+08:00 level=INFO msg=处理完成一个批次 latest_time="2026-04-28 19:59:27" latest_sender=亚奇奇洛贝 latest_message=最卷的就是你了 stop=false
time=2026-04-28T23:10:39.125+08:00 level=INFO msg=处理完成一个批次 latest_time="2026-04-28 19:42:23" latest_sender=nkaifang latest_message="「视频」\n- - - - - - - - -" stop=false
time=2026-04-28T23:10:43.681+08:00 level=INFO msg=处理完成一个批次 latest_time="2026-04-28 19:30:38" latest_sender=SnowChou latest_message="@小大饼 推荐这个博主" stop=false
time=2026-04-28T23:10:47.393+08:00 level=INFO msg=处理完成一个批次 latest_time="2026-04-28 18:53:15" latest_sender=寻孤找读者_ latest_message=http://weibo.com/7467004060/QC stop=false
time=2026-04-28T23:10:49.086+08:00 level=INFO msg=处理完成一个批次 latest_time="2026-04-28 18:40:34" latest_sender=粉丝群 latest_message=涉及资金问题请务必提 stop=false
time=2026-04-28T23:10:50.965+08:00 level=INFO msg=处理完成一个批次 latest_time="2026-04-28 18:39:27" latest_sender=堂食也叫内用 latest_message="@铜冰鉴43228 @用户6937199" stop=false
time=2026-04-28T23:10:55.866+08:00 level=INFO msg=处理完成一个批次 latest_time="2026-04-28 18:29:52" latest_sender=铜冰鉴43228 latest_message="「图片」\n- - - - - - - - -" stop=false
time=2026-04-28T23:10:58.133+08:00 level=INFO msg=处理完成一个批次 latest_time="2026-04-28 17:53:42" latest_sender=SnowChou latest_message="「@SnowChou」\n- - - - - - - " stop=false
time=2026-04-28T23:11:00.157+08:00 level=INFO msg=处理完成一个批次 latest_time="2026-04-28 17:42:29" latest_sender=楼雨晴Lo latest_message=我记得有个菠萝安格斯 stop=false
time=2026-04-28T23:11:01.864+08:00 level=INFO msg=处理完成一个批次 latest_time="2026-04-28 17:16:17" latest_sender=小大饼 latest_message=郁闷 stop=false
time=2026-04-28T23:11:03.783+08:00 level=INFO msg=处理完成一个批次 latest_time="2026-04-28 17:10:42" latest_sender=onemoretrees一棵树 latest_message=个人感觉还不错用来徒 stop=false
time=2026-04-28T23:11:06.202+08:00 level=INFO msg=处理完成一个批次 latest_time="2026-04-28 16:57:22" latest_sender=楼雨晴Lo latest_message=好嘟，谢谢001 stop=false
time=2026-04-28T23:11:08.005+08:00 level=INFO msg=处理完成一个批次 latest_time="2026-04-28 16:31:04" latest_sender=亚奇奇洛贝 latest_message=炸鸡鸡也可以吃 stop=false
time=2026-04-28T23:11:15.948+08:00 level=INFO msg=处理完成一个批次 latest_time="2026-04-28 16:12:52" latest_sender=干拌面过冷水 latest_message=「「喜欢爬山的朋友注 stop=false
time=2026-04-28T23:11:17.934+08:00 level=INFO msg=处理完成一个批次 latest_time="2026-04-28 15:41:29" latest_sender=0x指纹 latest_message=汪滔* stop=false
time=2026-04-28T23:11:20.678+08:00 level=INFO msg=处理完成一个批次 latest_time="2026-04-28 14:44:40" latest_sender=梦醒的你会很轻松 latest_message=[捂嘴哭] stop=false
time=2026-04-28T23:11:26.660+08:00 level=INFO msg=处理完成一个批次 latest_time="2026-04-28 14:10:20" latest_sender=拱bot latest_message=“我的粉丝相对来说是 stop=false
time=2026-04-28T23:11:29.029+08:00 level=INFO msg=处理完成一个批次 latest_time="2026-04-28 13:00:29" latest_sender=这这这是WangYang latest_message=心无波澜才能躺平吧， stop=false
time=2026-04-28T23:11:32.287+08:00 level=INFO msg=处理完成一个批次 latest_time="2026-04-28 12:47:09" latest_sender=任_朝暮_ latest_message=[哆啦A梦害怕] stop=false
time=2026-04-28T23:11:34.236+08:00 level=INFO msg=处理完成一个批次 latest_time="2026-04-28 12:34:16" latest_sender=自由的西瓜L latest_message=每个公共话题都是这样 stop=false
time=2026-04-28T23:11:37.127+08:00 level=INFO msg=处理完成一个批次 latest_time="2026-04-28 12:21:18" latest_sender=羽化的布偶 latest_message=饼老师不要厚此薄彼 stop=false
time=2026-04-28T23:11:38.753+08:00 level=INFO msg=处理完成一个批次 latest_time="2026-04-28 12:13:15" latest_sender=铜冰鉴43228 latest_message=「「大饼，圈圈五一要 stop=false
time=2026-04-28T23:11:43.663+08:00 level=INFO msg=处理完成一个批次 latest_time="2026-04-28 12:08:56" latest_sender=茴字的1970种写法 latest_message="「约调得付钱」\n- - - - " stop=false
time=2026-04-28T23:11:45.974+08:00 level=INFO msg=处理完成一个批次 latest_time="2026-04-28 12:05:04" latest_sender=没有了光_ latest_message=我司也有个长发男孩， stop=false
time=2026-04-28T23:11:47.678+08:00 level=INFO msg=处理完成一个批次 latest_time="2026-04-28 12:01:32" latest_sender=0x指纹 latest_message=「「「个人理解，大家 stop=false
time=2026-04-28T23:11:49.630+08:00 level=INFO msg=处理完成一个批次 latest_time="2026-04-28 11:52:22" latest_sender=xelnaga瞭望塔 latest_message=熊猫关门之后就不知道 stop=false
time=2026-04-28T23:11:51.674+08:00 level=INFO msg=处理完成一个批次 latest_time="2026-04-28 11:43:41" latest_sender=甜甜花终结者 latest_message=这个肯定不算躺平[doge] stop=false
time=2026-04-28T23:11:53.286+08:00 level=INFO msg=处理完成一个批次 latest_time="2026-04-28 11:37:41" latest_sender=亚奇奇洛贝 latest_message=「昨晚睡前在群里爬楼 stop=false
time=2026-04-28T23:11:55.090+08:00 level=INFO msg=处理完成一个批次 latest_time="2026-04-28 11:28:48" latest_sender=自由的西瓜L latest_message="「B站有个up叫小A在上\xe7\xbd" stop=false
time=2026-04-28T23:11:56.754+08:00 level=INFO msg=处理完成一个批次 latest_time="2026-04-28 11:22:48" latest_sender=蓦回溯光 latest_message=之前被封过，转生后再 stop=false
time=2026-04-28T23:11:58.476+08:00 level=INFO msg=处理完成一个批次 latest_time="2026-04-28 11:20:20" latest_sender=茴字的1970种写法 latest_message=http://weibo.com/1253846303/QC stop=false
time=2026-04-28T23:12:00.152+08:00 level=INFO msg=处理完成一个批次 latest_time="2026-04-28 11:17:43" latest_sender=Iris_0809 latest_message=【共产主义社会是乌托 stop=false
time=2026-04-28T23:12:01.917+08:00 level=INFO msg=处理完成一个批次 latest_time="2026-04-28 11:15:12" latest_sender=黄健楸 latest_message=「「就不说白老师这种 stop=false
time=2026-04-28T23:12:03.589+08:00 level=INFO msg=处理完成一个批次 latest_time="2026-04-28 11:09:58" latest_sender=茴字的1970种写法 latest_message=我认为我们现在就有一 stop=false
time=2026-04-28T23:12:07.696+08:00 level=INFO msg=处理完成一个批次 latest_time="2026-04-28 11:00:57" latest_sender=梦星河200602 latest_message="梦星河200602 撤回了一\xe6\x9d" stop=false
time=2026-04-28T23:12:11.952+08:00 level=INFO msg=处理完成一个批次 latest_time="2026-04-28 10:51:02" latest_sender=梦醒的你会很轻松 latest_message=[锦鲤附体] stop=false
time=2026-04-28T23:12:13.623+08:00 level=INFO msg=处理完成一个批次 latest_time="2026-04-28 10:40:49" latest_sender=蓦回溯光 latest_message=那时候觉得去饭店打工 stop=false
time=2026-04-28T23:12:15.327+08:00 level=INFO msg=处理完成一个批次 latest_time="2026-04-28 10:34:26" latest_sender=一蓑烟雨任平生WB latest_message=“看你不爽”，这个原 stop=false
time=2026-04-28T23:12:17.052+08:00 level=INFO msg=处理完成一个批次 latest_time="2026-04-28 10:26:12" latest_sender=梦星河200602 latest_message="不懂 tk 老师为啥 renew \xe4" stop=false
time=2026-04-28T23:12:18.856+08:00 level=INFO msg=处理完成一个批次 latest_time="2026-04-28 10:12:00" latest_sender=我爱吃肠粉001 latest_message="「@clone_sheep:前天几天\xe8\xbf" stop=false
time=2026-04-28T23:12:21.220+08:00 level=INFO msg=处理完成一个批次 latest_time="2026-04-28 09:45:20" latest_sender=我爱吃肠粉001 latest_message=分享图片 stop=false
time=2026-04-28T23:12:23.344+08:00 level=INFO msg=处理完成一个批次 latest_time="2026-04-28 09:20:31" latest_sender=黄健楸 latest_message=什么，狮座不差女大了 stop=false
time=2026-04-28T23:12:25.037+08:00 level=INFO msg=处理完成一个批次 latest_time="2026-04-28 08:46:04" latest_sender=亲爱的L先森 latest_message="「图片」\n- - - - - - - - -" stop=false
time=2026-04-28T23:12:32.039+08:00 level=INFO msg=处理完成一个批次 latest_time="2026-04-28 08:17:00" latest_sender=Aurora白White-little-hajimi latest_message=热爱大自然！走进大自 stop=false
time=2026-04-28T23:12:33.654+08:00 level=INFO msg=处理完成一个批次 latest_time="2026-04-28 07:35:35" latest_sender=复数枝桠 latest_message=早 stop=false
time=2026-04-28T23:12:50.405+08:00 level=WARN msg="通过响应监听下载 fid 失败，尝试回退到浏览器内 fetch" fid=5292515113567490 err="timeout:Timeout 15000.00ms exceeded."
time=2026-04-28T23:12:50.600+08:00 level=WARN msg="浏览器内 fetch 下载 fid 失败" fid=5292515113567490 url="https://upload.api.weibo.com/2/mss/msget?fid=5292515113567490&source=209678993&imageType=origin&ts=1777389170405" err="TypeError: Failed to fetch"
time=2026-04-28T23:12:50.640+08:00 level=WARN msg="浏览器内 fetch 下载 fid 失败" fid=5292515113567490 url="https://upload.api.weibo.com/2/mss/msget?fid=5292515113567490&touid=4761715839862414&ts=1777389170405" err="TypeError: Failed to fetch"
time=2026-04-28T23:12:50.735+08:00 level=WARN msg="浏览器内 fetch 下载 fid 失败" fid=5292515113567490 url="https://upload.api.weibo.com/2/mss/msget?fid=5292515113567490&source=209678993&touid=4761715839862414&imageType=origin&ts=1777389170405" err="TypeError: Failed to fetch"
time=2026-04-28T23:12:50.735+08:00 level=WARN msg="浏览器内 fid 下载全部失败，尝试直接 HTTP 下载" fid=5292515113567490 err="TypeError: Failed to fetch"
time=2026-04-28T23:12:51.067+08:00 level=INFO msg="fid 媒体已通过直接 HTTP 回退下载成功" fid=5292515113567490 path=/home/duty/weibo_cron/chat_media_downloads/img_5292515113567490_茧房日报260427.pdf
time=2026-04-28T23:12:51.068+08:00 level=INFO msg=处理完成一个批次 latest_time="2026-04-28 06:34:24" latest_sender=吃完麻辣烫后想来点甜 latest_message=早早早 stop=false
time=2026-04-28T23:12:53.480+08:00 level=INFO msg=处理完成一个批次 latest_time="2026-04-28 01:45:35" latest_sender=胖子快醒醒 latest_message=喵呜 stop=false
time=2026-04-28T23:12:55.415+08:00 level=INFO msg=处理完成一个批次 latest_time="2026-04-27 23:38:05" latest_sender=在公车上吃花生酱的浣熊 latest_message="「「「@在公车上吃花\xe7\x94" stop=false
time=2026-04-28T23:12:57.532+08:00 level=INFO msg=处理完成一个批次 latest_time="2026-04-27 23:27:59" latest_sender=古拉TE latest_message="「「「「笑啥」\n- - - - " stop=false
time=2026-04-28T23:12:59.984+08:00 level=INFO msg=处理完成一个批次 latest_time="2026-04-27 23:23:26" latest_sender=梦星河200602 latest_message=今晚我笑半天 stop=false
time=2026-04-28T23:13:01.697+08:00 level=INFO msg=处理完成一个批次 latest_time="2026-04-27 23:14:53" latest_sender=onemoretrees一棵树 latest_message=「打扰各位了，请问之 stop=true
time=2026-04-28T23:13:01.740+08:00 level=INFO msg=群聊历史抓取完成 new_count=1191 history_dir=/home/duty/weibo_cron/clean_history state_file=/home/duty/weibo_cron/group_chat_state.json
time=2026-04-28T23:13:07.912+08:00 level=INFO msg=群聊摘要推送完成 message_count=1
/usr/bin/xvfb-run: line 185: kill: (603291) - No such process
time=2026-04-29T23:10:03.561+08:00 level=INFO msg=群聊模式配置加载完成 config=config.groupchat.yaml
time=2026-04-29T23:10:07.236+08:00 level=INFO msg=打开微博群聊页面 url="https://api.weibo.com/chat/#/chat?check_gid=4761715839862414&source_from=11" user_data_dir=/home/duty/weibo_cron/weibo_user_data browser_channel=chrome
time=2026-04-29T23:10:08.214+08:00 level=INFO msg=如未登录，请在打开的浏览器中完成登录；程序正在等待群聊消息接口返回
time=2026-04-29T23:10:09.445+08:00 level=INFO msg=群聊页面已加载，开始抓取历史消息
time=2026-04-29T23:10:09.608+08:00 level=INFO msg=处理完成一个批次 latest_time="2026-04-29 23:09:34" latest_sender=Hollyw00d latest_message="[单身狗]北京的好天气\xe6" stop=false
time=2026-04-29T23:10:10.542+08:00 level=INFO msg=处理完成一个批次 latest_time="2026-04-29 22:37:28" latest_sender=nkaifang latest_message=不是，应该属于那时候 stop=false
time=2026-04-29T23:10:12.325+08:00 level=INFO msg=处理完成一个批次 latest_time="2026-04-29 22:28:13" latest_sender=叫我小鸡君吧 latest_message="「most wanted」\n- - - - - - " stop=false
time=2026-04-29T23:10:14.045+08:00 level=INFO msg=处理完成一个批次 latest_time="2026-04-29 22:24:16" latest_sender=我爱吃肠粉001 latest_message=我感觉是 stop=false
time=2026-04-29T23:10:16.523+08:00 level=INFO msg=处理完成一个批次 latest_time="2026-04-29 22:21:18" latest_sender=铜冰鉴43228 latest_message=对那么多人造成了困扰 stop=false
time=2026-04-29T23:10:18.162+08:00 level=INFO msg=处理完成一个批次 latest_time="2026-04-29 22:14:14" latest_sender=小大饼 latest_message=数字可不可以改下？改 stop=false
time=2026-04-29T23:10:20.209+08:00 level=INFO msg=处理完成一个批次 latest_time="2026-04-29 22:09:41" latest_sender=阿尼亚是安妮亞 latest_message="捏造一个 cakestingyism" stop=false
time=2026-04-29T23:10:22.587+08:00 level=INFO msg=处理完成一个批次 latest_time="2026-04-29 21:56:26" latest_sender=拱bot latest_message="「「@古拉TE 拉姐，我\xe5\xa5" stop=false
time=2026-04-29T23:10:24.264+08:00 level=INFO msg=处理完成一个批次 latest_time="2026-04-29 21:49:10" latest_sender=羽化的布偶 latest_message="「FIRE 目标资产 = 年生\xe6" stop=false
time=2026-04-29T23:10:26.038+08:00 level=INFO msg=处理完成一个批次 latest_time="2026-04-29 21:40:57" latest_sender=自由的西瓜L latest_message=似曾相识 stop=false
time=2026-04-29T23:10:28.598+08:00 level=INFO msg=处理完成一个批次 latest_time="2026-04-29 21:32:38" latest_sender=用户6937199137 latest_message=http://weibo.com/7402396589/Q0 stop=false
time=2026-04-29T23:10:30.474+08:00 level=INFO msg=处理完成一个批次 latest_time="2026-04-29 21:22:06" latest_sender=FFFFVIP latest_message="「图片」\n- - - - - - - - -" stop=false
time=2026-04-29T23:10:32.485+08:00 level=INFO msg=处理完成一个批次 latest_time="2026-04-29 20:54:05" latest_sender=小鹿纯子买咸酸 latest_message="「「微博」\n- - - - - - - " stop=false
time=2026-04-29T23:10:34.195+08:00 level=INFO msg=处理完成一个批次 latest_time="2026-04-29 20:29:09" latest_sender=画中的北极熊 latest_message=SVIP体验卡http://t.cn/AXJw2 stop=false
time=2026-04-29T23:10:36.055+08:00 level=INFO msg=处理完成一个批次 latest_time="2026-04-29 20:16:08" latest_sender=楼雨晴Lo latest_message=大师你好 stop=false
time=2026-04-29T23:10:37.908+08:00 level=INFO msg=处理完成一个批次 latest_time="2026-04-29 20:05:14" latest_sender=梦星河200602 latest_message=没有推荐哈，害怕😬 stop=false
time=2026-04-29T23:10:39.674+08:00 level=INFO msg=处理完成一个批次 latest_time="2026-04-29 19:55:56" latest_sender=梦星河200602 latest_message=那就可以了 stop=false
time=2026-04-29T23:10:41.614+08:00 level=INFO msg=处理完成一个批次 latest_time="2026-04-29 19:48:42" latest_sender=四岚1883 latest_message="大科技都是这么玩的 \xe8\xa3" stop=false
time=2026-04-29T23:10:43.429+08:00 level=INFO msg=处理完成一个批次 latest_time="2026-04-29 19:45:27" latest_sender=梦星河200602 latest_message="「图片」\n- - - - - - - - -" stop=false
time=2026-04-29T23:10:46.174+08:00 level=INFO msg=处理完成一个批次 latest_time="2026-04-29 19:40:15" latest_sender=亚奇奇洛贝 latest_message=狮哥太专业了 stop=false
time=2026-04-29T23:10:48.291+08:00 level=INFO msg=处理完成一个批次 latest_time="2026-04-29 19:33:28" latest_sender=梦星河200602 latest_message="「好想买个 5090 啊，太" stop=false
time=2026-04-29T23:10:50.552+08:00 level=INFO msg=处理完成一个批次 latest_time="2026-04-29 19:28:06" latest_sender=万物既渺小又伟大 latest_message=好像山楂丸 stop=false
time=2026-04-29T23:10:52.353+08:00 level=INFO msg=处理完成一个批次 latest_time="2026-04-29 19:20:03" latest_sender=冰火岛的曾阿牛 latest_message="「图片」\n- - - - - - - - -" stop=false
time=2026-04-29T23:10:54.219+08:00 level=INFO msg=处理完成一个批次 latest_time="2026-04-29 19:11:24" latest_sender=冰火岛的曾阿牛 latest_message=被眼镜夹的头昏脑胀， stop=false
time=2026-04-29T23:10:55.835+08:00 level=INFO msg=处理完成一个批次 latest_time="2026-04-29 19:04:04" latest_sender=复数枝桠 latest_message="复数枝桠 撤回了一条\xe6\xb6" stop=false
time=2026-04-29T23:10:57.730+08:00 level=INFO msg=处理完成一个批次 latest_time="2026-04-29 19:01:17" latest_sender=在公车上吃花生酱的浣熊 latest_message=赞同 stop=false
time=2026-04-29T23:10:59.402+08:00 level=INFO msg=处理完成一个批次 latest_time="2026-04-29 18:53:43" latest_sender=冰可乐煮饺子 latest_message=「@茴字的1970种写法:我 stop=false
time=2026-04-29T23:11:01.576+08:00 level=INFO msg=处理完成一个批次 latest_time="2026-04-29 18:44:34" latest_sender=肥圆真君_WWW latest_message=恭喜 stop=false
time=2026-04-29T23:11:04.026+08:00 level=INFO msg=处理完成一个批次 latest_time="2026-04-29 18:39:26" latest_sender=黄健楸 latest_message=分享图片 stop=false
time=2026-04-29T23:11:05.870+08:00 level=INFO msg=处理完成一个批次 latest_time="2026-04-29 18:30:11" latest_sender=茴字的1970种写法 latest_message="但凡微博 PM 愿意多从\xe7\xbe" stop=false
time=2026-04-29T23:11:08.004+08:00 level=INFO msg=处理完成一个批次 latest_time="2026-04-29 18:24:10" latest_sender=粉丝群 latest_message=涉及资金问题请务必提 stop=false
time=2026-04-29T23:11:09.660+08:00 level=INFO msg=处理完成一个批次 latest_time="2026-04-29 18:02:09" latest_sender=冰火岛的曾阿牛 latest_message=肯定有 stop=false
time=2026-04-29T23:11:11.370+08:00 level=INFO msg=处理完成一个批次 latest_time="2026-04-29 17:49:09" latest_sender=蓦回溯光 latest_message=屏蔽个啥，我要跟他大 stop=false
time=2026-04-29T23:11:13.159+08:00 level=INFO msg=处理完成一个批次 latest_time="2026-04-29 17:45:48" latest_sender=有种来中路 latest_message=发一些令人不适的内容 stop=false
time=2026-04-29T23:11:14.785+08:00 level=INFO msg=处理完成一个批次 latest_time="2026-04-29 17:33:49" latest_sender=粉丝群 latest_message=涉及资金问题请务必提 stop=false
time=2026-04-29T23:11:16.451+08:00 level=INFO msg=处理完成一个批次 latest_time="2026-04-29 17:32:29" latest_sender=lamomo123456 latest_message="2.96元，@阿尼亚是安妮\xe4" stop=false
time=2026-04-29T23:11:18.113+08:00 level=INFO msg=处理完成一个批次 latest_time="2026-04-29 17:31:06" latest_sender=复数枝桠 latest_message="0.98元，@阿航爱喝水呀 " stop=false
time=2026-04-29T23:11:20.178+08:00 level=INFO msg=处理完成一个批次 latest_time="2026-04-29 17:30:05" latest_sender=亚奇奇洛贝 latest_message="我们 10 后可没听说过\xe8\xbf" stop=false
time=2026-04-29T23:11:25.429+08:00 level=INFO msg=处理完成一个批次 latest_time="2026-04-29 17:24:52" latest_sender=古拉TE latest_message=把想看的人设为特别提 stop=false
time=2026-04-29T23:11:27.285+08:00 level=INFO msg=处理完成一个批次 latest_time="2026-04-29 17:21:31" latest_sender=一蓑烟雨任平生WB latest_message=要不然看见个广场拉屎 stop=false
time=2026-04-29T23:11:28.940+08:00 level=INFO msg=处理完成一个批次 latest_time="2026-04-29 17:15:20" latest_sender=0x指纹 latest_message=「「@用户6937199137:不用 stop=false
time=2026-04-29T23:11:30.787+08:00 level=INFO msg=处理完成一个批次 latest_time="2026-04-29 17:07:30" latest_sender=我还想吃饭 latest_message=天道也不是保姆，要学 stop=false
time=2026-04-29T23:11:32.625+08:00 level=INFO msg=处理完成一个批次 latest_time="2026-04-29 16:58:42" latest_sender=铜冰鉴43228 latest_message=大饼：天雷滚滚我好怕 stop=false
time=2026-04-29T23:11:37.294+08:00 level=INFO msg=处理完成一个批次 latest_time="2026-04-29 16:55:56" latest_sender=小大饼 latest_message=管理员是不是工作忙了 stop=false
time=2026-04-29T23:11:39.592+08:00 level=INFO msg=处理完成一个批次 latest_time="2026-04-29 16:51:19" latest_sender=茴字的1970种写法 latest_message=这个好。 stop=false
time=2026-04-29T23:11:41.552+08:00 level=INFO msg=处理完成一个批次 latest_time="2026-04-29 16:42:12" latest_sender=茴字的1970种写法 latest_message=语文差，就可以逃避， stop=false
time=2026-04-29T23:11:43.594+08:00 level=INFO msg=处理完成一个批次 latest_time="2026-04-29 16:27:31" latest_sender=用户6937199137 latest_message=分享图片 stop=false
time=2026-04-29T23:11:45.383+08:00 level=INFO msg=处理完成一个批次 latest_time="2026-04-29 16:22:02" latest_sender=春天小羚羊 latest_message=「「说实话没太看懂这 stop=false
time=2026-04-29T23:11:47.188+08:00 level=INFO msg=处理完成一个批次 latest_time="2026-04-29 16:11:31" latest_sender=粉丝群 latest_message=涉及资金问题请务必提 stop=false
time=2026-04-29T23:11:48.857+08:00 level=INFO msg=处理完成一个批次 latest_time="2026-04-29 15:39:57" latest_sender=北角60度 latest_message="群里有狮子君真好！[\xe7\x82" stop=false
time=2026-04-29T23:11:50.591+08:00 level=INFO msg=处理完成一个批次 latest_time="2026-04-29 15:07:41" latest_sender=寻孤找读者_ latest_message=http://weibo.com/1967542335/QC stop=false
time=2026-04-29T23:11:53.403+08:00 level=INFO msg=处理完成一个批次 latest_time="2026-04-29 14:59:00" latest_sender=我还想吃饭 latest_message=海外诈骗分子骗起来费 stop=false
time=2026-04-29T23:11:55.373+08:00 level=INFO msg=处理完成一个批次 latest_time="2026-04-29 14:51:07" latest_sender=小大饼 latest_message=昨晚美股又跌了 stop=false
time=2026-04-29T23:12:00.954+08:00 level=INFO msg=处理完成一个批次 latest_time="2026-04-29 14:41:11" latest_sender=Mika_Joe latest_message=分享图片 stop=false
time=2026-04-29T23:12:02.788+08:00 level=INFO msg=处理完成一个批次 latest_time="2026-04-29 14:25:08" latest_sender=春天小羚羊 latest_message=「忍太久了，不想忍了 stop=false
time=2026-04-29T23:12:04.673+08:00 level=INFO msg=处理完成一个批次 latest_time="2026-04-29 14:13:23" latest_sender=万物既渺小又伟大 latest_message=「狮子推荐了中铀和中 stop=false
time=2026-04-29T23:12:06.488+08:00 level=INFO msg=处理完成一个批次 latest_time="2026-04-29 13:33:10" latest_sender=黄健楸 latest_message="「微博」\n- - - - - - - - -" stop=false
time=2026-04-29T23:12:08.501+08:00 level=INFO msg=处理完成一个批次 latest_time="2026-04-29 13:10:36" latest_sender=SnowChou latest_message=这FFF和FFFFFF都是什么意 stop=false
time=2026-04-29T23:12:10.400+08:00 level=INFO msg=处理完成一个批次 latest_time="2026-04-29 13:04:21" latest_sender=小鹿纯子买咸酸 latest_message=以后要多跟孟师傅请教 stop=false
time=2026-04-29T23:12:12.251+08:00 level=INFO msg=处理完成一个批次 latest_time="2026-04-29 12:55:39" latest_sender=SnowChou latest_message="「微博」\n- - - - - - - - -" stop=false
time=2026-04-29T23:12:14.042+08:00 level=INFO msg=处理完成一个批次 latest_time="2026-04-29 12:41:01" latest_sender=任_朝暮_ latest_message=这样吗？ stop=false
time=2026-04-29T23:12:15.862+08:00 level=INFO msg=处理完成一个批次 latest_time="2026-04-29 12:37:39" latest_sender=寻孤找读者_ latest_message=「炒股还有个好玩的手 stop=false
time=2026-04-29T23:12:17.746+08:00 level=INFO msg=处理完成一个批次 latest_time="2026-04-29 12:24:58" latest_sender=茴字的1970种写法 latest_message=http://t.cn/AXJ7DkVd stop=false
time=2026-04-29T23:12:19.415+08:00 level=INFO msg=处理完成一个批次 latest_time="2026-04-29 12:14:57" latest_sender=自由的西瓜L latest_message=「评价饼哥，必须坚持 stop=false
time=2026-04-29T23:12:21.199+08:00 level=INFO msg=处理完成一个批次 latest_time="2026-04-29 12:10:15" latest_sender=茴字的1970种写法 latest_message="「\"群体性行为\"」\n- - - " stop=false
time=2026-04-29T23:12:23.405+08:00 level=INFO msg=处理完成一个批次 latest_time="2026-04-29 11:59:25" latest_sender=我还想吃饭 latest_message=分享图片 stop=false
time=2026-04-29T23:12:25.145+08:00 level=INFO msg=处理完成一个批次 latest_time="2026-04-29 11:47:05" latest_sender=At0mrain latest_message=你好，我是你的破茧人 stop=false
time=2026-04-29T23:12:40.786+08:00 level=INFO msg=处理完成一个批次 latest_time="2026-04-29 11:30:49" latest_sender=十月的米兰 latest_message=这个女的从怀孕到生产 stop=false
time=2026-04-29T23:12:43.002+08:00 level=INFO msg=处理完成一个批次 latest_time="2026-04-29 11:24:59" latest_sender=阿尼亚是安妮亞 latest_message=后来大家看到“男生给 stop=false
time=2026-04-29T23:12:44.676+08:00 level=INFO msg=处理完成一个批次 latest_time="2026-04-29 11:19:59" latest_sender=自由的西瓜L latest_message=昨天让gemini查一下“躺 stop=false
time=2026-04-29T23:12:46.906+08:00 level=INFO msg=处理完成一个批次 latest_time="2026-04-29 11:10:29" latest_sender=花小生鱼 latest_message="「没了啊啊啊[怒]」\n- -" stop=false
time=2026-04-29T23:12:48.791+08:00 level=INFO msg=处理完成一个批次 latest_time="2026-04-29 11:01:43" latest_sender=咚咚呛2019 latest_message=「如果嫌洗杯子麻烦， stop=false
time=2026-04-29T23:12:52.077+08:00 level=INFO msg=处理完成一个批次 latest_time="2026-04-29 10:54:05" latest_sender=我还想吃饭 latest_message=分享视频 stop=false
time=2026-04-29T23:12:54.031+08:00 level=INFO msg=处理完成一个批次 latest_time="2026-04-29 10:30:41" latest_sender=北角60度 latest_message="「微博」\n- - - - - - - - -" stop=false
time=2026-04-29T23:12:58.233+08:00 level=INFO msg=处理完成一个批次 latest_time="2026-04-29 10:21:17" latest_sender=我爱吃肠粉001 latest_message=老婆饼也没老婆[挖鼻] stop=false
time=2026-04-29T23:13:01.300+08:00 level=INFO msg=处理完成一个批次 latest_time="2026-04-29 10:04:54" latest_sender=梦星河200602 latest_message=分享图片 stop=false
time=2026-04-29T23:13:03.136+08:00 level=INFO msg=处理完成一个批次 latest_time="2026-04-29 09:30:46" latest_sender=Jane王师傅 latest_message=「「「清早赶高铁很困 stop=false
time=2026-04-29T23:13:04.771+08:00 level=INFO msg=处理完成一个批次 latest_time="2026-04-29 08:43:49" latest_sender=金陵琥珀雪 latest_message=「「「早晨起来拥抱太 stop=false
time=2026-04-29T23:13:07.217+08:00 level=INFO msg=处理完成一个批次 latest_time="2026-04-29 08:34:38" latest_sender=铜冰鉴43228 latest_message=「早晨起来拥抱太阳， stop=false
time=2026-04-29T23:13:08.838+08:00 level=INFO msg=处理完成一个批次 latest_time="2026-04-29 07:43:30" latest_sender=夏天的第一口冰阔乐 latest_message=早 stop=false
time=2026-04-29T23:13:25.698+08:00 level=WARN msg="通过响应监听下载 fid 失败，尝试回退到浏览器内 fetch" fid=5292877752042072 err="timeout:Timeout 15000.00ms exceeded."
time=2026-04-29T23:13:25.800+08:00 level=WARN msg="浏览器内 fetch 下载 fid 失败" fid=5292877752042072 url="https://upload.api.weibo.com/2/mss/msget?fid=5292877752042072&source=209678993&imageType=origin&ts=1777475605699" err="TypeError: Failed to fetch"
time=2026-04-29T23:13:25.844+08:00 level=WARN msg="浏览器内 fetch 下载 fid 失败" fid=5292877752042072 url="https://upload.api.weibo.com/2/mss/msget?fid=5292877752042072&touid=4761715839862414&ts=1777475605699" err="TypeError: Failed to fetch"
time=2026-04-29T23:13:25.971+08:00 level=WARN msg="浏览器内 fetch 下载 fid 失败" fid=5292877752042072 url="https://upload.api.weibo.com/2/mss/msget?fid=5292877752042072&source=209678993&touid=4761715839862414&imageType=origin&ts=1777475605699" err="TypeError: Failed to fetch"
time=2026-04-29T23:13:25.971+08:00 level=WARN msg="浏览器内 fid 下载全部失败，尝试直接 HTTP 下载" fid=5292877752042072 err="TypeError: Failed to fetch"
time=2026-04-29T23:13:26.277+08:00 level=INFO msg="fid 媒体已通过直接 HTTP 回退下载成功" fid=5292877752042072 path=/home/duty/weibo_cron/chat_media_downloads/img_5292877752042072_茧房日报260428.pdf
time=2026-04-29T23:13:26.278+08:00 level=INFO msg=处理完成一个批次 latest_time="2026-04-29 06:25:19" latest_sender=此1234567 latest_message=早 stop=false
time=2026-04-29T23:13:28.176+08:00 level=INFO msg=处理完成一个批次 latest_time="2026-04-29 02:05:10" latest_sender=ActionKnows- latest_message="0.05元，@拾人牙慧的复\xe8" stop=false
time=2026-04-29T23:13:30.019+08:00 level=INFO msg=处理完成一个批次 latest_time="2026-04-28 23:22:05" latest_sender=小大饼 latest_message=方妹妹怎么不在啊 stop=false
time=2026-04-29T23:13:32.332+08:00 level=INFO msg=处理完成一个批次 latest_time="2026-04-28 23:13:49" latest_sender=小大饼 latest_message="「「「@吃完麻辣烫后\xe6\x83" stop=true
time=2026-04-29T23:13:32.384+08:00 level=INFO msg=群聊历史抓取完成 new_count=1676 history_dir=/home/duty/weibo_cron/clean_history state_file=/home/duty/weibo_cron/group_chat_state.json
time=2026-04-29T23:13:35.528+08:00 level=INFO msg=群聊摘要推送完成 message_count=1
/usr/bin/xvfb-run: line 185: kill: (621375) - No such process
time=2026-04-30T23:10:03.113+08:00 level=INFO msg=群聊模式配置加载完成 config=config.groupchat.yaml
time=2026-04-30T23:10:06.942+08:00 level=INFO msg=打开微博群聊页面 url="https://api.weibo.com/chat/#/chat?check_gid=4761715839862414&source_from=11" user_data_dir=/home/duty/weibo_cron/weibo_user_data browser_channel=chrome
time=2026-04-30T23:10:08.006+08:00 level=INFO msg=如未登录，请在打开的浏览器中完成登录；程序正在等待群聊消息接口返回
time=2026-04-30T23:40:47.820+08:00 level=INFO msg=群聊页面已加载，开始抓取历史消息
time=2026-04-30T23:40:48.486+08:00 level=INFO msg=处理完成一个批次 latest_time="2026-04-30 23:37:39" latest_sender=Hollyw00d latest_message=「「「哈哈，老胡用小 stop=false
time=2026-04-30T23:40:48.647+08:00 level=INFO msg=处理完成一个批次 latest_time="2026-04-30 22:59:23" latest_sender=xelnaga瞭望塔 latest_message=这几个月频率好像超过 stop=false
time=2026-04-30T23:40:50.900+08:00 level=INFO msg=处理完成一个批次 latest_time="2026-04-30 22:52:45" latest_sender=七床技师 latest_message=大家说是[笑cry][笑cry] stop=false
time=2026-04-30T23:40:52.622+08:00 level=INFO msg=处理完成一个批次 latest_time="2026-04-30 22:44:33" latest_sender=小大饼 latest_message=还剩一条。 stop=false
time=2026-04-30T23:40:54.834+08:00 level=INFO msg=处理完成一个批次 latest_time="2026-04-30 22:17:45" latest_sender=我爱吃肠粉001 latest_message=另外还可以补充一点， stop=false
time=2026-04-30T23:40:56.886+08:00 level=INFO msg=处理完成一个批次 latest_time="2026-04-30 22:08:02" latest_sender=梦星河200602 latest_message=http://weibo.com/7953761169/QD stop=false
time=2026-04-30T23:40:58.541+08:00 level=INFO msg=处理完成一个批次 latest_time="2026-04-30 21:35:26" latest_sender=相信相信的梦呓 latest_message=「「大家有好用的牙线 stop=false
time=2026-04-30T23:41:00.168+08:00 level=INFO msg=处理完成一个批次 latest_time="2026-04-30 21:24:04" latest_sender=Cipstrider latest_message=25%好厉害 stop=false
time=2026-04-30T23:41:02.347+08:00 level=INFO msg=处理完成一个批次 latest_time="2026-04-30 21:09:59" latest_sender=等下就去吃饭 latest_message=http://t.cn/AXJUuA5Z stop=false
time=2026-04-30T23:41:04.687+08:00 level=INFO msg=处理完成一个批次 latest_time="2026-04-30 20:46:45" latest_sender=寻孤找读者_ latest_message=已经在路上遇到两辆疲 stop=false
time=2026-04-30T23:41:06.398+08:00 level=INFO msg=处理完成一个批次 latest_time="2026-04-30 20:04:54" latest_sender=小大饼 latest_message=「「我初中有天中午在 stop=false
time=2026-04-30T23:41:08.018+08:00 level=INFO msg=处理完成一个批次 latest_time="2026-04-30 19:29:13" latest_sender=干拌面过冷水 latest_message="@我爱吃肠粉001 新买了\xe4" stop=false
time=2026-04-30T23:41:15.373+08:00 level=INFO msg=处理完成一个批次 latest_time="2026-04-30 18:59:54" latest_sender=大吉利丶 latest_message=这是田螺吗？ stop=false
time=2026-04-30T23:41:18.201+08:00 level=INFO msg=处理完成一个批次 latest_time="2026-04-30 18:36:09" latest_sender=亚奇奇洛贝 latest_message=http://weibo.com/1098618600/QD stop=false
time=2026-04-30T23:41:20.248+08:00 level=INFO msg=处理完成一个批次 latest_time="2026-04-30 18:00:19" latest_sender=自由的西瓜L latest_message=分享图片 stop=false
time=2026-04-30T23:41:22.385+08:00 level=INFO msg=处理完成一个批次 latest_time="2026-04-30 17:49:05" latest_sender=xelnaga瞭望塔 latest_message=已入库✅ stop=false
time=2026-04-30T23:41:24.492+08:00 level=INFO msg=处理完成一个批次 latest_time="2026-04-30 17:34:53" latest_sender=茴字的1970种写法 latest_message=这都不用问，绝对有。 stop=false
time=2026-04-30T23:41:26.802+08:00 level=INFO msg=处理完成一个批次 latest_time="2026-04-30 17:19:28" latest_sender=3ric2hao latest_message=这种不容易被诈骗 stop=false
time=2026-04-30T23:41:28.918+08:00 level=INFO msg=处理完成一个批次 latest_time="2026-04-30 17:02:42" latest_sender=古拉TE latest_message="古拉TE 撤回了一条消息" stop=false
time=2026-04-30T23:41:31.007+08:00 level=INFO msg=处理完成一个批次 latest_time="2026-04-30 16:30:30" latest_sender=小大饼 latest_message=分享图片 stop=false
time=2026-04-30T23:41:32.823+08:00 level=INFO msg=处理完成一个批次 latest_time="2026-04-30 16:12:13" latest_sender=小大饼 latest_message="「素的 3 块」\n- - - - - -" stop=false
time=2026-04-30T23:41:34.690+08:00 level=INFO msg=处理完成一个批次 latest_time="2026-04-30 16:01:29" latest_sender=小大饼 latest_message="「「@古拉TE 拉拉姐我\xe8\xaf" stop=false
time=2026-04-30T23:41:36.757+08:00 level=INFO msg=处理完成一个批次 latest_time="2026-04-30 15:55:52" latest_sender=粉丝群 latest_message=涉及资金问题请务必提 stop=false
time=2026-04-30T23:41:38.425+08:00 level=INFO msg=处理完成一个批次 latest_time="2026-04-30 15:48:40" latest_sender=tombkeeper latest_message=道家的思路是爱谁谁， stop=false
time=2026-04-30T23:41:40.060+08:00 level=INFO msg=处理完成一个批次 latest_time="2026-04-30 15:43:58" latest_sender=茴字的1970种写法 latest_message=能递折子的群友可以催 stop=false
time=2026-04-30T23:41:41.738+08:00 level=INFO msg=处理完成一个批次 latest_time="2026-04-30 15:38:53" latest_sender=Jane王师傅 latest_message=那还是以前的吵架比较 stop=false
time=2026-04-30T23:41:43.411+08:00 level=INFO msg=处理完成一个批次 latest_time="2026-04-30 15:36:09" latest_sender=茴字的1970种写法 latest_message=他看狮子喜欢说投资， stop=false
time=2026-04-30T23:41:45.042+08:00 level=INFO msg=处理完成一个批次 latest_time="2026-04-30 15:28:53" latest_sender=羽化的布偶 latest_message=“群友们还是太善良了 stop=false
time=2026-04-30T23:41:46.755+08:00 level=INFO msg=处理完成一个批次 latest_time="2026-04-30 15:15:28" latest_sender=春天小羚羊 latest_message="「微博」\n- - - - - - - - -" stop=false
time=2026-04-30T23:41:48.938+08:00 level=INFO msg=处理完成一个批次 latest_time="2026-04-30 14:58:03" latest_sender=xelnaga瞭望塔 latest_message=[鼓掌][心] stop=false
time=2026-04-30T23:41:50.593+08:00 level=INFO msg=处理完成一个批次 latest_time="2026-04-30 14:45:57" latest_sender=我还想吃饭 latest_message=我觉得怼饼哥也要限制 stop=false
time=2026-04-30T23:41:52.779+08:00 level=INFO msg=处理完成一个批次 latest_time="2026-04-30 14:35:33" latest_sender=寻孤找读者_ latest_message="本群于2026年4月30进入\xe4\xb8" stop=false
time=2026-04-30T23:41:54.835+08:00 level=INFO msg=处理完成一个批次 latest_time="2026-04-30 14:15:53" latest_sender=北角60度 latest_message=建议溯及既往[憧憬] stop=false
time=2026-04-30T23:41:57.536+08:00 level=INFO msg=处理完成一个批次 latest_time="2026-04-30 14:03:53" latest_sender=我爱吃肠粉001 latest_message="「图片」\n- - - - - - - - -" stop=false
time=2026-04-30T23:41:59.257+08:00 level=INFO msg=处理完成一个批次 latest_time="2026-04-30 13:49:23" latest_sender=等下就去吃饭 latest_message=联讯也过千了[允悲] stop=false
time=2026-04-30T23:42:02.458+08:00 level=INFO msg=处理完成一个批次 latest_time="2026-04-30 13:13:19" latest_sender=xelnaga瞭望塔 latest_message=「其实还是创造热量缺 stop=false
time=2026-04-30T23:42:04.351+08:00 level=INFO msg=处理完成一个批次 latest_time="2026-04-30 12:50:01" latest_sender=等下就去吃饭 latest_message=分享图片 stop=false
time=2026-04-30T23:42:06.041+08:00 level=INFO msg=处理完成一个批次 latest_time="2026-04-30 11:35:54" latest_sender=黄健楸 latest_message=「「我最近一直领不了 stop=false
time=2026-04-30T23:42:07.716+08:00 level=INFO msg=处理完成一个批次 latest_time="2026-04-30 11:17:52" latest_sender=亚奇奇洛贝 latest_message="3.33元，@春天小羚羊 终" stop=false
time=2026-04-30T23:42:09.440+08:00 level=INFO msg=处理完成一个批次 latest_time="2026-04-30 11:07:38" latest_sender=四岚1883 latest_message=结婚的时候一起吞下忠 stop=false
time=2026-04-30T23:42:12.133+08:00 level=INFO msg=处理完成一个批次 latest_time="2026-04-30 10:57:51" latest_sender=古拉TE latest_message=富翁能不能接受给脑子 stop=false
time=2026-04-30T23:42:14.653+08:00 level=INFO msg=处理完成一个批次 latest_time="2026-04-30 10:48:05" latest_sender=自由的西瓜L latest_message=哈哈哈 stop=false
time=2026-04-30T23:42:16.528+08:00 level=INFO msg=处理完成一个批次 latest_time="2026-04-30 10:39:42" latest_sender=用户6937199137 latest_message="峰哥这个视频 3w 块看\xe8\xb5" stop=false
time=2026-04-30T23:42:18.879+08:00 level=INFO msg=处理完成一个批次 latest_time="2026-04-30 10:34:12" latest_sender=茴字的1970种写法 latest_message=户子比较讨巧，突出一 stop=false
time=2026-04-30T23:42:21.904+08:00 level=INFO msg=处理完成一个批次 latest_time="2026-04-30 10:24:49" latest_sender=自由的西瓜L latest_message="自由的西瓜L 撤回了一\xe6" stop=false
time=2026-04-30T23:42:23.793+08:00 level=INFO msg=处理完成一个批次 latest_time="2026-04-30 10:13:59" latest_sender=黄健楸 latest_message=dash是黄一孟吗[笑cry] stop=false
time=2026-04-30T23:42:26.002+08:00 level=INFO msg=处理完成一个批次 latest_time="2026-04-30 09:27:21" latest_sender=一团意大利面 latest_message="有点小感动 峰哥真是\xe6\x89" stop=false
time=2026-04-30T23:42:27.720+08:00 level=INFO msg=处理完成一个批次 latest_time="2026-04-30 08:59:25" latest_sender=nkaifang latest_message=多劳动吗 stop=false
time=2026-04-30T23:42:30.131+08:00 level=INFO msg=处理完成一个批次 latest_time="2026-04-30 08:48:46" latest_sender=梦星河200602 latest_message=还是研究的不够深入， stop=false
time=2026-04-30T23:42:33.113+08:00 level=INFO msg=处理完成一个批次 latest_time="2026-04-30 08:42:16" latest_sender=同学没吃药吧 latest_message=[动画表情] stop=false
time=2026-04-30T23:42:35.194+08:00 level=INFO msg=处理完成一个批次 latest_time="2026-04-30 08:18:51" latest_sender=快乐沉思录 latest_message="0.97元，@雨石plus 谢陛\xe4\xb8" stop=false
time=2026-04-30T23:42:37.077+08:00 level=INFO msg=处理完成一个批次 latest_time="2026-04-30 07:56:32" latest_sender=四岚1883 latest_message="「@雨石plus:错过 f 和高" stop=false
time=2026-04-30T23:42:53.766+08:00 level=WARN msg="通过响应监听下载 fid 失败，尝试回退到浏览器内 fetch" fid=5293297578279156 err="timeout:Timeout 15000.00ms exceeded."
time=2026-04-30T23:42:53.859+08:00 level=WARN msg="浏览器内 fetch 下载 fid 失败" fid=5293297578279156 url="https://upload.api.weibo.com/2/mss/msget?fid=5293297578279156&source=209678993&imageType=origin&ts=1777563773766" err="TypeError: Failed to fetch"
time=2026-04-30T23:42:53.895+08:00 level=WARN msg="浏览器内 fetch 下载 fid 失败" fid=5293297578279156 url="https://upload.api.weibo.com/2/mss/msget?fid=5293297578279156&touid=4761715839862414&ts=1777563773766" err="TypeError: Failed to fetch"
time=2026-04-30T23:42:54.025+08:00 level=WARN msg="浏览器内 fetch 下载 fid 失败" fid=5293297578279156 url="https://upload.api.weibo.com/2/mss/msget?fid=5293297578279156&source=209678993&touid=4761715839862414&imageType=origin&ts=1777563773766" err="TypeError: Failed to fetch"
time=2026-04-30T23:42:54.025+08:00 level=WARN msg="浏览器内 fid 下载全部失败，尝试直接 HTTP 下载" fid=5293297578279156 err="TypeError: Failed to fetch"
time=2026-04-30T23:42:54.406+08:00 level=INFO msg="fid 媒体已通过直接 HTTP 回退下载成功" fid=5293297578279156 path=/home/duty/weibo_cron/chat_media_downloads/img_5293297578279156_茧房日报260429.pdf
time=2026-04-30T23:42:54.407+08:00 level=INFO msg=处理完成一个批次 latest_time="2026-04-30 07:25:38" latest_sender=粉丝群 latest_message="@孟昭俊 是本轮最佳手\xe6" stop=false
time=2026-04-30T23:42:56.083+08:00 level=INFO msg=处理完成一个批次 latest_time="2026-04-30 07:01:06" latest_sender=s1naweib0 latest_message=早 stop=false
time=2026-04-30T23:42:57.771+08:00 level=INFO msg=处理完成一个批次 latest_time="2026-04-30 05:04:32" latest_sender=小熊猫中年事件簿 latest_message=收到红包消息，请在手 stop=false
time=2026-04-30T23:42:59.451+08:00 level=INFO msg=处理完成一个批次 latest_time="2026-04-30 02:34:26" latest_sender=Aurora白White-little-hajimi latest_message=看了你的选项 stop=false
time=2026-04-30T23:43:01.067+08:00 level=INFO msg=处理完成一个批次 latest_time="2026-04-30 01:50:53" latest_sender=茴字的1970种写法 latest_message=老大哥 stop=false
time=2026-04-30T23:43:02.777+08:00 level=INFO msg=处理完成一个批次 latest_time="2026-04-30 01:39:07" latest_sender=小大饼 latest_message=「即使最后惩罚只落到 stop=false
time=2026-04-30T23:43:05.662+08:00 level=INFO msg=处理完成一个批次 latest_time="2026-04-30 01:07:50" latest_sender=一只劒鯮 latest_message=这啥游戏？没点开还以 stop=false
time=2026-04-30T23:43:07.553+08:00 level=INFO msg=处理完成一个批次 latest_time="2026-04-30 00:53:44" latest_sender=孟昭俊 latest_message=「我发了点色色图，也 stop=false
time=2026-04-30T23:43:09.219+08:00 level=INFO msg=处理完成一个批次 latest_time="2026-04-30 00:47:37" latest_sender=粉丝群 latest_message="@复数枝桠 是本轮最佳\xe6" stop=false
time=2026-04-30T23:43:11.034+08:00 level=INFO msg=处理完成一个批次 latest_time="2026-04-30 00:44:35" latest_sender=粉丝群 latest_message=涉及资金问题请务必提 stop=false
time=2026-04-30T23:43:13.185+08:00 level=INFO msg=处理完成一个批次 latest_time="2026-04-30 00:43:21" latest_sender=孟昭俊 latest_message=收到红包消息，请在手 stop=false
time=2026-04-30T23:43:19.055+08:00 level=INFO msg=处理完成一个批次 latest_time="2026-04-30 00:24:52" latest_sender=----Barbara latest_message="「「「视频」\n- - - - - -" stop=false
time=2026-04-30T23:43:20.968+08:00 level=INFO msg=处理完成一个批次 latest_time="2026-04-30 00:13:42" latest_sender=----Barbara latest_message=「那看来对讨论美男子 stop=false
time=2026-04-30T23:43:22.848+08:00 level=INFO msg=处理完成一个批次 latest_time="2026-04-29 23:59:54" latest_sender=我爱吃肠粉001 latest_message=早餐吃啥子？ stop=false
time=2026-04-30T23:43:24.562+08:00 level=INFO msg=处理完成一个批次 latest_time="2026-04-29 23:50:59" latest_sender=喵喵米米树 latest_message="1.67元，@孟昭俊 谢土豪" stop=true
time=2026-04-30T23:43:24.614+08:00 level=INFO msg=群聊历史抓取完成 new_count=1334 history_dir=/home/duty/weibo_cron/clean_history state_file=/home/duty/weibo_cron/group_chat_state.json
time=2026-04-30T23:43:32.562+08:00 level=INFO msg=群聊摘要推送完成 message_count=1
/usr/bin/xvfb-run: line 185: kill: (639141) - No such process
time=2026-05-01T23:10:03.184+08:00 level=INFO msg=群聊模式配置加载完成 config=config.groupchat.yaml
time=2026-05-01T23:10:07.008+08:00 level=INFO msg=打开微博群聊页面 url="https://api.weibo.com/chat/#/chat?check_gid=4761715839862414&source_from=11" user_data_dir=/home/duty/weibo_cron/weibo_user_data browser_channel=chrome
time=2026-05-01T23:10:08.011+08:00 level=INFO msg=如未登录，请在打开的浏览器中完成登录；程序正在等待群聊消息接口返回
time=2026-05-01T23:10:09.457+08:00 level=INFO msg=群聊页面已加载，开始抓取历史消息
time=2026-05-01T23:10:09.598+08:00 level=INFO msg=处理完成一个批次 latest_time="2026-05-01 22:57:06" latest_sender=拱bot latest_message=饼哥看齐意识可以的 stop=false
time=2026-05-01T23:10:09.933+08:00 level=INFO msg=处理完成一个批次 latest_time="2026-05-01 22:12:58" latest_sender=等下就去吃饭 latest_message="「「@等下就去吃饭:京\xe4" stop=false
time=2026-05-01T23:10:12.003+08:00 level=INFO msg=处理完成一个批次 latest_time="2026-05-01 21:58:49" latest_sender=冰火岛的曾阿牛 latest_message="我也喜欢这仨 成天喊 \xe6" stop=false
time=2026-05-01T23:10:13.788+08:00 level=INFO msg=处理完成一个批次 latest_time="2026-05-01 21:44:25" latest_sender=粉丝群 latest_message=涉及资金问题请务必提 stop=false
time=2026-05-01T23:10:16.295+08:00 level=INFO msg=处理完成一个批次 latest_time="2026-05-01 21:33:40" latest_sender=一团意大利面 latest_message=我也是姐妹 stop=false
time=2026-05-01T23:10:18.238+08:00 level=INFO msg=处理完成一个批次 latest_time="2026-05-01 21:20:54" latest_sender=clone_sheep latest_message=俗话说得好，好岗位和 stop=false
time=2026-05-01T23:10:19.976+08:00 level=INFO msg=处理完成一个批次 latest_time="2026-05-01 20:53:52" latest_sender=有种来中路 latest_message="「「啥单位这么猛[哆\xe5\x95" stop=false
time=2026-05-01T23:10:21.906+08:00 level=INFO msg=处理完成一个批次 latest_time="2026-05-01 20:27:28" latest_sender=有种来中路 latest_message=用华为手机，为什么不 stop=false
time=2026-05-01T23:10:25.300+08:00 level=INFO msg=处理完成一个批次 latest_time="2026-05-01 19:51:11" latest_sender=髼鑯 latest_message="「微博」\n- - - - - - - - -" stop=false
time=2026-05-01T23:10:27.758+08:00 level=INFO msg=处理完成一个批次 latest_time="2026-05-01 19:35:49" latest_sender=茴字的1970种写法 latest_message=胖老师继关注列表定律 stop=false
time=2026-05-01T23:10:44.516+08:00 level=WARN msg="通过响应监听下载 fid 失败，尝试回退到浏览器内 fetch" fid=5293833032302897 err="timeout:Timeout 15000.00ms exceeded."
time=2026-05-01T23:10:44.627+08:00 level=WARN msg="浏览器内 fetch 下载 fid 失败" fid=5293833032302897 url="https://upload.api.weibo.com/2/mss/msget?fid=5293833032302897&source=209678993&imageType=origin&ts=1777648244516" err="TypeError: Failed to fetch"
time=2026-05-01T23:10:44.698+08:00 level=WARN msg="浏览器内 fetch 下载 fid 失败" fid=5293833032302897 url="https://upload.api.weibo.com/2/mss/msget?fid=5293833032302897&touid=4761715839862414&ts=1777648244516" err="TypeError: Failed to fetch"
time=2026-05-01T23:10:44.770+08:00 level=WARN msg="浏览器内 fetch 下载 fid 失败" fid=5293833032302897 url="https://upload.api.weibo.com/2/mss/msget?fid=5293833032302897&source=209678993&touid=4761715839862414&imageType=origin&ts=1777648244516" err="TypeError: Failed to fetch"
time=2026-05-01T23:10:44.770+08:00 level=WARN msg="浏览器内 fid 下载全部失败，尝试直接 HTTP 下载" fid=5293833032302897 err="TypeError: Failed to fetch"
time=2026-05-01T23:10:45.054+08:00 level=INFO msg="fid 媒体已通过直接 HTTP 回退下载成功" fid=5293833032302897 path=/home/duty/weibo_cron/chat_media_downloads/img_5293833032302897_rider2016.pdf
time=2026-05-01T23:10:45.253+08:00 level=INFO msg=处理完成一个批次 latest_time="2026-05-01 18:34:16" latest_sender=阿尼亚是安妮亞 latest_message=「@四岚1883:为啥单独列 stop=false
time=2026-05-01T23:10:47.213+08:00 level=INFO msg=处理完成一个批次 latest_time="2026-05-01 17:57:45" latest_sender=阿尼亚是安妮亞 latest_message=零嘴的鱼酥也喜欢，不 stop=false
time=2026-05-01T23:10:49.266+08:00 level=INFO msg=处理完成一个批次 latest_time="2026-05-01 17:49:51" latest_sender=牧童222 latest_message=白瓜和鱼饼 stop=false
time=2026-05-01T23:10:51.352+08:00 level=INFO msg=处理完成一个批次 latest_time="2026-05-01 16:43:24" latest_sender=粉丝群 latest_message=涉及资金问题请务必提 stop=false
time=2026-05-01T23:10:53.933+08:00 level=INFO msg=处理完成一个批次 latest_time="2026-05-01 16:14:57" latest_sender=髼鑯 latest_message=有的app接口质量很高 stop=false
time=2026-05-01T23:10:56.199+08:00 level=INFO msg=处理完成一个批次 latest_time="2026-05-01 15:53:58" latest_sender=喵喵米米树 latest_message="7.91元，@复数枝桠 你发" stop=false
time=2026-05-01T23:10:58.469+08:00 level=INFO msg=处理完成一个批次 latest_time="2026-05-01 15:41:30" latest_sender=春天小羚羊 latest_message=分享图片 stop=false
time=2026-05-01T23:11:00.147+08:00 level=INFO msg=处理完成一个批次 latest_time="2026-05-01 15:04:15" latest_sender=一只方阿 latest_message="「已经退圈了[流鼻血]\xe3" stop=false
time=2026-05-01T23:11:01.831+08:00 level=INFO msg=处理完成一个批次 latest_time="2026-05-01 14:32:29" latest_sender=冰火岛的曾阿牛 latest_message=很多搞金融的都不如狮 stop=false
time=2026-05-01T23:11:04.029+08:00 level=INFO msg=处理完成一个批次 latest_time="2026-05-01 14:16:47" latest_sender=星逸几度秋_ latest_message=「副业算从业吗[doge]」 stop=false
time=2026-05-01T23:11:07.607+08:00 level=INFO msg=处理完成一个批次 latest_time="2026-05-01 14:11:07" latest_sender=梦星河200602 latest_message=http://weibo.com/7953761169/QD stop=false
time=2026-05-01T23:11:09.298+08:00 level=INFO msg=处理完成一个批次 latest_time="2026-05-01 14:05:53" latest_sender=谢喜儿 latest_message=可惜今天红包已经达到 stop=false
time=2026-05-01T23:11:10.950+08:00 level=INFO msg=处理完成一个批次 latest_time="2026-05-01 13:54:30" latest_sender=春天小羚羊 latest_message="「图片」\n- - - - - - - - -" stop=false
time=2026-05-01T23:11:12.659+08:00 level=INFO msg=处理完成一个批次 latest_time="2026-05-01 13:46:29" latest_sender=3ric2hao latest_message="2.75元，@谢喜儿 就是喜" stop=false
time=2026-05-01T23:11:15.717+08:00 level=INFO msg=处理完成一个批次 latest_time="2026-05-01 13:45:50" latest_sender=花小生鱼 latest_message=券商去年的业绩可真好 stop=false
time=2026-05-01T23:11:19.206+08:00 level=INFO msg=处理完成一个批次 latest_time="2026-05-01 13:19:21" latest_sender=梦星河200602 latest_message=分享图片 stop=false
time=2026-05-01T23:11:21.083+08:00 level=INFO msg=处理完成一个批次 latest_time="2026-05-01 12:58:00" latest_sender=何也五文 latest_message="Texas有出现很多中国电\xe8" stop=false
time=2026-05-01T23:11:22.786+08:00 level=INFO msg=处理完成一个批次 latest_time="2026-05-01 12:43:26" latest_sender=茴字的1970种写法 latest_message=确实，在东大还是用老 stop=false
time=2026-05-01T23:11:24.931+08:00 level=INFO msg=处理完成一个批次 latest_time="2026-05-01 12:29:55" latest_sender=小鹿纯子买咸酸 latest_message="「「图片」\n- - - - - - - " stop=false
time=2026-05-01T23:11:27.190+08:00 level=INFO msg=处理完成一个批次 latest_time="2026-05-01 12:09:57" latest_sender=0x指纹 latest_message=但其实大部分现代人看 stop=false
time=2026-05-01T23:11:29.184+08:00 level=INFO msg=处理完成一个批次 latest_time="2026-05-01 11:09:06" latest_sender=我爱吃肠粉001 latest_message="我爱吃肠粉001 撤回了\xe4\xb8" stop=false
time=2026-05-01T23:11:30.837+08:00 level=INFO msg=处理完成一个批次 latest_time="2026-05-01 10:10:41" latest_sender=四岚1883 latest_message=很直白的话语：不要因 stop=false
time=2026-05-01T23:11:32.684+08:00 level=INFO msg=处理完成一个批次 latest_time="2026-05-01 09:33:18" latest_sender=Hollyw00d latest_message="「微博」\n- - - - - - - - -" stop=false
time=2026-05-01T23:11:34.937+08:00 level=INFO msg=处理完成一个批次 latest_time="2026-05-01 09:17:57" latest_sender=nkaifang latest_message="1.13元，@特怕麻烦 你是" stop=false
time=2026-05-01T23:11:39.234+08:00 level=INFO msg=处理完成一个批次 latest_time="2026-05-01 08:28:17" latest_sender=廉家名 latest_message=这个疏通器挺好用的， stop=false
time=2026-05-01T23:11:40.905+08:00 level=INFO msg=处理完成一个批次 latest_time="2026-05-01 07:35:36" latest_sender=vb____ latest_message=五一快乐 stop=false
time=2026-05-01T23:11:44.460+08:00 level=INFO msg=处理完成一个批次 latest_time="2026-05-01 06:57:54" latest_sender=Sloanaa latest_message=早，五一快乐[打call] stop=false
time=2026-05-01T23:12:03.003+08:00 level=WARN msg="通过响应监听下载 fid 失败，尝试回退到浏览器内 fetch" fid=5293601831780639 err="timeout:Timeout 15000.00ms exceeded."
time=2026-05-01T23:12:03.093+08:00 level=WARN msg="浏览器内 fetch 下载 fid 失败" fid=5293601831780639 url="https://upload.api.weibo.com/2/mss/msget?fid=5293601831780639&source=209678993&imageType=origin&ts=1777648323004" err="TypeError: Failed to fetch"
time=2026-05-01T23:12:03.128+08:00 level=WARN msg="浏览器内 fetch 下载 fid 失败" fid=5293601831780639 url="https://upload.api.weibo.com/2/mss/msget?fid=5293601831780639&touid=4761715839862414&ts=1777648323004" err="TypeError: Failed to fetch"
time=2026-05-01T23:12:03.306+08:00 level=WARN msg="浏览器内 fetch 下载 fid 失败" fid=5293601831780639 url="https://upload.api.weibo.com/2/mss/msget?fid=5293601831780639&source=209678993&touid=4761715839862414&imageType=origin&ts=1777648323004" err="TypeError: Failed to fetch"
time=2026-05-01T23:12:03.306+08:00 level=WARN msg="浏览器内 fid 下载全部失败，尝试直接 HTTP 下载" fid=5293601831780639 err="TypeError: Failed to fetch"
time=2026-05-01T23:12:03.510+08:00 level=INFO msg="fid 媒体已通过直接 HTTP 回退下载成功" fid=5293601831780639 path=/home/duty/weibo_cron/chat_media_downloads/img_5293601831780639_茧房日报260430.pdf
time=2026-05-01T23:12:03.511+08:00 level=INFO msg=处理完成一个批次 latest_time="2026-05-01 05:28:09" latest_sender=Aurora白White-little-hajimi latest_message=分享图片 stop=false
time=2026-05-01T23:12:06.018+08:00 level=INFO msg=处理完成一个批次 latest_time="2026-05-01 00:01:38" latest_sender=xelnaga瞭望塔 latest_message=你是真不浪费啊你🙄 stop=true
time=2026-05-01T23:12:06.042+08:00 level=INFO msg=群聊历史抓取完成 new_count=771 history_dir=/home/duty/weibo_cron/clean_history state_file=/home/duty/weibo_cron/group_chat_state.json
time=2026-05-01T23:12:08.311+08:00 level=INFO msg=群聊摘要推送完成 message_count=1
/usr/bin/xvfb-run: line 185: kill: (657004) - No such process
time=2026-05-02T23:10:03.854+08:00 level=INFO msg=群聊模式配置加载完成 config=config.groupchat.yaml
time=2026-05-02T23:10:07.657+08:00 level=INFO msg=打开微博群聊页面 url="https://api.weibo.com/chat/#/chat?check_gid=4761715839862414&source_from=11" user_data_dir=/home/duty/weibo_cron/weibo_user_data browser_channel=chrome
time=2026-05-02T23:10:08.550+08:00 level=INFO msg=如未登录，请在打开的浏览器中完成登录；程序正在等待群聊消息接口返回
time=2026-05-02T23:10:10.028+08:00 level=INFO msg=群聊页面已加载，开始抓取历史消息
time=2026-05-02T23:10:10.689+08:00 level=INFO msg=处理完成一个批次 latest_time="2026-05-02 23:06:11" latest_sender=我爱吃肠粉001 latest_message=我忘记上次在哪里看过 stop=false
time=2026-05-02T23:10:11.249+08:00 level=INFO msg=处理完成一个批次 latest_time="2026-05-02 22:04:33" latest_sender=星逸几度秋_ latest_message=拼多多路子真是野啊 stop=false
time=2026-05-02T23:10:13.523+08:00 level=INFO msg=处理完成一个批次 latest_time="2026-05-02 21:32:05" latest_sender=黄健楸 latest_message=分享图片 stop=false
time=2026-05-02T23:10:16.766+08:00 level=INFO msg=处理完成一个批次 latest_time="2026-05-02 21:09:10" latest_sender=快把大鹅炖进铁锅 latest_message="「微博」\n- - - - - - - - -" stop=false
time=2026-05-02T23:10:19.410+08:00 level=INFO msg=处理完成一个批次 latest_time="2026-05-02 20:21:36" latest_sender=Hollyw00d latest_message=[哆啦A梦吃惊]饼子换办 stop=false
time=2026-05-02T23:10:21.480+08:00 level=INFO msg=处理完成一个批次 latest_time="2026-05-02 20:09:51" latest_sender=粉丝群 latest_message=涉及资金问题请务必提 stop=false
time=2026-05-02T23:10:24.694+08:00 level=INFO msg=处理完成一个批次 latest_time="2026-05-02 20:06:21" latest_sender=茴字的1970种写法 latest_message=说到这个矿泉水，我就 stop=false
time=2026-05-02T23:10:28.772+08:00 level=INFO msg=处理完成一个批次 latest_time="2026-05-02 19:52:03" latest_sender=快把大鹅炖进铁锅 latest_message=「精神小妹让大饼买奶 stop=false
time=2026-05-02T23:10:30.704+08:00 level=INFO msg=处理完成一个批次 latest_time="2026-05-02 19:15:56" latest_sender=楼雨晴Lo latest_message=小程序木有记录吗 stop=false
time=2026-05-02T23:10:33.050+08:00 level=INFO msg=处理完成一个批次 latest_time="2026-05-02 19:05:32" latest_sender=___RANI___ latest_message="哪怕放了一两天 那也\xe5\x8f" stop=false
time=2026-05-02T23:10:34.691+08:00 level=INFO msg=处理完成一个批次 latest_time="2026-05-02 18:39:50" latest_sender=CADgen的肉身 latest_message=「我们有个同事也很猛 stop=false
time=2026-05-02T23:10:36.657+08:00 level=INFO msg=处理完成一个批次 latest_time="2026-05-02 18:14:30" latest_sender=整个场面我hold住啦 latest_message=不是“不明说”… stop=false
time=2026-05-02T23:10:39.985+08:00 level=INFO msg=处理完成一个批次 latest_time="2026-05-02 17:06:45" latest_sender=Bonoboooo latest_message=国内一些大型出版社都 stop=false
time=2026-05-02T23:10:42.587+08:00 level=INFO msg=处理完成一个批次 latest_time="2026-05-02 15:06:10" latest_sender=星逸几度秋_ latest_message=ai作图吧 stop=false
time=2026-05-02T23:10:48.445+08:00 level=INFO msg=处理完成一个批次 latest_time="2026-05-02 14:00:25" latest_sender=___RANI___ latest_message=「友友知道这是啥嘛？ stop=false
time=2026-05-02T23:10:51.043+08:00 level=INFO msg=处理完成一个批次 latest_time="2026-05-02 13:38:52" latest_sender=快把大鹅炖进铁锅 latest_message=人会随着年龄增大变得 stop=false
time=2026-05-02T23:10:53.464+08:00 level=INFO msg=处理完成一个批次 latest_time="2026-05-02 13:13:50" latest_sender=我爱吃肠粉001 latest_message=分享图片 stop=false
time=2026-05-02T23:10:55.507+08:00 level=INFO msg=处理完成一个批次 latest_time="2026-05-02 12:55:39" latest_sender=我爱吃肠粉001 latest_message=http://weibo.com/1401527553/QD stop=false
time=2026-05-02T23:11:01.059+08:00 level=INFO msg=处理完成一个批次 latest_time="2026-05-02 11:45:08" latest_sender=clone_sheep latest_message="「@clone_sheep 微博有个\xe5\x8d" stop=false
time=2026-05-02T23:11:02.739+08:00 level=INFO msg=处理完成一个批次 latest_time="2026-05-02 10:24:45" latest_sender=花小生鱼 latest_message="「微博」\n- - - - - - - - -" stop=false
time=2026-05-02T23:11:06.224+08:00 level=INFO msg=处理完成一个批次 latest_time="2026-05-02 09:38:08" latest_sender=四岚1883 latest_message=看多不一定能买，看空 stop=false
time=2026-05-02T23:11:08.099+08:00 level=INFO msg=处理完成一个批次 latest_time="2026-05-02 09:05:54" latest_sender=粉丝群 latest_message=涉及资金问题请务必提 stop=false
time=2026-05-02T23:11:13.116+08:00 level=INFO msg=处理完成一个批次 latest_time="2026-05-02 08:17:33" latest_sender=星逸几度秋_ latest_message="「图片」\n- - - - - - - - -" stop=false
time=2026-05-02T23:11:15.510+08:00 level=INFO msg=处理完成一个批次 latest_time="2026-05-02 07:24:54" latest_sender=小码想想 latest_message=早 stop=false
time=2026-05-02T23:11:32.369+08:00 level=WARN msg="通过响应监听下载 fid 失败，尝试回退到浏览器内 fetch" fid=5293965047236560 err="timeout:Timeout 15000.00ms exceeded."
time=2026-05-02T23:11:32.489+08:00 level=WARN msg="浏览器内 fetch 下载 fid 失败" fid=5293965047236560 url="https://upload.api.weibo.com/2/mss/msget?fid=5293965047236560&source=209678993&imageType=origin&ts=1777734692369" err="TypeError: Failed to fetch"
time=2026-05-02T23:11:32.530+08:00 level=WARN msg="浏览器内 fetch 下载 fid 失败" fid=5293965047236560 url="https://upload.api.weibo.com/2/mss/msget?fid=5293965047236560&touid=4761715839862414&ts=1777734692369" err="TypeError: Failed to fetch"
time=2026-05-02T23:11:32.612+08:00 level=WARN msg="浏览器内 fetch 下载 fid 失败" fid=5293965047236560 url="https://upload.api.weibo.com/2/mss/msget?fid=5293965047236560&source=209678993&touid=4761715839862414&imageType=origin&ts=1777734692369" err="TypeError: Failed to fetch"
time=2026-05-02T23:11:32.612+08:00 level=WARN msg="浏览器内 fid 下载全部失败，尝试直接 HTTP 下载" fid=5293965047236560 err="TypeError: Failed to fetch"
time=2026-05-02T23:11:32.932+08:00 level=INFO msg="fid 媒体已通过直接 HTTP 回退下载成功" fid=5293965047236560 path=/home/duty/weibo_cron/chat_media_downloads/img_5293965047236560_茧房日报260501.pdf
time=2026-05-02T23:11:32.932+08:00 level=INFO msg=处理完成一个批次 latest_time="2026-05-02 05:35:48" latest_sender=上浅兮若 latest_message=早 stop=false
time=2026-05-02T23:11:35.363+08:00 level=INFO msg=处理完成一个批次 latest_time="2026-05-02 00:05:18" latest_sender=粉丝群 latest_message="恭喜茴字的1970种...今\xe6\x97" stop=false
time=2026-05-02T23:11:36.990+08:00 level=INFO msg=处理完成一个批次 latest_time="2026-05-01 23:23:58" latest_sender=小大饼 latest_message="0.87元，@Mifee飞 好人一\xe7" stop=false
time=2026-05-02T23:11:38.662+08:00 level=INFO msg=处理完成一个批次 latest_time="2026-05-01 23:15:38" latest_sender=粉丝群 latest_message=涉及资金问题请务必提 stop=true
time=2026-05-02T23:11:38.679+08:00 level=INFO msg=群聊历史抓取完成 new_count=549 history_dir=/home/duty/weibo_cron/clean_history state_file=/home/duty/weibo_cron/group_chat_state.json
time=2026-05-02T23:11:44.700+08:00 level=INFO msg=群聊摘要推送完成 message_count=1
/usr/bin/xvfb-run: line 185: kill: (675126) - No such process
time=2026-05-03T23:10:04.054+08:00 level=INFO msg=群聊模式配置加载完成 config=config.groupchat.yaml
time=2026-05-03T23:10:07.890+08:00 level=INFO msg=打开微博群聊页面 url="https://api.weibo.com/chat/#/chat?check_gid=4761715839862414&source_from=11" user_data_dir=/home/duty/weibo_cron/weibo_user_data browser_channel=chrome
time=2026-05-03T23:10:08.840+08:00 level=INFO msg=如未登录，请在打开的浏览器中完成登录；程序正在等待群聊消息接口返回
time=2026-05-03T23:10:09.963+08:00 level=INFO msg=群聊页面已加载，开始抓取历史消息
time=2026-05-03T23:10:10.078+08:00 level=INFO msg=处理完成一个批次 latest_time="2026-05-03 23:09:56" latest_sender=茴字的1970种写法 latest_message=尤其是现在… stop=false
time=2026-05-03T23:10:11.533+08:00 level=INFO msg=处理完成一个批次 latest_time="2026-05-03 23:03:42" latest_sender=茴字的1970种写法 latest_message=对了，我说一个例子。 stop=false
time=2026-05-03T23:10:13.320+08:00 level=INFO msg=处理完成一个批次 latest_time="2026-05-03 22:21:06" latest_sender=SnowChou latest_message=【《巨乳研究室》：男 stop=false
time=2026-05-03T23:10:14.986+08:00 level=INFO msg=处理完成一个批次 latest_time="2026-05-03 21:50:01" latest_sender=clone_sheep latest_message="「@clone_sheep 这个公司\xe7\x9a" stop=false
time=2026-05-03T23:10:17.942+08:00 level=INFO msg=处理完成一个批次 latest_time="2026-05-03 21:07:25" latest_sender=SnowChou latest_message=对蛇我是又爱又怕，小 stop=false
time=2026-05-03T23:10:20.777+08:00 level=INFO msg=处理完成一个批次 latest_time="2026-05-03 19:57:17" latest_sender=黄健楸 latest_message=（指预防） stop=false
time=2026-05-03T23:10:25.229+08:00 level=INFO msg=处理完成一个批次 latest_time="2026-05-03 19:44:10" latest_sender=一只方阿 latest_message=收到红包消息，请在手 stop=false
time=2026-05-03T23:10:27.534+08:00 level=INFO msg=处理完成一个批次 latest_time="2026-05-03 18:34:24" latest_sender=十月的米兰 latest_message="「图片」\n- - - - - - - - -" stop=false
time=2026-05-03T23:10:29.946+08:00 level=INFO msg=处理完成一个批次 latest_time="2026-05-03 17:46:01" latest_sender=X波段相控阵雷达 latest_message=分享图片 stop=false
time=2026-05-03T23:10:32.151+08:00 level=INFO msg=处理完成一个批次 latest_time="2026-05-03 16:48:31" latest_sender=铜冰鉴43228 latest_message="「同事浙江人吗」\n- - -" stop=false
time=2026-05-03T23:10:35.191+08:00 level=INFO msg=处理完成一个批次 latest_time="2026-05-03 16:34:33" latest_sender=我爱吃肠粉001 latest_message=「记得群里我之前聊过 stop=false
time=2026-05-03T23:10:39.987+08:00 level=INFO msg=处理完成一个批次 latest_time="2026-05-03 14:57:55" latest_sender=我爱吃肠粉001 latest_message=豆浆油条冰淇淋里面是 stop=false
time=2026-05-03T23:10:43.473+08:00 level=INFO msg=处理完成一个批次 latest_time="2026-05-03 13:36:56" latest_sender=茴字的1970种写法 latest_message=http://weibo.com/1800591743/QD stop=false
time=2026-05-03T23:10:46.345+08:00 level=INFO msg=处理完成一个批次 latest_time="2026-05-03 12:59:07" latest_sender=一无所知的电瓶车 latest_message=「这样还去一定有过人 stop=false
time=2026-05-03T23:10:48.456+08:00 level=INFO msg=处理完成一个批次 latest_time="2026-05-03 12:35:08" latest_sender=一只方阿 latest_message=很明显都不像处对象的 stop=false
time=2026-05-03T23:10:55.790+08:00 level=INFO msg=处理完成一个批次 latest_time="2026-05-03 12:02:35" latest_sender=玩耍的Michael latest_message=群友们，生可可粉是不 stop=false
time=2026-05-03T23:10:59.096+08:00 level=INFO msg=处理完成一个批次 latest_time="2026-05-03 10:05:25" latest_sender=____方格 latest_message="「图片」\n- - - - - - - - -" stop=false
time=2026-05-03T23:11:00.766+08:00 level=INFO msg=处理完成一个批次 latest_time="2026-05-03 09:48:13" latest_sender=lamomo123456 latest_message="0.70元，@羽化的布偶 在" stop=false
time=2026-05-03T23:11:08.907+08:00 level=INFO msg=处理完成一个批次 latest_time="2026-05-03 09:30:24" latest_sender=茴字的1970种写法 latest_message=你带着小朋友读一下这 stop=false
time=2026-05-03T23:11:11.597+08:00 level=INFO msg=处理完成一个批次 latest_time="2026-05-03 09:19:03" latest_sender=羽化的布偶 latest_message=「工作中可以，学习的 stop=false
time=2026-05-03T23:11:22.258+08:00 level=INFO msg=处理完成一个批次 latest_time="2026-05-03 08:36:26" latest_sender=FFFFVIP latest_message="「F哥，冒昧地问一下\xef\xbc" stop=false
time=2026-05-03T23:11:24.630+08:00 level=INFO msg=处理完成一个批次 latest_time="2026-05-03 07:20:10" latest_sender=快乐沉思录 latest_message=早[/ee818a.png]️ stop=false
time=2026-05-03T23:11:41.380+08:00 level=WARN msg="通过响应监听下载 fid 失败，尝试回退到浏览器内 fetch" fid=5294326683795842 err="timeout:Timeout 15000.00ms exceeded."
time=2026-05-03T23:11:41.466+08:00 level=WARN msg="浏览器内 fetch 下载 fid 失败" fid=5294326683795842 url="https://upload.api.weibo.com/2/mss/msget?fid=5294326683795842&source=209678993&imageType=origin&ts=1777821101381" err="TypeError: Failed to fetch"
time=2026-05-03T23:11:41.514+08:00 level=WARN msg="浏览器内 fetch 下载 fid 失败" fid=5294326683795842 url="https://upload.api.weibo.com/2/mss/msget?fid=5294326683795842&touid=4761715839862414&ts=1777821101381" err="TypeError: Failed to fetch"
time=2026-05-03T23:11:41.594+08:00 level=WARN msg="浏览器内 fetch 下载 fid 失败" fid=5294326683795842 url="https://upload.api.weibo.com/2/mss/msget?fid=5294326683795842&source=209678993&touid=4761715839862414&imageType=origin&ts=1777821101381" err="TypeError: Failed to fetch"
time=2026-05-03T23:11:41.594+08:00 level=WARN msg="浏览器内 fid 下载全部失败，尝试直接 HTTP 下载" fid=5294326683795842 err="TypeError: Failed to fetch"
time=2026-05-03T23:11:41.903+08:00 level=INFO msg="fid 媒体已通过直接 HTTP 回退下载成功" fid=5294326683795842 path=/home/duty/weibo_cron/chat_media_downloads/img_5294326683795842_茧房日报260502.pdf
time=2026-05-03T23:11:43.215+08:00 level=INFO msg=处理完成一个批次 latest_time="2026-05-03 03:45:43" latest_sender=登的厉害 latest_message=「之前有面试一个阿姨 stop=false
time=2026-05-03T23:11:45.554+08:00 level=INFO msg=处理完成一个批次 latest_time="2026-05-02 23:39:53" latest_sender=无脸男最喜欢小千 latest_message=分享图片 stop=true
time=2026-05-03T23:11:45.569+08:00 level=INFO msg=群聊历史抓取完成 new_count=473 history_dir=/home/duty/weibo_cron/clean_history state_file=/home/duty/weibo_cron/group_chat_state.json
time=2026-05-03T23:11:57.081+08:00 level=INFO msg=群聊摘要推送完成 message_count=1
/usr/bin/xvfb-run: line 185: kill: (693206) - No such process
time=2026-05-04T23:10:03.375+08:00 level=INFO msg=群聊模式配置加载完成 config=config.groupchat.yaml
time=2026-05-04T23:10:07.159+08:00 level=INFO msg=打开微博群聊页面 url="https://api.weibo.com/chat/#/chat?check_gid=4761715839862414&source_from=11" user_data_dir=/home/duty/weibo_cron/weibo_user_data browser_channel=chrome
time=2026-05-04T23:10:08.187+08:00 level=INFO msg=如未登录，请在打开的浏览器中完成登录；程序正在等待群聊消息接口返回
time=2026-05-04T23:10:09.458+08:00 level=INFO msg=群聊页面已加载，开始抓取历史消息
time=2026-05-04T23:10:09.588+08:00 level=INFO msg=处理完成一个批次 latest_time="2026-05-04 23:09:51" latest_sender=____方格 latest_message=为啥女同事后面不穿裙 stop=false
time=2026-05-04T23:10:09.900+08:00 level=INFO msg=处理完成一个批次 latest_time="2026-05-04 23:01:04" latest_sender=小大饼 latest_message=「我身边没有人，但是 stop=false
time=2026-05-04T23:10:11.531+08:00 level=INFO msg=处理完成一个批次 latest_time="2026-05-04 22:50:42" latest_sender=小大饼 latest_message=她的描述让我误以为她 stop=false
time=2026-05-04T23:10:14.360+08:00 level=INFO msg=处理完成一个批次 latest_time="2026-05-04 22:37:41" latest_sender=小大饼 latest_message=没太理解你说的泄露是 stop=false
time=2026-05-04T23:10:16.293+08:00 level=INFO msg=处理完成一个批次 latest_time="2026-05-04 22:07:31" latest_sender=孟昭俊 latest_message=分享图片 stop=false
time=2026-05-04T23:10:17.988+08:00 level=INFO msg=处理完成一个批次 latest_time="2026-05-04 21:42:03" latest_sender=黄健楸 latest_message=「他在本群的群昵称是 stop=false
time=2026-05-04T23:10:19.991+08:00 level=INFO msg=处理完成一个批次 latest_time="2026-05-04 21:17:50" latest_sender=一只方阿 latest_message=我一开始也以为是微博 stop=false
time=2026-05-04T23:10:21.799+08:00 level=INFO msg=处理完成一个批次 latest_time="2026-05-04 21:03:10" latest_sender=小大饼 latest_message=哦 stop=false
time=2026-05-04T23:10:25.316+08:00 level=INFO msg=处理完成一个批次 latest_time="2026-05-04 20:53:26" latest_sender=一只方阿 latest_message=大饼你怎么把我微博昵 stop=false
time=2026-05-04T23:10:27.054+08:00 level=INFO msg=处理完成一个批次 latest_time="2026-05-04 20:39:54" latest_sender=茴字的1970种写法 latest_message=我想起了总裁以前说的 stop=false
time=2026-05-04T23:10:28.693+08:00 level=INFO msg=处理完成一个批次 latest_time="2026-05-04 20:03:22" latest_sender=SnowChou latest_message="「微博」\n- - - - - - - - -" stop=false
time=2026-05-04T23:10:36.128+08:00 level=INFO msg=处理完成一个批次 latest_time="2026-05-04 19:38:06" latest_sender=羽化的布偶 latest_message=http://weibo.com/1644489953/QD stop=false
time=2026-05-04T23:10:39.173+08:00 level=INFO msg=处理完成一个批次 latest_time="2026-05-04 18:54:07" latest_sender=HLD_Freed0m latest_message=http://t.cn/AXJCUBFR stop=false
time=2026-05-04T23:10:41.004+08:00 level=INFO msg=处理完成一个批次 latest_time="2026-05-04 18:13:37" latest_sender=想到草原打个滚 latest_message=[震惊] stop=false
time=2026-05-04T23:10:42.887+08:00 level=INFO msg=处理完成一个批次 latest_time="2026-05-04 17:55:40" latest_sender=一只方阿 latest_message="「「「图片」\n- - - - - -" stop=false
time=2026-05-04T23:10:45.081+08:00 level=INFO msg=处理完成一个批次 latest_time="2026-05-04 17:46:03" latest_sender=有种来中路 latest_message=分享图片 stop=false
time=2026-05-04T23:10:52.387+08:00 level=INFO msg=处理完成一个批次 latest_time="2026-05-04 16:09:08" latest_sender=四岚1883 latest_message=为什么收钱：钱肯定是 stop=false
time=2026-05-04T23:10:54.628+08:00 level=INFO msg=处理完成一个批次 latest_time="2026-05-04 15:45:13" latest_sender=梦星河200602 latest_message=大模型都开始收费了 stop=false
time=2026-05-04T23:10:57.181+08:00 level=INFO msg=处理完成一个批次 latest_time="2026-05-04 13:58:06" latest_sender=小大饼 latest_message=http://weibo.com/1770932411/QB stop=false
time=2026-05-04T23:11:00.180+08:00 level=INFO msg=处理完成一个批次 latest_time="2026-05-04 13:10:50" latest_sender=雨石plus latest_message="codex 起飞，甲骨文潜力" stop=false
time=2026-05-04T23:11:02.228+08:00 level=INFO msg=处理完成一个批次 latest_time="2026-05-04 12:45:38" latest_sender=茴字的1970种写法 latest_message=这个《赢》真的一言难 stop=false
time=2026-05-04T23:11:04.227+08:00 level=INFO msg=处理完成一个批次 latest_time="2026-05-04 11:56:24" latest_sender=花小生鱼 latest_message=在京东抽发票抽了好多 stop=false
time=2026-05-04T23:11:06.862+08:00 level=INFO msg=处理完成一个批次 latest_time="2026-05-04 11:17:30" latest_sender=四岚1883 latest_message=我傻了 stop=false
time=2026-05-04T23:11:08.829+08:00 level=INFO msg=处理完成一个批次 latest_time="2026-05-04 10:56:58" latest_sender=冰火岛的曾阿牛 latest_message=http://weibo.com/5864574481/QC stop=false
time=2026-05-04T23:11:11.469+08:00 level=INFO msg=处理完成一个批次 latest_time="2026-05-04 10:41:18" latest_sender=拾人牙慧的复读机 latest_message=[动画表情] stop=false
time=2026-05-04T23:11:13.297+08:00 level=INFO msg=处理完成一个批次 latest_time="2026-05-04 09:51:03" latest_sender=四岚1883 latest_message=变了，不知道咋了，好 stop=false
time=2026-05-04T23:11:15.358+08:00 level=INFO msg=处理完成一个批次 latest_time="2026-05-04 08:40:16" latest_sender=Mika_Joe latest_message=早 stop=false
time=2026-05-04T23:11:32.066+08:00 level=WARN msg="通过响应监听下载 fid 失败，尝试回退到浏览器内 fetch" fid=5294688442778441 err="timeout:Timeout 15000.00ms exceeded."
time=2026-05-04T23:11:32.152+08:00 level=WARN msg="浏览器内 fetch 下载 fid 失败" fid=5294688442778441 url="https://upload.api.weibo.com/2/mss/msget?fid=5294688442778441&source=209678993&imageType=origin&ts=1777907492067" err="TypeError: Failed to fetch"
time=2026-05-04T23:11:32.203+08:00 level=WARN msg="浏览器内 fetch 下载 fid 失败" fid=5294688442778441 url="https://upload.api.weibo.com/2/mss/msget?fid=5294688442778441&touid=4761715839862414&ts=1777907492067" err="TypeError: Failed to fetch"
time=2026-05-04T23:11:32.304+08:00 level=WARN msg="浏览器内 fetch 下载 fid 失败" fid=5294688442778441 url="https://upload.api.weibo.com/2/mss/msget?fid=5294688442778441&source=209678993&touid=4761715839862414&imageType=origin&ts=1777907492067" err="TypeError: Failed to fetch"
time=2026-05-04T23:11:32.304+08:00 level=WARN msg="浏览器内 fid 下载全部失败，尝试直接 HTTP 下载" fid=5294688442778441 err="TypeError: Failed to fetch"
time=2026-05-04T23:11:32.690+08:00 level=INFO msg="fid 媒体已通过直接 HTTP 回退下载成功" fid=5294688442778441 path=/home/duty/weibo_cron/chat_media_downloads/img_5294688442778441_茧房日报260503.pdf
time=2026-05-04T23:11:32.691+08:00 level=INFO msg=处理完成一个批次 latest_time="2026-05-04 05:46:34" latest_sender=此1234567 latest_message=早 stop=false
time=2026-05-04T23:11:35.042+08:00 level=INFO msg=处理完成一个批次 latest_time="2026-05-04 01:14:25" latest_sender=整个场面我hold住啦 latest_message=「我觉得是正常业务， stop=false
time=2026-05-04T23:11:36.909+08:00 level=INFO msg=处理完成一个批次 latest_time="2026-05-03 23:57:59" latest_sender=春天小羚羊 latest_message=东北地区面子加成 stop=false
time=2026-05-04T23:11:53.726+08:00 level=WARN msg="通过响应监听下载 fid 失败，尝试回退到浏览器内 fetch" fid=5294636672491476 err="timeout:Timeout 15000.00ms exceeded."
time=2026-05-04T23:11:53.798+08:00 level=WARN msg="浏览器内 fetch 下载 fid 失败" fid=5294636672491476 url="https://upload.api.weibo.com/2/mss/msget?fid=5294636672491476&source=209678993&imageType=origin&ts=1777907513726" err="TypeError: Failed to fetch"
time=2026-05-04T23:11:53.841+08:00 level=WARN msg="浏览器内 fetch 下载 fid 失败" fid=5294636672491476 url="https://upload.api.weibo.com/2/mss/msget?fid=5294636672491476&touid=4761715839862414&ts=1777907513726" err="TypeError: Failed to fetch"
time=2026-05-04T23:11:54.092+08:00 level=WARN msg="浏览器内 fetch 下载 fid 失败" fid=5294636672491476 url="https://upload.api.weibo.com/2/mss/msget?fid=5294636672491476&source=209678993&touid=4761715839862414&imageType=origin&ts=1777907513726" err="TypeError: Failed to fetch"
time=2026-05-04T23:11:54.092+08:00 level=WARN msg="浏览器内 fid 下载全部失败，尝试直接 HTTP 下载" fid=5294636672491476 err="TypeError: Failed to fetch"
time=2026-05-04T23:11:54.399+08:00 level=INFO msg="fid 媒体已通过直接 HTTP 回退下载成功" fid=5294636672491476 path=/home/duty/weibo_cron/chat_media_downloads/img_5294636672491476_【NSFW】七日丝_260503.pdf
time=2026-05-04T23:11:55.156+08:00 level=INFO msg=处理完成一个批次 latest_time="2026-05-03 23:49:00" latest_sender=黄健楸 latest_message="「视频」\n- - - - - - - - -" stop=false
time=2026-05-04T23:11:56.859+08:00 level=INFO msg=处理完成一个批次 latest_time="2026-05-03 23:36:41" latest_sender=万物既渺小又伟大 latest_message=「「所以，我觉得群友 stop=true
time=2026-05-04T23:11:56.893+08:00 level=INFO msg=群聊历史抓取完成 new_count=635 history_dir=/home/duty/weibo_cron/clean_history state_file=/home/duty/weibo_cron/group_chat_state.json
time=2026-05-04T23:12:25.928+08:00 level=INFO msg=群聊摘要推送完成 message_count=1
/usr/bin/xvfb-run: line 185: kill: (711297) - No such process
time=2026-05-05T23:10:03.699+08:00 level=INFO msg=群聊模式配置加载完成 config=config.groupchat.yaml
time=2026-05-05T23:10:07.586+08:00 level=INFO msg=打开微博群聊页面 url="https://api.weibo.com/chat/#/chat?check_gid=4761715839862414&source_from=11" user_data_dir=/home/duty/weibo_cron/weibo_user_data browser_channel=chrome
time=2026-05-05T23:10:08.459+08:00 level=INFO msg=如未登录，请在打开的浏览器中完成登录；程序正在等待群聊消息接口返回
time=2026-05-05T23:10:09.925+08:00 level=INFO msg=群聊页面已加载，开始抓取历史消息
time=2026-05-05T23:10:10.582+08:00 level=INFO msg=处理完成一个批次 latest_time="2026-05-05 23:09:03" latest_sender=要做一个可爱的人 latest_message=看群友挣钱了，看邻居 stop=false
time=2026-05-05T23:10:12.575+08:00 level=INFO msg=处理完成一个批次 latest_time="2026-05-05 22:06:58" latest_sender=___RANI___ latest_message=「「最心疼我200出头买 stop=false
time=2026-05-05T23:10:16.734+08:00 level=INFO msg=处理完成一个批次 latest_time="2026-05-05 21:46:51" latest_sender=羽化的布偶 latest_message=分享图片 stop=false
time=2026-05-05T23:10:18.600+08:00 level=INFO msg=处理完成一个批次 latest_time="2026-05-05 21:14:59" latest_sender=tombkeeper latest_message=土樱桃还有一种颜色是 stop=false
time=2026-05-05T23:10:21.256+08:00 level=INFO msg=处理完成一个批次 latest_time="2026-05-05 19:56:23" latest_sender=星逸几度秋_ latest_message="「图片」\n- - - - - - - - -" stop=false
time=2026-05-05T23:10:23.271+08:00 level=INFO msg=处理完成一个批次 latest_time="2026-05-05 19:18:18" latest_sender=小大饼 latest_message=说错了，是四天 stop=false
time=2026-05-05T23:10:25.334+08:00 level=INFO msg=处理完成一个批次 latest_time="2026-05-05 17:56:01" latest_sender=___RANI___ latest_message="「终于赶上了一次」\n- " stop=false
time=2026-05-05T23:10:27.349+08:00 level=INFO msg=处理完成一个批次 latest_time="2026-05-05 16:51:54" latest_sender=SnowChou latest_message="「@SnowChou 当前我的策\xe7\x95" stop=false
time=2026-05-05T23:10:30.304+08:00 level=INFO msg=处理完成一个批次 latest_time="2026-05-05 16:37:40" latest_sender=十月的米兰 latest_message=分享图片 stop=false
time=2026-05-05T23:10:46.307+08:00 level=INFO msg=处理完成一个批次 latest_time="2026-05-05 15:15:38" latest_sender=nkaifang latest_message=http://weibo.com/2415270331/QD stop=false
time=2026-05-05T23:10:48.710+08:00 level=INFO msg=处理完成一个批次 latest_time="2026-05-05 13:49:48" latest_sender=特怕麻烦 latest_message=我在路上看见很多人边 stop=false
time=2026-05-05T23:10:51.305+08:00 level=INFO msg=处理完成一个批次 latest_time="2026-05-05 13:06:29" latest_sender=某翀要修生养息 latest_message=A2喝了6个月…已经换喝 stop=false
time=2026-05-05T23:10:53.193+08:00 level=INFO msg=处理完成一个批次 latest_time="2026-05-05 11:47:01" latest_sender=四岚1883 latest_message=无人机防御最成熟的方 stop=false
time=2026-05-05T23:10:55.441+08:00 level=INFO msg=处理完成一个批次 latest_time="2026-05-05 11:09:04" latest_sender=响当当当的铜豌豆 latest_message=分享图片 stop=false
time=2026-05-05T23:11:12.408+08:00 level=WARN msg="通过响应监听下载 fid 失败，尝试回退到浏览器内 fetch" fid=5295152652354512 err="timeout:Timeout 15000.00ms exceeded."
time=2026-05-05T23:11:12.487+08:00 level=WARN msg="浏览器内 fetch 下载 fid 失败" fid=5295152652354512 url="https://upload.api.weibo.com/2/mss/msget?fid=5295152652354512&source=209678993&imageType=origin&ts=1777993872409" err="TypeError: Failed to fetch"
time=2026-05-05T23:11:12.527+08:00 level=WARN msg="浏览器内 fetch 下载 fid 失败" fid=5295152652354512 url="https://upload.api.weibo.com/2/mss/msget?fid=5295152652354512&touid=4761715839862414&ts=1777993872409" err="TypeError: Failed to fetch"
time=2026-05-05T23:11:12.616+08:00 level=WARN msg="浏览器内 fetch 下载 fid 失败" fid=5295152652354512 url="https://upload.api.weibo.com/2/mss/msget?fid=5295152652354512&source=209678993&touid=4761715839862414&imageType=origin&ts=1777993872409" err="TypeError: Failed to fetch"
time=2026-05-05T23:11:12.616+08:00 level=WARN msg="浏览器内 fid 下载全部失败，尝试直接 HTTP 下载" fid=5295152652354512 err="TypeError: Failed to fetch"
time=2026-05-05T23:11:12.965+08:00 level=INFO msg="fid 媒体已通过直接 HTTP 回退下载成功" fid=5295152652354512 path=/home/duty/weibo_cron/chat_media_downloads/img_5295152652354512_1777946233000.jpg
time=2026-05-05T23:11:12.966+08:00 level=INFO msg=处理完成一个批次 latest_time="2026-05-05 10:12:05" latest_sender=想到草原打个滚 latest_message="「「@沙漏12702 多观察\xe5\x87" stop=false
time=2026-05-05T23:11:14.755+08:00 level=INFO msg=处理完成一个批次 latest_time="2026-05-05 09:28:12" latest_sender=亚奇奇洛贝 latest_message=[动画表情] stop=false
time=2026-05-05T23:11:18.404+08:00 level=INFO msg=处理完成一个批次 latest_time="2026-05-05 08:40:27" latest_sender=特怕麻烦 latest_message=早 stop=false
time=2026-05-05T23:11:35.163+08:00 level=WARN msg="通过响应监听下载 fid 失败，尝试回退到浏览器内 fetch" fid=5295051586666767 err="timeout:Timeout 15000.00ms exceeded."
time=2026-05-05T23:11:35.259+08:00 level=WARN msg="浏览器内 fetch 下载 fid 失败" fid=5295051586666767 url="https://upload.api.weibo.com/2/mss/msget?fid=5295051586666767&source=209678993&imageType=origin&ts=1777993895163" err="TypeError: Failed to fetch"
time=2026-05-05T23:11:35.303+08:00 level=WARN msg="浏览器内 fetch 下载 fid 失败" fid=5295051586666767 url="https://upload.api.weibo.com/2/mss/msget?fid=5295051586666767&touid=4761715839862414&ts=1777993895163" err="TypeError: Failed to fetch"
time=2026-05-05T23:11:44.831+08:00 level=WARN msg="浏览器内 fetch 下载 fid 失败" fid=5295051586666767 url="https://upload.api.weibo.com/2/mss/msget?fid=5295051586666767&source=209678993&touid=4761715839862414&imageType=origin&ts=1777993895163" err="TypeError: Failed to fetch"
time=2026-05-05T23:11:44.831+08:00 level=WARN msg="浏览器内 fid 下载全部失败，尝试直接 HTTP 下载" fid=5295051586666767 err="TypeError: Failed to fetch"
time=2026-05-05T23:11:44.918+08:00 level=INFO msg="fid 媒体已通过直接 HTTP 回退下载成功" fid=5295051586666767 path=/home/duty/weibo_cron/chat_media_downloads/img_5295051586666767_茧房日报260504.pdf
time=2026-05-05T23:11:44.918+08:00 level=INFO msg=处理完成一个批次 latest_time="2026-05-05 07:37:59" latest_sender=花小生鱼 latest_message=「购物这件事啊，如果 stop=false
time=2026-05-05T23:11:46.596+08:00 level=INFO msg=处理完成一个批次 latest_time="2026-05-05 01:45:14" latest_sender=粉丝群 latest_message="@了不起的电风扇... 是\xe6" stop=false
time=2026-05-05T23:11:48.217+08:00 level=INFO msg=处理完成一个批次 latest_time="2026-05-05 01:11:03" latest_sender=四岚1883 latest_message=资源的需求就是不断增 stop=false
time=2026-05-05T23:11:49.945+08:00 level=INFO msg=处理完成一个批次 latest_time="2026-05-05 00:27:07" latest_sender=粉丝群 latest_message="恭喜 build1012 升级至LV6 " stop=false
time=2026-05-05T23:11:51.938+08:00 level=INFO msg=处理完成一个批次 latest_time="2026-05-04 23:44:44" latest_sender=----Barbara latest_message=了解你性格，故意逗你 stop=false
time=2026-05-05T23:11:53.553+08:00 level=INFO msg=处理完成一个批次 latest_time="2026-05-04 23:21:39" latest_sender=____方格 latest_message=太美、太帅的人得多看 stop=true
time=2026-05-05T23:11:53.581+08:00 level=INFO msg=群聊历史抓取完成 new_count=452 history_dir=/home/duty/weibo_cron/clean_history state_file=/home/duty/weibo_cron/group_chat_state.json
time=2026-05-05T23:12:09.806+08:00 level=INFO msg=群聊摘要推送完成 message_count=1
/usr/bin/xvfb-run: line 185: kill: (730070) - No such process
time=2026-05-06T23:10:03.251+08:00 level=INFO msg=群聊模式配置加载完成 config=config.groupchat.yaml
time=2026-05-06T23:10:07.106+08:00 level=INFO msg=打开微博群聊页面 url="https://api.weibo.com/chat/#/chat?check_gid=4761715839862414&source_from=11" user_data_dir=/home/duty/weibo_cron/weibo_user_data browser_channel=chrome
time=2026-05-06T23:10:08.237+08:00 level=INFO msg=如未登录，请在打开的浏览器中完成登录；程序正在等待群聊消息接口返回
time=2026-05-06T23:10:09.295+08:00 level=INFO msg=群聊页面已加载，开始抓取历史消息
time=2026-05-06T23:10:09.936+08:00 level=INFO msg=处理完成一个批次 latest_time="2026-05-06 23:09:55" latest_sender=Iris_0809 latest_message=「不过再什么样，在上 stop=false
time=2026-05-06T23:10:10.481+08:00 level=INFO msg=处理完成一个批次 latest_time="2026-05-06 22:43:30" latest_sender=Tenacious_U latest_message=分享图片 stop=false
time=2026-05-06T23:10:14.133+08:00 level=INFO msg=处理完成一个批次 latest_time="2026-05-06 22:29:58" latest_sender=四岚1883 latest_message=多多买不到，再到京东 stop=false
time=2026-05-06T23:10:16.198+08:00 level=INFO msg=处理完成一个批次 latest_time="2026-05-06 22:20:23" latest_sender=四岚1883 latest_message=分享图片 stop=false
time=2026-05-06T23:10:18.941+08:00 level=INFO msg=处理完成一个批次 latest_time="2026-05-06 21:31:42" latest_sender=小大饼 latest_message=我现在作为对面和旁边 stop=false
time=2026-05-06T23:10:20.608+08:00 level=INFO msg=处理完成一个批次 latest_time="2026-05-06 21:17:30" latest_sender=小大饼 latest_message=等我有钱了，就买高端 stop=false
time=2026-05-06T23:10:24.203+08:00 level=INFO msg=处理完成一个批次 latest_time="2026-05-06 20:55:18" latest_sender=粉丝群 latest_message=涉及资金问题请务必提 stop=false
time=2026-05-06T23:10:26.369+08:00 level=INFO msg=处理完成一个批次 latest_time="2026-05-06 20:41:35" latest_sender=粉丝群 latest_message=涉及资金问题请务必提 stop=false
time=2026-05-06T23:10:28.709+08:00 level=INFO msg=处理完成一个批次 latest_time="2026-05-06 20:26:55" latest_sender=雨石plus latest_message=http://weibo.com/1642634100/QE stop=false
time=2026-05-06T23:10:31.793+08:00 level=INFO msg=处理完成一个批次 latest_time="2026-05-06 20:14:42" latest_sender=雨石plus latest_message="cpu 这么高吗" stop=false
time=2026-05-06T23:10:33.929+08:00 level=INFO msg=处理完成一个批次 latest_time="2026-05-06 19:40:24" latest_sender=天青色等烟雨201403 latest_message=孙哥的话你要听，孙哥 stop=false
time=2026-05-06T23:10:36.108+08:00 level=INFO msg=处理完成一个批次 latest_time="2026-05-06 19:30:06" latest_sender=梦星河200602 latest_message=你点一下看看 stop=false
time=2026-05-06T23:10:38.239+08:00 level=INFO msg=处理完成一个批次 latest_time="2026-05-06 19:06:30" latest_sender=梦星河200602 latest_message=法拉第笼这一块 stop=false
time=2026-05-06T23:10:40.145+08:00 level=INFO msg=处理完成一个批次 latest_time="2026-05-06 18:54:51" latest_sender=拱bot latest_message=http://weibo.com/5384771805/QD stop=false
time=2026-05-06T23:10:42.871+08:00 level=INFO msg=处理完成一个批次 latest_time="2026-05-06 18:32:47" latest_sender=小大饼 latest_message=下班班惹 stop=false
time=2026-05-06T23:10:46.669+08:00 level=INFO msg=处理完成一个批次 latest_time="2026-05-06 18:19:51" latest_sender=clone_sheep latest_message=严禁恶意合订[doge] stop=false
time=2026-05-06T23:10:48.895+08:00 level=INFO msg=处理完成一个批次 latest_time="2026-05-06 18:06:01" latest_sender=阿尼亚是安妮亞 latest_message=分享图片 stop=false
time=2026-05-06T23:10:50.528+08:00 level=INFO msg=处理完成一个批次 latest_time="2026-05-06 17:53:29" latest_sender=黄健楸 latest_message=“特朗普禁的军用，跟 stop=false
time=2026-05-06T23:10:52.722+08:00 level=INFO msg=处理完成一个批次 latest_time="2026-05-06 17:45:07" latest_sender=万物既渺小又伟大 latest_message=坑钱来了[笑cry] stop=false
time=2026-05-06T23:10:54.591+08:00 level=INFO msg=处理完成一个批次 latest_time="2026-05-06 17:37:34" latest_sender=星光大盗_ latest_message=卖飞永赚 stop=false
time=2026-05-06T23:10:56.622+08:00 level=INFO msg=处理完成一个批次 latest_time="2026-05-06 17:08:50" latest_sender=这次真的不会再改名字了 latest_message=字都认识，词就非常多 stop=false
time=2026-05-06T23:10:58.504+08:00 level=INFO msg=处理完成一个批次 latest_time="2026-05-06 16:34:44" latest_sender=响当当当的铜豌豆 latest_message=「@Aviator_hu:三月也深度 stop=false
time=2026-05-06T23:11:02.888+08:00 level=INFO msg=处理完成一个批次 latest_time="2026-05-06 15:43:12" latest_sender=自由的西瓜L latest_message=http://weibo.com/6827625527/Oe stop=false
time=2026-05-06T23:11:04.969+08:00 level=INFO msg=处理完成一个批次 latest_time="2026-05-06 14:53:22" latest_sender=xelnaga瞭望塔 latest_message=这就去污染中转站[/ee90 stop=false
time=2026-05-06T23:11:07.429+08:00 level=INFO msg=处理完成一个批次 latest_time="2026-05-06 14:05:58" latest_sender=小大饼 latest_message=别忽视了厚度 stop=false
time=2026-05-06T23:11:13.215+08:00 level=INFO msg=处理完成一个批次 latest_time="2026-05-06 13:06:38" latest_sender=3ric2hao latest_message="jay 小姨子[doge]" stop=false
time=2026-05-06T23:11:17.214+08:00 level=INFO msg=处理完成一个批次 latest_time="2026-05-06 12:55:17" latest_sender=雨石plus latest_message=分享图片 stop=false
time=2026-05-06T23:11:19.196+08:00 level=INFO msg=处理完成一个批次 latest_time="2026-05-06 12:35:43" latest_sender=下一个被泡泡带走的灵魂 latest_message=在这个群每天都能学到 stop=false
time=2026-05-06T23:11:21.433+08:00 level=INFO msg=处理完成一个批次 latest_time="2026-05-06 12:25:29" latest_sender=粉丝群 latest_message=涉及资金问题请务必提 stop=false
time=2026-05-06T23:11:23.786+08:00 level=INFO msg=处理完成一个批次 latest_time="2026-05-06 12:16:36" latest_sender=tombkeeper latest_message=别买大饼的这种，这个 stop=false
time=2026-05-06T23:11:25.862+08:00 level=INFO msg=处理完成一个批次 latest_time="2026-05-06 11:56:40" latest_sender=叫我小鸡君吧 latest_message=「今天带了小机机，但 stop=false
time=2026-05-06T23:11:27.668+08:00 level=INFO msg=处理完成一个批次 latest_time="2026-05-06 11:45:52" latest_sender=茴字的1970种写法 latest_message="「前阵子Kimi的人居然\xe6\x89" stop=false
time=2026-05-06T23:11:30.007+08:00 level=INFO msg=处理完成一个批次 latest_time="2026-05-06 11:07:55" latest_sender=自由的西瓜L latest_message=分享图片 stop=false
time=2026-05-06T23:11:31.771+08:00 level=INFO msg=处理完成一个批次 latest_time="2026-05-06 10:55:57" latest_sender=自由的西瓜L latest_message="CAISI的那条微博被删除\xe4" stop=false
time=2026-05-06T23:11:36.774+08:00 level=INFO msg=处理完成一个批次 latest_time="2026-05-06 10:44:50" latest_sender=Flowerette_Lingering latest_message=距离上一次群里讨论“ stop=false
time=2026-05-06T23:11:39.877+08:00 level=INFO msg=处理完成一个批次 latest_time="2026-05-06 10:06:39" latest_sender=我爱吃肠粉001 latest_message=分享图片 stop=false
time=2026-05-06T23:11:41.747+08:00 level=INFO msg=处理完成一个批次 latest_time="2026-05-06 09:26:25" latest_sender=叫我小鸡君吧 latest_message="五月开始 祝友友们开\xe9\x97" stop=false
time=2026-05-06T23:11:43.492+08:00 level=INFO msg=处理完成一个批次 latest_time="2026-05-06 09:10:05" latest_sender=雨石plus latest_message="cpu 那个" stop=false
time=2026-05-06T23:11:45.263+08:00 level=INFO msg=处理完成一个批次 latest_time="2026-05-06 08:50:11" latest_sender=一匹阿随 latest_message="2.98元，@Iris_0809 您有钱" stop=false
time=2026-05-06T23:11:46.933+08:00 level=INFO msg=处理完成一个批次 latest_time="2026-05-06 08:20:51" latest_sender=四月是你的满分作文101 latest_message=早 stop=false
time=2026-05-06T23:11:48.544+08:00 level=INFO msg=处理完成一个批次 latest_time="2026-05-06 08:00:25" latest_sender=Mifee飞 latest_message="0.01元，@拾人牙慧的复\xe8" stop=false
time=2026-05-06T23:11:50.201+08:00 level=INFO msg=处理完成一个批次 latest_time="2026-05-06 07:21:02" latest_sender=梦星河200602 latest_message=朗子打船的时候买了一 stop=false
time=2026-05-06T23:12:06.853+08:00 level=WARN msg="通过响应监听下载 fid 失败，尝试回退到浏览器内 fetch" fid=5295412610074346 err="timeout:Timeout 15000.00ms exceeded."
time=2026-05-06T23:12:06.927+08:00 level=WARN msg="浏览器内 fetch 下载 fid 失败" fid=5295412610074346 url="https://upload.api.weibo.com/2/mss/msget?fid=5295412610074346&source=209678993&imageType=origin&ts=1778080326853" err="TypeError: Failed to fetch"
time=2026-05-06T23:12:06.965+08:00 level=WARN msg="浏览器内 fetch 下载 fid 失败" fid=5295412610074346 url="https://upload.api.weibo.com/2/mss/msget?fid=5295412610074346&touid=4761715839862414&ts=1778080326853" err="TypeError: Failed to fetch"
time=2026-05-06T23:12:07.025+08:00 level=WARN msg="浏览器内 fetch 下载 fid 失败" fid=5295412610074346 url="https://upload.api.weibo.com/2/mss/msget?fid=5295412610074346&source=209678993&touid=4761715839862414&imageType=origin&ts=1778080326853" err="TypeError: Failed to fetch"
time=2026-05-06T23:12:07.025+08:00 level=WARN msg="浏览器内 fid 下载全部失败，尝试直接 HTTP 下载" fid=5295412610074346 err="TypeError: Failed to fetch"
time=2026-05-06T23:12:07.425+08:00 level=INFO msg="fid 媒体已通过直接 HTTP 回退下载成功" fid=5295412610074346 path=/home/duty/weibo_cron/chat_media_downloads/img_5295412610074346_茧房日报260505.pdf
time=2026-05-06T23:12:10.850+08:00 level=INFO msg=处理完成一个批次 latest_time="2026-05-06 05:54:16" latest_sender=叫我小鸡君吧 latest_message=[动画表情] stop=false
time=2026-05-06T23:12:12.504+08:00 level=INFO msg=处理完成一个批次 latest_time="2026-05-05 23:49:03" latest_sender=我爱吃肠粉001 latest_message=发个红包吧老师 stop=true
time=2026-05-06T23:12:12.530+08:00 level=INFO msg=群聊历史抓取完成 new_count=874 history_dir=/home/duty/weibo_cron/clean_history state_file=/home/duty/weibo_cron/group_chat_state.json
time=2026-05-06T23:12:27.973+08:00 level=INFO msg=群聊摘要推送完成 message_count=1
/usr/bin/xvfb-run: line 185: kill: (748389) - No such process
time=2026-05-07T23:10:03.184+08:00 level=INFO msg=群聊模式配置加载完成 config=config.groupchat.yaml
time=2026-05-07T23:10:07.144+08:00 level=INFO msg=打开微博群聊页面 url="https://api.weibo.com/chat/#/chat?check_gid=4761715839862414&source_from=11" user_data_dir=/home/duty/weibo_cron/weibo_user_data browser_channel=chrome
time=2026-05-07T23:10:08.142+08:00 level=INFO msg=如未登录，请在打开的浏览器中完成登录；程序正在等待群聊消息接口返回
time=2026-05-07T23:10:09.104+08:00 level=INFO msg=群聊页面已加载，开始抓取历史消息
time=2026-05-07T23:10:09.924+08:00 level=INFO msg=处理完成一个批次 latest_time="2026-05-07 23:05:11" latest_sender=茴字的1970种写法 latest_message="你怎么定义 awareness" stop=false
time=2026-05-07T23:10:10.214+08:00 level=INFO msg=处理完成一个批次 latest_time="2026-05-07 22:40:23" latest_sender=等下就去吃饭 latest_message="等下就去吃饭 撤回了\xe4\xb8" stop=false
time=2026-05-07T23:10:16.518+08:00 level=INFO msg=处理完成一个批次 latest_time="2026-05-07 22:38:20" latest_sender=梦星河200602 latest_message="董事长最近跟老馒头 li" stop=false
time=2026-05-07T23:10:18.429+08:00 level=INFO msg=处理完成一个批次 latest_time="2026-05-07 22:03:32" latest_sender=雨石plus latest_message=「而且要搞清楚我们评 stop=false
time=2026-05-07T23:10:23.199+08:00 level=INFO msg=处理完成一个批次 latest_time="2026-05-07 21:53:03" latest_sender=特怕麻烦 latest_message=青菜放久了，亚硝酸盐 stop=false
time=2026-05-07T23:10:24.857+08:00 level=INFO msg=处理完成一个批次 latest_time="2026-05-07 21:47:28" latest_sender=特怕麻烦 latest_message=「搞钱肯定是认真的， stop=false
time=2026-05-07T23:10:26.708+08:00 level=INFO msg=处理完成一个批次 latest_time="2026-05-07 21:33:04" latest_sender=羽化的布偶 latest_message=「「有一种比较苛刻的 stop=false
time=2026-05-07T23:10:28.536+08:00 level=INFO msg=处理完成一个批次 latest_time="2026-05-07 21:19:24" latest_sender=梦星河200602 latest_message=是的，我没有什么水平 stop=false
time=2026-05-07T23:10:30.380+08:00 level=INFO msg=处理完成一个批次 latest_time="2026-05-07 21:13:47" latest_sender=梦星河200602 latest_message=搞我心态啊 stop=false
time=2026-05-07T23:10:32.257+08:00 level=INFO msg=处理完成一个批次 latest_time="2026-05-07 21:08:18" latest_sender=自由的西瓜L latest_message=我要是新进群的就信了 stop=false
time=2026-05-07T23:10:34.035+08:00 level=INFO msg=处理完成一个批次 latest_time="2026-05-07 21:03:42" latest_sender=梦星河200602 latest_message=我其实没啥感觉就怕友 stop=false
time=2026-05-07T23:10:35.953+08:00 level=INFO msg=处理完成一个批次 latest_time="2026-05-07 20:55:50" latest_sender=等下就去吃饭 latest_message=欧美的核电的建设周期 stop=false
time=2026-05-07T23:10:39.161+08:00 level=INFO msg=处理完成一个批次 latest_time="2026-05-07 20:44:35" latest_sender=粉丝群 latest_message=涉及资金问题请务必提 stop=false
time=2026-05-07T23:10:41.350+08:00 level=INFO msg=处理完成一个批次 latest_time="2026-05-07 20:31:05" latest_sender=xelnaga瞭望塔 latest_message=分享图片 stop=false
time=2026-05-07T23:10:43.331+08:00 level=INFO msg=处理完成一个批次 latest_time="2026-05-07 20:22:37" latest_sender=拾人牙慧的复读机 latest_message=有点担心未来会看到： stop=false
time=2026-05-07T23:10:44.960+08:00 level=INFO msg=处理完成一个批次 latest_time="2026-05-07 20:13:59" latest_sender=亚奇奇洛贝 latest_message=🦁让我买的 stop=false
time=2026-05-07T23:10:46.847+08:00 level=INFO msg=处理完成一个批次 latest_time="2026-05-07 20:08:51" latest_sender=Monkey_D_Law latest_message=http://weibo.com/1560906700/QE stop=false
time=2026-05-07T23:10:49.035+08:00 level=INFO msg=处理完成一个批次 latest_time="2026-05-07 19:58:07" latest_sender=羽化的布偶 latest_message="「核电 etf 我翻倍了🌚" stop=false
time=2026-05-07T23:10:51.002+08:00 level=INFO msg=处理完成一个批次 latest_time="2026-05-07 19:48:41" latest_sender=万物既渺小又伟大 latest_message=波动很小，我在想夏季 stop=false
time=2026-05-07T23:10:54.052+08:00 level=INFO msg=处理完成一个批次 latest_time="2026-05-07 19:32:27" latest_sender=黄健楸 latest_message="「图片」\n- - - - - - - - -" stop=false
time=2026-05-07T23:10:56.198+08:00 level=INFO msg=处理完成一个批次 latest_time="2026-05-07 19:21:04" latest_sender=北角60度 latest_message=这种是想赚钱的意图过 stop=false
time=2026-05-07T23:10:58.002+08:00 level=INFO msg=处理完成一个批次 latest_time="2026-05-07 19:05:24" latest_sender=勇敢积极的24号反派 latest_message="「@小大饼 你为啥一直@" stop=false
time=2026-05-07T23:11:00.302+08:00 level=INFO msg=处理完成一个批次 latest_time="2026-05-07 18:35:43" latest_sender=茴字的1970种写法 latest_message="「我不记得 TK 有根据\xe6\x89" stop=false
time=2026-05-07T23:11:02.637+08:00 level=INFO msg=处理完成一个批次 latest_time="2026-05-07 18:16:48" latest_sender=亚奇奇洛贝 latest_message=分享图片 stop=false
time=2026-05-07T23:11:04.470+08:00 level=INFO msg=处理完成一个批次 latest_time="2026-05-07 17:59:14" latest_sender=同学没吃药吧 latest_message="「五一假期浦银涨了 7." stop=false
time=2026-05-07T23:11:06.095+08:00 level=INFO msg=处理完成一个批次 latest_time="2026-05-07 17:30:42" latest_sender=雨石plus latest_message=我不动还有个动力，频 stop=false
time=2026-05-07T23:11:07.710+08:00 level=INFO msg=处理完成一个批次 latest_time="2026-05-07 17:24:25" latest_sender=铜冰鉴43228 latest_message="「tk 说了，别加杠杆，" stop=false
time=2026-05-07T23:11:09.576+08:00 level=INFO msg=处理完成一个批次 latest_time="2026-05-07 17:20:33" latest_sender=快把大鹅炖进铁锅 latest_message=我也有一个闪电贷，撸 stop=false
time=2026-05-07T23:11:11.226+08:00 level=INFO msg=处理完成一个批次 latest_time="2026-05-07 17:14:42" latest_sender=勇敢积极的24号反派 latest_message=还不止一个 stop=false
time=2026-05-07T23:11:13.006+08:00 level=INFO msg=处理完成一个批次 latest_time="2026-05-07 17:08:28" latest_sender=一团意大利面 latest_message=守护最美男孩狮狮 stop=false
time=2026-05-07T23:11:14.903+08:00 level=INFO msg=处理完成一个批次 latest_time="2026-05-07 17:02:43" latest_sender=雨石plus latest_message="「「@四岚1883 我劝媳妇" stop=false
time=2026-05-07T23:11:16.643+08:00 level=INFO msg=处理完成一个批次 latest_time="2026-05-07 16:37:08" latest_sender=羽化的布偶 latest_message=http://weibo.com/5970352394/QE stop=false
time=2026-05-07T23:11:19.036+08:00 level=INFO msg=处理完成一个批次 latest_time="2026-05-07 15:29:59" latest_sender=自由的西瓜L latest_message=http://weibo.com/7304230503/QD stop=false
time=2026-05-07T23:11:21.927+08:00 level=INFO msg=处理完成一个批次 latest_time="2026-05-07 15:07:42" latest_sender=等下就去吃饭 latest_message="等下就去吃饭 撤回了\xe4\xb8" stop=false
time=2026-05-07T23:11:40.763+08:00 level=WARN msg="通过响应监听下载 fid 失败，尝试回退到浏览器内 fetch" fid=5295943882638850 err="timeout:Timeout 15000.00ms exceeded."
time=2026-05-07T23:11:40.978+08:00 level=WARN msg="浏览器内 fetch 下载 fid 失败" fid=5295943882638850 url="https://upload.api.weibo.com/2/mss/msget?fid=5295943882638850&source=209678993&imageType=origin&ts=1778166700763" err="TypeError: Failed to fetch"
time=2026-05-07T23:11:41.023+08:00 level=WARN msg="浏览器内 fetch 下载 fid 失败" fid=5295943882638850 url="https://upload.api.weibo.com/2/mss/msget?fid=5295943882638850&touid=4761715839862414&ts=1778166700763" err="TypeError: Failed to fetch"
time=2026-05-07T23:11:41.254+08:00 level=WARN msg="浏览器内 fetch 下载 fid 失败" fid=5295943882638850 url="https://upload.api.weibo.com/2/mss/msget?fid=5295943882638850&source=209678993&touid=4761715839862414&imageType=origin&ts=1778166700763" err="TypeError: Failed to fetch"
time=2026-05-07T23:11:41.254+08:00 level=WARN msg="浏览器内 fid 下载全部失败，尝试直接 HTTP 下载" fid=5295943882638850 err="TypeError: Failed to fetch"
time=2026-05-07T23:11:50.142+08:00 level=INFO msg="fid 媒体已通过直接 HTTP 回退下载成功" fid=5295943882638850 path=/home/duty/weibo_cron/chat_media_downloads/img_5295943882638850_The_Microsoft_Paradox.pdf
time=2026-05-07T23:11:50.142+08:00 level=INFO msg=处理完成一个批次 latest_time="2026-05-07 14:47:43" latest_sender=自由的西瓜L latest_message=「「对于股东回报来说 stop=false
time=2026-05-07T23:11:53.598+08:00 level=INFO msg=处理完成一个批次 latest_time="2026-05-07 14:21:02" latest_sender=响当当当的铜豌豆 latest_message=http://weibo.com/1401527553/N8 stop=false
time=2026-05-07T23:11:56.041+08:00 level=INFO msg=处理完成一个批次 latest_time="2026-05-07 13:50:50" latest_sender=拱bot latest_message="「图片」\n- - - - - - - - -" stop=false
time=2026-05-07T23:11:58.457+08:00 level=INFO msg=处理完成一个批次 latest_time="2026-05-07 13:36:07" latest_sender=亚奇奇洛贝 latest_message="「好想坐它们中间(=¯ω" stop=false
time=2026-05-07T23:12:00.589+08:00 level=INFO msg=处理完成一个批次 latest_time="2026-05-07 13:24:32" latest_sender=一蓑烟雨任平生WB latest_message="好想坐它们中间(=¯ω¯=" stop=false
time=2026-05-07T23:12:02.963+08:00 level=INFO msg=处理完成一个批次 latest_time="2026-05-07 12:58:59" latest_sender=粉丝群 latest_message=涉及资金问题请务必提 stop=false
time=2026-05-07T23:12:05.201+08:00 level=INFO msg=处理完成一个批次 latest_time="2026-05-07 12:38:55" latest_sender=春天小羚羊 latest_message=中国式主页 stop=false
time=2026-05-07T23:12:07.259+08:00 level=INFO msg=处理完成一个批次 latest_time="2026-05-07 12:27:23" latest_sender=一蓑烟雨任平生WB latest_message="相对于损失1000的心理\xe5\x8e" stop=false
time=2026-05-07T23:12:10.187+08:00 level=INFO msg=处理完成一个批次 latest_time="2026-05-07 12:22:11" latest_sender=粉丝群 latest_message=涉及资金问题请务必提 stop=false
time=2026-05-07T23:12:12.561+08:00 level=INFO msg=处理完成一个批次 latest_time="2026-05-07 11:57:51" latest_sender=用户6937199137 latest_message="「「根据 OWID/PWT 数据\xef\xbc" stop=false
time=2026-05-07T23:12:16.396+08:00 level=INFO msg=处理完成一个批次 latest_time="2026-05-07 11:49:30" latest_sender=我爱吃肠粉001 latest_message="「「@小大饼 帮忙解析\xe4" stop=false
time=2026-05-07T23:12:18.396+08:00 level=INFO msg=处理完成一个批次 latest_time="2026-05-07 11:19:40" latest_sender=十月的米兰 latest_message=「机车和龟毛似乎现在 stop=false
time=2026-05-07T23:12:20.148+08:00 level=INFO msg=处理完成一个批次 latest_time="2026-05-07 11:09:35" latest_sender=茴字的1970种写法 latest_message=那不是，老墨也很卷的 stop=false
time=2026-05-07T23:12:22.461+08:00 level=INFO msg=处理完成一个批次 latest_time="2026-05-07 10:48:48" latest_sender=FFFFVIP latest_message="「xai可惜了，Elon也不\xe6\x98" stop=false
time=2026-05-07T23:12:25.009+08:00 level=INFO msg=处理完成一个批次 latest_time="2026-05-07 10:24:47" latest_sender=茴字的1970种写法 latest_message="「xai可惜了，Elon也不\xe6\x98" stop=false
time=2026-05-07T23:12:27.642+08:00 level=INFO msg=处理完成一个批次 latest_time="2026-05-07 10:08:47" latest_sender=自由的西瓜L latest_message=你好，想和你交个朋友 stop=false
time=2026-05-07T23:12:29.593+08:00 level=INFO msg=处理完成一个批次 latest_time="2026-05-07 09:52:23" latest_sender=小鹿纯子买咸酸 latest_message="「@超级无敌海景佛跳\xe5\xa2" stop=false
time=2026-05-07T23:12:31.735+08:00 level=INFO msg=处理完成一个批次 latest_time="2026-05-07 09:17:52" latest_sender=小大饼 latest_message=啊啊啊啊啊啊啊女同事 stop=false
time=2026-05-07T23:12:33.930+08:00 level=INFO msg=处理完成一个批次 latest_time="2026-05-07 08:44:28" latest_sender=小大饼 latest_message=分享图片 stop=false
time=2026-05-07T23:12:35.559+08:00 level=INFO msg=处理完成一个批次 latest_time="2026-05-07 08:04:19" latest_sender=小大饼 latest_message=又可以见到新女同事惹 stop=false
time=2026-05-07T23:12:38.133+08:00 level=INFO msg=处理完成一个批次 latest_time="2026-05-07 07:10:18" latest_sender=小码想想 latest_message=早 stop=false
time=2026-05-07T23:12:55.620+08:00 level=WARN msg="通过响应监听下载 fid 失败，尝试回退到浏览器内 fetch" fid=5295776257540462 err="timeout:Timeout 15000.00ms exceeded."
time=2026-05-07T23:12:55.713+08:00 level=WARN msg="浏览器内 fetch 下载 fid 失败" fid=5295776257540462 url="https://upload.api.weibo.com/2/mss/msget?fid=5295776257540462&source=209678993&imageType=origin&ts=1778166775620" err="TypeError: Failed to fetch"
time=2026-05-07T23:12:55.759+08:00 level=WARN msg="浏览器内 fetch 下载 fid 失败" fid=5295776257540462 url="https://upload.api.weibo.com/2/mss/msget?fid=5295776257540462&touid=4761715839862414&ts=1778166775620" err="TypeError: Failed to fetch"
time=2026-05-07T23:12:55.867+08:00 level=WARN msg="浏览器内 fetch 下载 fid 失败" fid=5295776257540462 url="https://upload.api.weibo.com/2/mss/msget?fid=5295776257540462&source=209678993&touid=4761715839862414&imageType=origin&ts=1778166775620" err="TypeError: Failed to fetch"
time=2026-05-07T23:12:55.867+08:00 level=WARN msg="浏览器内 fid 下载全部失败，尝试直接 HTTP 下载" fid=5295776257540462 err="TypeError: Failed to fetch"
time=2026-05-07T23:12:56.169+08:00 level=INFO msg="fid 媒体已通过直接 HTTP 回退下载成功" fid=5295776257540462 path=/home/duty/weibo_cron/chat_media_downloads/img_5295776257540462_茧房日报260506.pdf
time=2026-05-07T23:12:56.377+08:00 level=INFO msg=处理完成一个批次 latest_time="2026-05-07 05:32:11" latest_sender=Aurora白White-little-hajimi latest_message=分享图片 stop=false
time=2026-05-07T23:12:58.068+08:00 level=INFO msg=处理完成一个批次 latest_time="2026-05-06 23:34:13" latest_sender=干拌面过冷水 latest_message=我就是这个赛道[/ee858c. stop=false
time=2026-05-07T23:12:59.691+08:00 level=INFO msg=处理完成一个批次 latest_time="2026-05-06 23:13:22" latest_sender=Iris_0809 latest_message="「图片」\n- - - - - - - - -" stop=true
time=2026-05-07T23:12:59.756+08:00 level=INFO msg=群聊历史抓取完成 new_count=1144 history_dir=/home/duty/weibo_cron/clean_history state_file=/home/duty/weibo_cron/group_chat_state.json
time=2026-05-07T23:13:05.454+08:00 level=INFO msg=群聊摘要推送完成 message_count=1
/usr/bin/xvfb-run: line 185: kill: (766452) - No such process
time=2026-05-08T23:10:03.984+08:00 level=INFO msg=群聊模式配置加载完成 config=config.groupchat.yaml
time=2026-05-08T23:10:07.762+08:00 level=INFO msg=打开微博群聊页面 url="https://api.weibo.com/chat/#/chat?check_gid=4761715839862414&source_from=11" user_data_dir=/home/duty/weibo_cron/weibo_user_data browser_channel=chrome
time=2026-05-08T23:10:08.919+08:00 level=INFO msg=如未登录，请在打开的浏览器中完成登录；程序正在等待群聊消息接口返回
time=2026-05-08T23:10:10.017+08:00 level=INFO msg=群聊页面已加载，开始抓取历史消息
time=2026-05-08T23:10:10.692+08:00 level=INFO msg=处理完成一个批次 latest_time="2026-05-08 23:00:35" latest_sender=叫我小鸡君吧 latest_message="「「图片」\n- - - - - - - " stop=false
time=2026-05-08T23:10:10.874+08:00 level=INFO msg=处理完成一个批次 latest_time="2026-05-08 22:50:00" latest_sender=Bobby_Sm1th latest_message=[可怜] stop=false
time=2026-05-08T23:10:14.307+08:00 level=INFO msg=处理完成一个批次 latest_time="2026-05-08 22:46:05" latest_sender=上浅兮若 latest_message=涨的太多了[流鼻血] stop=false
time=2026-05-08T23:10:16.392+08:00 level=INFO msg=处理完成一个批次 latest_time="2026-05-08 22:14:14" latest_sender=天青色等烟雨201403 latest_message=「植物人好像也好起来 stop=false
time=2026-05-08T23:10:18.472+08:00 level=INFO msg=处理完成一个批次 latest_time="2026-05-08 22:03:54" latest_sender=月在寒溪111 latest_message="@大吉利丶 这个我知道\xef" stop=false
time=2026-05-08T23:10:21.610+08:00 level=INFO msg=处理完成一个批次 latest_time="2026-05-08 21:52:28" latest_sender=Flowerette_Lingering latest_message="「你用的啥工具」\n- - -" stop=false
time=2026-05-08T23:10:23.779+08:00 level=INFO msg=处理完成一个批次 latest_time="2026-05-08 21:41:39" latest_sender=畅曰 latest_message=「「发言人产假那条微 stop=false
time=2026-05-08T23:10:25.826+08:00 level=INFO msg=处理完成一个批次 latest_time="2026-05-08 21:18:19" latest_sender=Iris_0809 latest_message=「美国人也可以非常卷 stop=false
time=2026-05-08T23:10:28.035+08:00 level=INFO msg=处理完成一个批次 latest_time="2026-05-08 20:42:47" latest_sender=拾人牙慧的复读机 latest_message="拾人牙慧的复读机 撤\xe5\x9b" stop=false
time=2026-05-08T23:10:30.219+08:00 level=INFO msg=处理完成一个批次 latest_time="2026-05-08 20:19:05" latest_sender=Monkey_D_Law latest_message=比上海的日料店 stop=false
time=2026-05-08T23:10:31.893+08:00 level=INFO msg=处理完成一个批次 latest_time="2026-05-08 19:51:08" latest_sender=clone_sheep latest_message=其实送衣服也行，关键 stop=false
time=2026-05-08T23:10:34.328+08:00 level=INFO msg=处理完成一个批次 latest_time="2026-05-08 19:23:30" latest_sender=自由的西瓜L latest_message=八家？不是只有比亚迪 stop=false
time=2026-05-08T23:10:37.020+08:00 level=INFO msg=处理完成一个批次 latest_time="2026-05-08 19:14:10" latest_sender=四岚1883 latest_message=分享图片 stop=false
time=2026-05-08T23:10:38.821+08:00 level=INFO msg=处理完成一个批次 latest_time="2026-05-08 19:02:29" latest_sender=铜冰鉴43228 latest_message=好的，感谢 stop=false
time=2026-05-08T23:10:40.949+08:00 level=INFO msg=处理完成一个批次 latest_time="2026-05-08 18:51:30" latest_sender=畅曰 latest_message="「微博」\n- - - - - - - - -" stop=false
time=2026-05-08T23:10:42.980+08:00 level=INFO msg=处理完成一个批次 latest_time="2026-05-08 18:08:34" latest_sender=wybie爱折腾 latest_message=分享图片 stop=false
time=2026-05-08T23:10:44.812+08:00 level=INFO msg=处理完成一个批次 latest_time="2026-05-08 17:43:21" latest_sender=微雨web latest_message=「害，还得重新下载知 stop=false
time=2026-05-08T23:10:47.027+08:00 level=INFO msg=处理完成一个批次 latest_time="2026-05-08 16:44:38" latest_sender=梦星河200602 latest_message=http://weibo.com/2963774131/QD stop=false
time=2026-05-08T23:10:49.434+08:00 level=INFO msg=处理完成一个批次 latest_time="2026-05-08 15:49:58" latest_sender=拾人牙慧的复读机 latest_message=这个挺不错 stop=false
time=2026-05-08T23:10:56.788+08:00 level=INFO msg=处理完成一个批次 latest_time="2026-05-08 15:31:54" latest_sender=蓦回溯光 latest_message=父亲生日，打算给他买 stop=false
time=2026-05-08T23:10:58.464+08:00 level=INFO msg=处理完成一个批次 latest_time="2026-05-08 15:17:18" latest_sender=粉丝群 latest_message=涉及资金问题请务必提 stop=false
time=2026-05-08T23:11:00.154+08:00 level=INFO msg=处理完成一个批次 latest_time="2026-05-08 15:09:19" latest_sender=羽化的布偶 latest_message=「人家理想有谐音，小 stop=false
time=2026-05-08T23:11:02.700+08:00 level=INFO msg=处理完成一个批次 latest_time="2026-05-08 14:51:38" latest_sender=我爱吃肠粉001 latest_message=沙琪玛也很划算 stop=false
time=2026-05-08T23:11:04.594+08:00 level=INFO msg=处理完成一个批次 latest_time="2026-05-08 14:32:23" latest_sender=germer_123 latest_message=跟之前，不管再小的票 stop=false
time=2026-05-08T23:11:06.502+08:00 level=INFO msg=处理完成一个批次 latest_time="2026-05-08 14:15:21" latest_sender=黄健楸 latest_message=先搞清楚瓜娃子具体怎 stop=false
time=2026-05-08T23:11:09.501+08:00 level=INFO msg=处理完成一个批次 latest_time="2026-05-08 13:52:37" latest_sender=蓦回溯光 latest_message=[泪][泪][泪][泪] stop=false
time=2026-05-08T23:11:11.802+08:00 level=INFO msg=处理完成一个批次 latest_time="2026-05-08 13:33:36" latest_sender=十月的米兰 latest_message=「第四张图我觉得很好 stop=false
time=2026-05-08T23:11:13.445+08:00 level=INFO msg=处理完成一个批次 latest_time="2026-05-08 13:29:25" latest_sender=干拌面过冷水 latest_message=「高速路段的智驾可以 stop=false
time=2026-05-08T23:11:15.890+08:00 level=INFO msg=处理完成一个批次 latest_time="2026-05-08 13:23:31" latest_sender=蓦回溯光 latest_message=是不是真能买恒科了 stop=false
time=2026-05-08T23:11:23.819+08:00 level=INFO msg=处理完成一个批次 latest_time="2026-05-08 13:14:30" latest_sender=髼鑯 latest_message=分享图片 stop=false
time=2026-05-08T23:11:25.753+08:00 level=INFO msg=处理完成一个批次 latest_time="2026-05-08 13:00:08" latest_sender=FFFFVIP latest_message=「「我们车上五个人都 stop=false
time=2026-05-08T23:11:27.422+08:00 level=INFO msg=处理完成一个批次 latest_time="2026-05-08 12:50:06" latest_sender=干拌面过冷水 latest_message="前面三张还不如看ai生\xe6" stop=false
time=2026-05-08T23:11:29.242+08:00 level=INFO msg=处理完成一个批次 latest_time="2026-05-08 12:44:22" latest_sender=骨德猫n latest_message=分享图片 stop=false
time=2026-05-08T23:11:31.348+08:00 level=INFO msg=处理完成一个批次 latest_time="2026-05-08 12:40:10" latest_sender=Aurora白White-little-hajimi latest_message="「我一天跑个8-10公里\xe9\x83" stop=false
time=2026-05-08T23:11:32.986+08:00 level=INFO msg=处理完成一个批次 latest_time="2026-05-08 12:35:56" latest_sender=我爱吃肠粉001 latest_message="这个狗一天溜16公里是\xe4" stop=false
time=2026-05-08T23:11:34.646+08:00 level=INFO msg=处理完成一个批次 latest_time="2026-05-08 12:25:33" latest_sender=粉丝群 latest_message=涉及资金问题请务必提 stop=false
time=2026-05-08T23:11:36.449+08:00 level=INFO msg=处理完成一个批次 latest_time="2026-05-08 12:17:54" latest_sender=Aurora白White-little-hajimi latest_message=不要抄袭我的作业 stop=false
time=2026-05-08T23:11:38.581+08:00 level=INFO msg=处理完成一个批次 latest_time="2026-05-08 11:59:30" latest_sender=雨石plus latest_message=http://weibo.com/1926909715/QE stop=false
time=2026-05-08T23:11:41.437+08:00 level=INFO msg=处理完成一个批次 latest_time="2026-05-08 11:18:24" latest_sender=茴字的1970种写法 latest_message=http://weibo.com/7812127740/QE stop=false
time=2026-05-08T23:11:43.641+08:00 level=INFO msg=处理完成一个批次 latest_time="2026-05-08 10:37:03" latest_sender=茴字的1970种写法 latest_message=分享图片 stop=false
time=2026-05-08T23:11:46.072+08:00 level=INFO msg=处理完成一个批次 latest_time="2026-05-08 10:13:28" latest_sender=我亦擅绘 latest_message=他买泡泡玛特不奇怪， stop=false
time=2026-05-08T23:11:48.701+08:00 level=INFO msg=处理完成一个批次 latest_time="2026-05-08 09:54:18" latest_sender=雨石plus latest_message=袁哥牛 stop=false
time=2026-05-08T23:11:50.548+08:00 level=INFO msg=处理完成一个批次 latest_time="2026-05-08 09:46:41" latest_sender=雨石plus latest_message=昨天就说段永平买了很 stop=false
time=2026-05-08T23:11:53.469+08:00 level=INFO msg=处理完成一个批次 latest_time="2026-05-08 08:57:20" latest_sender=响当当当的铜豌豆 latest_message=「富豆姐喂饭饭了，要 stop=false
time=2026-05-08T23:11:56.383+08:00 level=INFO msg=处理完成一个批次 latest_time="2026-05-08 08:29:11" latest_sender=vb____ latest_message=早 stop=false
time=2026-05-08T23:11:58.045+08:00 level=INFO msg=处理完成一个批次 latest_time="2026-05-08 07:43:59" latest_sender=Hollyw00d latest_message=早 stop=false
time=2026-05-08T23:12:14.754+08:00 level=WARN msg="通过响应监听下载 fid 失败，尝试回退到浏览器内 fetch" fid=5296145438081592 err="timeout:Timeout 15000.00ms exceeded."
time=2026-05-08T23:12:14.871+08:00 level=WARN msg="浏览器内 fetch 下载 fid 失败" fid=5296145438081592 url="https://upload.api.weibo.com/2/mss/msget?fid=5296145438081592&source=209678993&imageType=origin&ts=1778253134754" err="TypeError: Failed to fetch"
time=2026-05-08T23:12:14.917+08:00 level=WARN msg="浏览器内 fetch 下载 fid 失败" fid=5296145438081592 url="https://upload.api.weibo.com/2/mss/msget?fid=5296145438081592&touid=4761715839862414&ts=1778253134754" err="TypeError: Failed to fetch"
time=2026-05-08T23:12:15.012+08:00 level=WARN msg="浏览器内 fetch 下载 fid 失败" fid=5296145438081592 url="https://upload.api.weibo.com/2/mss/msget?fid=5296145438081592&source=209678993&touid=4761715839862414&imageType=origin&ts=1778253134754" err="TypeError: Failed to fetch"
time=2026-05-08T23:12:15.012+08:00 level=WARN msg="浏览器内 fid 下载全部失败，尝试直接 HTTP 下载" fid=5296145438081592 err="TypeError: Failed to fetch"
time=2026-05-08T23:12:15.341+08:00 level=INFO msg="fid 媒体已通过直接 HTTP 回退下载成功" fid=5296145438081592 path=/home/duty/weibo_cron/chat_media_downloads/img_5296145438081592_茧房日报260507.pdf
time=2026-05-08T23:12:15.341+08:00 level=INFO msg=处理完成一个批次 latest_time="2026-05-08 06:59:55" latest_sender=特怕麻烦 latest_message=早 stop=false
time=2026-05-08T23:12:17.179+08:00 level=INFO msg=处理完成一个批次 latest_time="2026-05-08 03:29:50" latest_sender=拾人牙慧的复读机 latest_message=来日方长，你有机会的 stop=false
time=2026-05-08T23:12:19.646+08:00 level=INFO msg=处理完成一个批次 latest_time="2026-05-08 02:59:40" latest_sender=slackoff- latest_message="slackoff- 撤回了一条消\xe6\x81" stop=false
time=2026-05-08T23:12:21.443+08:00 level=INFO msg=处理完成一个批次 latest_time="2026-05-07 23:45:09" latest_sender=茴字的1970种写法 latest_message="对了，说起 Hamming ，他" stop=false
time=2026-05-08T23:12:23.165+08:00 level=INFO msg=处理完成一个批次 latest_time="2026-05-07 23:21:14" latest_sender=茴字的1970种写法 latest_message="Hamming 也讨论了一个和 " stop=true
time=2026-05-08T23:12:23.236+08:00 level=INFO msg=群聊历史抓取完成 new_count=1014 history_dir=/home/duty/weibo_cron/clean_history state_file=/home/duty/weibo_cron/group_chat_state.json
time=2026-05-08T23:12:25.223+08:00 level=INFO msg=群聊摘要推送完成 message_count=1
/usr/bin/xvfb-run: line 185: kill: (784524) - No such process
time=2026-05-09T23:10:04.021+08:00 level=INFO msg=群聊模式配置加载完成 config=config.groupchat.yaml
time=2026-05-09T23:10:07.927+08:00 level=INFO msg=打开微博群聊页面 url="https://api.weibo.com/chat/#/chat?check_gid=4761715839862414&source_from=11" user_data_dir=/home/duty/weibo_cron/weibo_user_data browser_channel=chrome
time=2026-05-09T23:10:08.974+08:00 level=INFO msg=如未登录，请在打开的浏览器中完成登录；程序正在等待群聊消息接口返回
time=2026-05-09T23:10:10.441+08:00 level=INFO msg=群聊页面已加载，开始抓取历史消息
time=2026-05-09T23:10:11.334+08:00 level=INFO msg=处理完成一个批次 latest_time="2026-05-09 23:04:59" latest_sender=茴字的1970种写法 latest_message=http://weibo.com/1401527553/QE stop=false
time=2026-05-09T23:10:12.047+08:00 level=INFO msg=处理完成一个批次 latest_time="2026-05-09 22:06:57" latest_sender=北角60度 latest_message="北角60度 撤回了一条消" stop=false
time=2026-05-09T23:10:13.796+08:00 level=INFO msg=处理完成一个批次 latest_time="2026-05-09 21:45:12" latest_sender=古拉TE latest_message=情绪价值到位 stop=false
time=2026-05-09T23:10:19.035+08:00 level=INFO msg=处理完成一个批次 latest_time="2026-05-09 21:02:01" latest_sender=四岚1883 latest_message=哼，渣男！ stop=false
time=2026-05-09T23:10:21.334+08:00 level=INFO msg=处理完成一个批次 latest_time="2026-05-09 20:07:00" latest_sender=有种来中路 latest_message="「图片」\n- - - - - - - - -" stop=false
time=2026-05-09T23:10:24.242+08:00 level=INFO msg=处理完成一个批次 latest_time="2026-05-09 19:50:44" latest_sender=HorcruxerzzZ latest_message=小道消息，中芯国际被 stop=false
time=2026-05-09T23:10:26.841+08:00 level=INFO msg=处理完成一个批次 latest_time="2026-05-09 17:57:25" latest_sender=亚奇奇洛贝 latest_message=[动画表情] stop=false
time=2026-05-09T23:10:28.635+08:00 level=INFO msg=处理完成一个批次 latest_time="2026-05-09 17:00:06" latest_sender=梦星河200602 latest_message=http://weibo.com/7953761169/QE stop=false
time=2026-05-09T23:10:31.301+08:00 level=INFO msg=处理完成一个批次 latest_time="2026-05-09 16:37:22" latest_sender=茴字的1970种写法 latest_message=我觉得光刻机是果而不 stop=false
time=2026-05-09T23:10:33.038+08:00 level=INFO msg=处理完成一个批次 latest_time="2026-05-09 16:08:12" latest_sender=iiiilic latest_message=「这个蛮可爱的，我很 stop=false
time=2026-05-09T23:10:35.242+08:00 level=INFO msg=处理完成一个批次 latest_time="2026-05-09 14:40:54" latest_sender=我爱吃肠粉001 latest_message=电瓶车的事故率好像是 stop=false
time=2026-05-09T23:10:37.233+08:00 level=INFO msg=处理完成一个批次 latest_time="2026-05-09 14:30:41" latest_sender=germer_123 latest_message=「月风前段时间亏麻了 stop=false
time=2026-05-09T23:10:39.077+08:00 level=INFO msg=处理完成一个批次 latest_time="2026-05-09 14:19:06" latest_sender=古拉TE latest_message="「「「微博」\n- - - - - -" stop=false
time=2026-05-09T23:10:41.800+08:00 level=INFO msg=处理完成一个批次 latest_time="2026-05-09 14:08:42" latest_sender=茴字的1970种写法 latest_message=http://weibo.com/1401527553/QE stop=false
time=2026-05-09T23:10:44.260+08:00 level=INFO msg=处理完成一个批次 latest_time="2026-05-09 13:58:55" latest_sender=梦星河200602 latest_message=「美股是上涨式崩溃， stop=false
time=2026-05-09T23:10:48.190+08:00 level=INFO msg=处理完成一个批次 latest_time="2026-05-09 13:28:08" latest_sender=自由的西瓜L latest_message=比亚迪真有脸说啊，就 stop=false
time=2026-05-09T23:10:50.406+08:00 level=INFO msg=处理完成一个批次 latest_time="2026-05-09 13:05:35" latest_sender=黄健楸 latest_message=分享图片 stop=false
time=2026-05-09T23:10:52.507+08:00 level=INFO msg=处理完成一个批次 latest_time="2026-05-09 12:30:38" latest_sender=FFFFVIP latest_message=「我看rocketlab的两个角 stop=false
time=2026-05-09T23:10:54.469+08:00 level=INFO msg=处理完成一个批次 latest_time="2026-05-09 12:15:57" latest_sender=天青色等烟雨201403 latest_message=做空永远对 stop=false
time=2026-05-09T23:10:56.660+08:00 level=INFO msg=处理完成一个批次 latest_time="2026-05-09 11:26:57" latest_sender=germer_123 latest_message="加了杠杆做空不止 100% " stop=false
time=2026-05-09T23:10:58.627+08:00 level=INFO msg=处理完成一个批次 latest_time="2026-05-09 10:50:02" latest_sender=等下就去吃饭 latest_message="等下就去吃饭 撤回了\xe4\xb8" stop=false
time=2026-05-09T23:11:01.451+08:00 level=INFO msg=处理完成一个批次 latest_time="2026-05-09 10:34:50" latest_sender=Monkey_D_Law latest_message="「图片」\n- - - - - - - - -" stop=false
time=2026-05-09T23:11:04.021+08:00 level=INFO msg=处理完成一个批次 latest_time="2026-05-09 10:20:20" latest_sender=快把大鹅炖进铁锅 latest_message=分享图片 stop=false
time=2026-05-09T23:11:06.249+08:00 level=INFO msg=处理完成一个批次 latest_time="2026-05-09 10:04:35" latest_sender=CZW2025 latest_message=就是需要确认被约谈的 stop=false
time=2026-05-09T23:11:08.647+08:00 level=INFO msg=处理完成一个批次 latest_time="2026-05-09 09:50:07" latest_sender=四岚1883 latest_message=居然还有特斯拉 stop=false
time=2026-05-09T23:11:10.612+08:00 level=INFO msg=处理完成一个批次 latest_time="2026-05-09 09:38:14" latest_sender=Monkey_D_Law latest_message=他自己也卖了不少 stop=false
time=2026-05-09T23:11:12.528+08:00 level=INFO msg=处理完成一个批次 latest_time="2026-05-09 09:30:50" latest_sender=梦星河200602 latest_message=http://weibo.com/7953761169/QD stop=false
time=2026-05-09T23:11:15.126+08:00 level=INFO msg=处理完成一个批次 latest_time="2026-05-09 09:23:24" latest_sender=梦星河200602 latest_message=分享图片 stop=false
time=2026-05-09T23:11:17.109+08:00 level=INFO msg=处理完成一个批次 latest_time="2026-05-09 09:09:12" latest_sender=我爱吃肠粉001 latest_message="「图片」\n- - - - - - - - -" stop=false
time=2026-05-09T23:11:19.478+08:00 level=INFO msg=处理完成一个批次 latest_time="2026-05-09 08:59:42" latest_sender=叫我小鸡君吧 latest_message=[动画表情] stop=false
time=2026-05-09T23:11:21.950+08:00 level=INFO msg=处理完成一个批次 latest_time="2026-05-09 08:29:30" latest_sender=小大饼 latest_message=到公司惹 stop=false
time=2026-05-09T23:11:23.665+08:00 level=INFO msg=处理完成一个批次 latest_time="2026-05-09 08:09:51" latest_sender=拾人牙慧的复读机 latest_message="拾人牙慧的复读机 撤\xe5\x9b" stop=false
time=2026-05-09T23:11:25.362+08:00 level=INFO msg=处理完成一个批次 latest_time="2026-05-09 07:27:53" latest_sender=夏天的第一口冰阔乐 latest_message=早 stop=false
time=2026-05-09T23:11:29.124+08:00 level=INFO msg=处理完成一个批次 latest_time="2026-05-09 06:51:25" latest_sender=羽化的布偶 latest_message=20 stop=false
time=2026-05-09T23:11:45.825+08:00 level=WARN msg="通过响应监听下载 fid 失败，尝试回退到浏览器内 fetch" fid=5296502122479770 err="timeout:Timeout 15000.00ms exceeded."
time=2026-05-09T23:11:45.930+08:00 level=WARN msg="浏览器内 fetch 下载 fid 失败" fid=5296502122479770 url="https://upload.api.weibo.com/2/mss/msget?fid=5296502122479770&source=209678993&imageType=origin&ts=1778339505825" err="TypeError: Failed to fetch"
time=2026-05-09T23:11:45.965+08:00 level=WARN msg="浏览器内 fetch 下载 fid 失败" fid=5296502122479770 url="https://upload.api.weibo.com/2/mss/msget?fid=5296502122479770&touid=4761715839862414&ts=1778339505825" err="TypeError: Failed to fetch"
time=2026-05-09T23:11:46.037+08:00 level=WARN msg="浏览器内 fetch 下载 fid 失败" fid=5296502122479770 url="https://upload.api.weibo.com/2/mss/msget?fid=5296502122479770&source=209678993&touid=4761715839862414&imageType=origin&ts=1778339505825" err="TypeError: Failed to fetch"
time=2026-05-09T23:11:46.037+08:00 level=WARN msg="浏览器内 fid 下载全部失败，尝试直接 HTTP 下载" fid=5296502122479770 err="TypeError: Failed to fetch"
time=2026-05-09T23:11:46.391+08:00 level=INFO msg="fid 媒体已通过直接 HTTP 回退下载成功" fid=5296502122479770 path=/home/duty/weibo_cron/chat_media_downloads/img_5296502122479770_茧房日报260508.pdf
time=2026-05-09T23:11:46.635+08:00 level=INFO msg=处理完成一个批次 latest_time="2026-05-09 05:09:10" latest_sender=粉丝群 latest_message=恭喜上浅兮若今日获得 stop=false
time=2026-05-09T23:11:53.627+08:00 level=INFO msg=处理完成一个批次 latest_time="2026-05-09 00:07:18" latest_sender=germer_123 latest_message=看着停不下来 stop=false
time=2026-05-09T23:11:55.519+08:00 level=INFO msg=处理完成一个批次 latest_time="2026-05-08 23:59:05" latest_sender=germer_123 latest_message=我靠，前几天埋伏的国 stop=true
time=2026-05-09T23:11:55.542+08:00 level=INFO msg=群聊历史抓取完成 new_count=733 history_dir=/home/duty/weibo_cron/clean_history state_file=/home/duty/weibo_cron/group_chat_state.json
time=2026-05-09T23:11:57.760+08:00 level=INFO msg=群聊摘要推送完成 message_count=1
/usr/bin/xvfb-run: line 185: kill: (802712) - No such process
time=2026-05-10T23:10:03.798+08:00 level=INFO msg=群聊模式配置加载完成 config=config.groupchat.yaml
time=2026-05-10T23:10:07.747+08:00 level=INFO msg=打开微博群聊页面 url="https://api.weibo.com/chat/#/chat?check_gid=4761715839862414&source_from=11" user_data_dir=/home/duty/weibo_cron/weibo_user_data browser_channel=chrome
time=2026-05-10T23:10:08.725+08:00 level=INFO msg=如未登录，请在打开的浏览器中完成登录；程序正在等待群聊消息接口返回
time=2026-05-10T23:10:10.078+08:00 level=INFO msg=群聊页面已加载，开始抓取历史消息
time=2026-05-10T23:10:10.226+08:00 level=INFO msg=处理完成一个批次 latest_time="2026-05-10 23:09:18" latest_sender=亚奇奇洛贝 latest_message="「微博」\n- - - - - - - - -" stop=false
time=2026-05-10T23:10:11.337+08:00 level=INFO msg=处理完成一个批次 latest_time="2026-05-10 22:07:33" latest_sender=粉丝群 latest_message=恭喜羽化的布偶今日获 stop=false
time=2026-05-10T23:10:13.127+08:00 level=INFO msg=处理完成一个批次 latest_time="2026-05-10 21:56:06" latest_sender=阿尼亚是安妮亞 latest_message=收到红包消息，请在手 stop=false
time=2026-05-10T23:10:15.370+08:00 level=INFO msg=处理完成一个批次 latest_time="2026-05-10 20:24:23" latest_sender=自由的西瓜L latest_message="担当…. 真担当起来，\xe5" stop=false
time=2026-05-10T23:10:17.380+08:00 level=INFO msg=处理完成一个批次 latest_time="2026-05-10 19:19:01" latest_sender=我爱吃肠粉001 latest_message=「「燃气灶的话，炒菜 stop=false
time=2026-05-10T23:10:19.976+08:00 level=INFO msg=处理完成一个批次 latest_time="2026-05-10 18:32:41" latest_sender=黄健楸 latest_message=看看转发？ stop=false
time=2026-05-10T23:10:21.766+08:00 level=INFO msg=处理完成一个批次 latest_time="2026-05-10 18:01:35" latest_sender=星逸几度秋_ latest_message=oppo这个影响这么大吗 stop=false
time=2026-05-10T23:10:23.548+08:00 level=INFO msg=处理完成一个批次 latest_time="2026-05-10 17:23:39" latest_sender=冰火岛的曾阿牛 latest_message=编制内老师相当于跟教 stop=false
time=2026-05-10T23:10:26.556+08:00 level=INFO msg=处理完成一个批次 latest_time="2026-05-10 17:02:48" latest_sender=拾人牙慧的复读机 latest_message="现在你还在医院吗？[\xe5\x82" stop=false
time=2026-05-10T23:10:28.618+08:00 level=INFO msg=处理完成一个批次 latest_time="2026-05-10 16:12:12" latest_sender=谢喜儿 latest_message="「图片」\n- - - - - - - - -" stop=false
time=2026-05-10T23:10:31.356+08:00 level=INFO msg=处理完成一个批次 latest_time="2026-05-10 14:39:33" latest_sender=拾人牙慧的复读机 latest_message=腾讯出过一款关于体验 stop=false
time=2026-05-10T23:10:33.872+08:00 level=INFO msg=处理完成一个批次 latest_time="2026-05-10 13:06:49" latest_sender=快把大鹅炖进铁锅 latest_message=http://weibo.com/2084561435/QE stop=false
time=2026-05-10T23:10:37.264+08:00 level=INFO msg=处理完成一个批次 latest_time="2026-05-10 12:28:21" latest_sender=深蹲三下就晕 latest_message=深圳这边上映的好像都 stop=false
time=2026-05-10T23:10:40.075+08:00 level=INFO msg=处理完成一个批次 latest_time="2026-05-10 10:39:10" latest_sender=你猜家 latest_message=早 stop=false
time=2026-05-10T23:10:41.944+08:00 level=INFO msg=处理完成一个批次 latest_time="2026-05-10 09:25:48" latest_sender=东坡酒醒还复醉 latest_message=看教主最新的微博，我 stop=false
time=2026-05-10T23:10:43.599+08:00 level=INFO msg=处理完成一个批次 latest_time="2026-05-10 08:08:48" latest_sender=s1naweib0 latest_message=早 stop=false
time=2026-05-10T23:11:00.400+08:00 level=WARN msg="通过响应监听下载 fid 失败，尝试回退到浏览器内 fetch" fid=5296862518051476 err="timeout:Timeout 15000.00ms exceeded."
time=2026-05-10T23:11:00.482+08:00 level=WARN msg="浏览器内 fetch 下载 fid 失败" fid=5296862518051476 url="https://upload.api.weibo.com/2/mss/msget?fid=5296862518051476&source=209678993&imageType=origin&ts=1778425860400" err="TypeError: Failed to fetch"
time=2026-05-10T23:11:00.536+08:00 level=WARN msg="浏览器内 fetch 下载 fid 失败" fid=5296862518051476 url="https://upload.api.weibo.com/2/mss/msget?fid=5296862518051476&touid=4761715839862414&ts=1778425860400" err="TypeError: Failed to fetch"
time=2026-05-10T23:11:00.602+08:00 level=WARN msg="浏览器内 fetch 下载 fid 失败" fid=5296862518051476 url="https://upload.api.weibo.com/2/mss/msget?fid=5296862518051476&source=209678993&touid=4761715839862414&imageType=origin&ts=1778425860400" err="TypeError: Failed to fetch"
time=2026-05-10T23:11:00.602+08:00 level=WARN msg="浏览器内 fid 下载全部失败，尝试直接 HTTP 下载" fid=5296862518051476 err="TypeError: Failed to fetch"
time=2026-05-10T23:11:00.914+08:00 level=INFO msg="fid 媒体已通过直接 HTTP 回退下载成功" fid=5296862518051476 path=/home/duty/weibo_cron/chat_media_downloads/img_5296862518051476_茧房日报260509.pdf
time=2026-05-10T23:11:02.160+08:00 level=INFO msg=处理完成一个批次 latest_time="2026-05-10 05:20:29" latest_sender=达芬奇喝冰水 latest_message=早 stop=true
time=2026-05-10T23:11:02.172+08:00 level=INFO msg=群聊历史抓取完成 new_count=334 history_dir=/home/duty/weibo_cron/clean_history state_file=/home/duty/weibo_cron/group_chat_state.json
time=2026-05-10T23:11:03.987+08:00 level=INFO msg=群聊摘要推送完成 message_count=1
/usr/bin/xvfb-run: line 185: kill: (820802) - No such process
time=2026-05-11T23:10:03.126+08:00 level=INFO msg=群聊模式配置加载完成 config=config.groupchat.yaml
time=2026-05-11T23:10:07.276+08:00 level=INFO msg=打开微博群聊页面 url="https://api.weibo.com/chat/#/chat?check_gid=4761715839862414&source_from=11" user_data_dir=/home/duty/weibo_cron/weibo_user_data browser_channel=chrome
time=2026-05-11T23:10:08.271+08:00 level=INFO msg=如未登录，请在打开的浏览器中完成登录；程序正在等待群聊消息接口返回
time=2026-05-11T23:10:09.426+08:00 level=INFO msg=群聊页面已加载，开始抓取历史消息
time=2026-05-11T23:10:09.552+08:00 level=INFO msg=处理完成一个批次 latest_time="2026-05-11 23:09:43" latest_sender=伽俐详 latest_message=我看到这些三角形第一 stop=false
time=2026-05-11T23:10:13.925+08:00 level=INFO msg=处理完成一个批次 latest_time="2026-05-11 23:02:56" latest_sender=小大饼 latest_message=看到了女同事小红书和 stop=false
time=2026-05-11T23:10:16.830+08:00 level=INFO msg=处理完成一个批次 latest_time="2026-05-11 22:45:07" latest_sender=拾人牙慧的复读机 latest_message=特朗普今晚算有个安稳 stop=false
time=2026-05-11T23:10:20.145+08:00 level=INFO msg=处理完成一个批次 latest_time="2026-05-11 21:45:20" latest_sender=四岚1883 latest_message=除了情报数据更多了， stop=false
time=2026-05-11T23:10:21.832+08:00 level=INFO msg=处理完成一个批次 latest_time="2026-05-11 21:25:44" latest_sender=星逸几度秋_ latest_message=包括那个最近最爆的中 stop=false
time=2026-05-11T23:10:23.962+08:00 level=INFO msg=处理完成一个批次 latest_time="2026-05-11 21:15:37" latest_sender=粉丝群 latest_message="@nowyout... 是本轮最佳手" stop=false
time=2026-05-11T23:10:27.061+08:00 level=INFO msg=处理完成一个批次 latest_time="2026-05-11 21:13:05" latest_sender=HorcruxerzzZ latest_message=我觉得我可以多收集一 stop=false
time=2026-05-11T23:10:28.968+08:00 level=INFO msg=处理完成一个批次 latest_time="2026-05-11 20:46:41" latest_sender=自由的西瓜L latest_message=http://weibo.com/7782629809/QE stop=false
time=2026-05-11T23:10:30.658+08:00 level=INFO msg=处理完成一个批次 latest_time="2026-05-11 20:24:28" latest_sender=十月的米兰 latest_message=怎么没人做个白蚁小程 stop=false
time=2026-05-11T23:10:35.353+08:00 level=INFO msg=处理完成一个批次 latest_time="2026-05-11 19:59:54" latest_sender=星逸几度秋_ latest_message="「商业航天」\n- - - - - -" stop=false
time=2026-05-11T23:10:36.973+08:00 level=INFO msg=处理完成一个批次 latest_time="2026-05-11 19:45:12" latest_sender=FFFFVIP latest_message=工具只是辅助，原始资 stop=false
time=2026-05-11T23:10:39.746+08:00 level=INFO msg=处理完成一个批次 latest_time="2026-05-11 19:41:34" latest_sender=羽化的布偶 latest_message=「做白糖的建议看一下 stop=false
time=2026-05-11T23:10:41.444+08:00 level=INFO msg=处理完成一个批次 latest_time="2026-05-11 19:35:09" latest_sender=梦星河200602 latest_message=甲方就不花钱，那还行 stop=false
time=2026-05-11T23:10:43.104+08:00 level=INFO msg=处理完成一个批次 latest_time="2026-05-11 19:22:59" latest_sender=HorcruxerzzZ latest_message=小赚150刀零花钱，开心 stop=false
time=2026-05-11T23:10:44.966+08:00 level=INFO msg=处理完成一个批次 latest_time="2026-05-11 19:21:02" latest_sender=FFFFVIP latest_message=商业航天 stop=false
time=2026-05-11T23:10:46.757+08:00 level=INFO msg=处理完成一个批次 latest_time="2026-05-11 19:04:53" latest_sender=梦星河200602 latest_message="今天金价 1025，等于一\xe5" stop=false
time=2026-05-11T23:10:49.000+08:00 level=INFO msg=处理完成一个批次 latest_time="2026-05-11 18:13:29" latest_sender=我爱吃肠粉001 latest_message="「图片」\n- - - - - - - - -" stop=false
time=2026-05-11T23:10:52.056+08:00 level=INFO msg=处理完成一个批次 latest_time="2026-05-11 17:44:08" latest_sender=羽化的布偶 latest_message=梵克雅宝 stop=false
time=2026-05-11T23:10:53.670+08:00 level=INFO msg=处理完成一个批次 latest_time="2026-05-11 17:34:00" latest_sender=胖达心态要好 latest_message=有点意思，大伙可以体 stop=false
time=2026-05-11T23:10:55.299+08:00 level=INFO msg=处理完成一个批次 latest_time="2026-05-11 16:56:50" latest_sender=黄健楸 latest_message=「天气热了，我宫热开 stop=false
time=2026-05-11T23:10:56.995+08:00 level=INFO msg=处理完成一个批次 latest_time="2026-05-11 16:18:31" latest_sender=黄健楸 latest_message=还是自己测着看新房情 stop=false
time=2026-05-11T23:10:58.844+08:00 level=INFO msg=处理完成一个批次 latest_time="2026-05-11 16:10:18" latest_sender=NinoS1 latest_message="0.07元，@寻孤找读者_ \xe8\xbf" stop=false
time=2026-05-11T23:11:02.037+08:00 level=INFO msg=处理完成一个批次 latest_time="2026-05-11 15:19:34" latest_sender=羽化的布偶 latest_message="「微博」\n- - - - - - - - -" stop=false
time=2026-05-11T23:11:09.472+08:00 level=INFO msg=处理完成一个批次 latest_time="2026-05-11 14:13:54" latest_sender=畅曰 latest_message=「「麦当劳这公司的股 stop=false
time=2026-05-11T23:11:11.392+08:00 level=INFO msg=处理完成一个批次 latest_time="2026-05-11 13:28:38" latest_sender=冰火岛的曾阿牛 latest_message="「微博」\n- - - - - - - - -" stop=false
time=2026-05-11T23:11:14.175+08:00 level=INFO msg=处理完成一个批次 latest_time="2026-05-11 12:28:08" latest_sender=梦星河200602 latest_message="「「@梦星河200602:mu 换\xe6" stop=false
time=2026-05-11T23:11:15.824+08:00 level=INFO msg=处理完成一个批次 latest_time="2026-05-11 11:33:57" latest_sender=等下就去吃饭 latest_message="光迅今年来上涨了170%\xe2\x80" stop=false
time=2026-05-11T23:11:18.244+08:00 level=INFO msg=处理完成一个批次 latest_time="2026-05-11 10:45:06" latest_sender=复数枝桠 latest_message=http://weibo.com/1728715190/QE stop=false
time=2026-05-11T23:11:20.220+08:00 level=INFO msg=处理完成一个批次 latest_time="2026-05-11 09:48:45" latest_sender=铜冰鉴43228 latest_message=额度减1 stop=false
time=2026-05-11T23:11:36.925+08:00 level=WARN msg="通过响应监听下载 fid 失败，尝试回退到浏览器内 fetch" fid=5297310977230396 err="timeout:Timeout 15000.00ms exceeded."
time=2026-05-11T23:11:37.022+08:00 level=WARN msg="浏览器内 fetch 下载 fid 失败" fid=5297310977230396 url="https://upload.api.weibo.com/2/mss/msget?fid=5297310977230396&source=209678993&imageType=origin&ts=1778512296925" err="TypeError: Failed to fetch"
time=2026-05-11T23:11:37.284+08:00 level=WARN msg="浏览器内 fetch 下载 fid 失败" fid=5297310977230396 url="https://upload.api.weibo.com/2/mss/msget?fid=5297310977230396&touid=4761715839862414&ts=1778512296925" err="TypeError: Failed to fetch"
time=2026-05-11T23:11:37.364+08:00 level=WARN msg="浏览器内 fetch 下载 fid 失败" fid=5297310977230396 url="https://upload.api.weibo.com/2/mss/msget?fid=5297310977230396&source=209678993&touid=4761715839862414&imageType=origin&ts=1778512296925" err="TypeError: Failed to fetch"
time=2026-05-11T23:11:37.364+08:00 level=WARN msg="浏览器内 fid 下载全部失败，尝试直接 HTTP 下载" fid=5297310977230396 err="TypeError: Failed to fetch"
time=2026-05-11T23:11:37.750+08:00 level=INFO msg="fid 媒体已通过直接 HTTP 回退下载成功" fid=5297310977230396 path=/home/duty/weibo_cron/chat_media_downloads/img_5297310977230396_七日丝_260510.pdf
time=2026-05-11T23:11:38.994+08:00 level=INFO msg=处理完成一个批次 latest_time="2026-05-11 09:08:07" latest_sender=FFFFVIP latest_message=http://weibo.com/2868676035/QE stop=false
time=2026-05-11T23:11:40.652+08:00 level=INFO msg=处理完成一个批次 latest_time="2026-05-11 08:26:58" latest_sender=Hollyw00d latest_message=我发现window解决蓝屏故 stop=false
time=2026-05-11T23:11:42.293+08:00 level=INFO msg=处理完成一个批次 latest_time="2026-05-11 07:29:12" latest_sender=返约之渊 latest_message=早 stop=false
time=2026-05-11T23:11:59.012+08:00 level=WARN msg="通过响应监听下载 fid 失败，尝试回退到浏览器内 fetch" fid=5297224957297020 err="timeout:Timeout 15000.00ms exceeded."
time=2026-05-11T23:11:59.088+08:00 level=WARN msg="浏览器内 fetch 下载 fid 失败" fid=5297224957297020 url="https://upload.api.weibo.com/2/mss/msget?fid=5297224957297020&source=209678993&imageType=origin&ts=1778512319012" err="TypeError: Failed to fetch"
time=2026-05-11T23:11:59.128+08:00 level=WARN msg="浏览器内 fetch 下载 fid 失败" fid=5297224957297020 url="https://upload.api.weibo.com/2/mss/msget?fid=5297224957297020&touid=4761715839862414&ts=1778512319012" err="TypeError: Failed to fetch"
time=2026-05-11T23:11:59.238+08:00 level=WARN msg="浏览器内 fetch 下载 fid 失败" fid=5297224957297020 url="https://upload.api.weibo.com/2/mss/msget?fid=5297224957297020&source=209678993&touid=4761715839862414&imageType=origin&ts=1778512319012" err="TypeError: Failed to fetch"
time=2026-05-11T23:11:59.238+08:00 level=WARN msg="浏览器内 fid 下载全部失败，尝试直接 HTTP 下载" fid=5297224957297020 err="TypeError: Failed to fetch"
time=2026-05-11T23:11:59.325+08:00 level=INFO msg="fid 媒体已通过直接 HTTP 回退下载成功" fid=5297224957297020 path=/home/duty/weibo_cron/chat_media_downloads/img_5297224957297020_茧房日报260510.pdf
time=2026-05-11T23:12:02.959+08:00 level=INFO msg=处理完成一个批次 latest_time="2026-05-11 06:26:34" latest_sender=达芬奇喝冰水 latest_message=早 stop=false
time=2026-05-11T23:12:05.248+08:00 level=INFO msg=处理完成一个批次 latest_time="2026-05-10 23:52:46" latest_sender=书包会唱歌呀 latest_message="嗯嗯。4天熟食冷藏时\xe9\x97" stop=false
time=2026-05-11T23:12:07.291+08:00 level=INFO msg=处理完成一个批次 latest_time="2026-05-10 23:28:21" latest_sender=小大饼 latest_message=啊啊啊啊啊啊啊真好啊 stop=true
time=2026-05-11T23:12:07.316+08:00 level=INFO msg=群聊历史抓取完成 new_count=699 history_dir=/home/duty/weibo_cron/clean_history state_file=/home/duty/weibo_cron/group_chat_state.json
time=2026-05-11T23:12:13.941+08:00 level=INFO msg=群聊摘要推送完成 message_count=1
/usr/bin/xvfb-run: line 185: kill: (838830) - No such process
time=2026-05-12T23:10:03.898+08:00 level=INFO msg=群聊模式配置加载完成 config=config.groupchat.yaml
time=2026-05-12T23:10:08.005+08:00 level=INFO msg=打开微博群聊页面 url="https://api.weibo.com/chat/#/chat?check_gid=4761715839862414&source_from=11" user_data_dir=/home/duty/weibo_cron/weibo_user_data browser_channel=chrome
time=2026-05-12T23:10:08.946+08:00 level=INFO msg=如未登录，请在打开的浏览器中完成登录；程序正在等待群聊消息接口返回
time=2026-05-12T23:10:10.248+08:00 level=INFO msg=群聊页面已加载，开始抓取历史消息
time=2026-05-12T23:10:10.369+08:00 level=INFO msg=处理完成一个批次 latest_time="2026-05-12 23:08:11" latest_sender=丶安和桥南 latest_message=「「今天看张小珺采访 stop=false
time=2026-05-12T23:10:10.840+08:00 level=INFO msg=处理完成一个批次 latest_time="2026-05-12 22:57:34" latest_sender=谢喜儿 latest_message=http://weibo.com/1401527553/PB stop=false
time=2026-05-12T23:10:16.336+08:00 level=INFO msg=处理完成一个批次 latest_time="2026-05-12 22:43:57" latest_sender=我爱吃肠粉001 latest_message="ai生成视频感觉太累了\xef" stop=false
time=2026-05-12T23:10:19.911+08:00 level=INFO msg=处理完成一个批次 latest_time="2026-05-12 22:34:42" latest_sender=我爱吃肠粉001 latest_message="1.60元，@阿尼亚是安妮\xe4" stop=false
time=2026-05-12T23:10:21.845+08:00 level=INFO msg=处理完成一个批次 latest_time="2026-05-12 22:22:28" latest_sender=在公车上吃花生酱的浣熊 latest_message=饼老师请阿尼亚解梦 stop=false
time=2026-05-12T23:10:24.479+08:00 level=INFO msg=处理完成一个批次 latest_time="2026-05-12 22:16:37" latest_sender=tombkeeper latest_message=我正在做这个视频 stop=false
time=2026-05-12T23:10:27.576+08:00 level=INFO msg=处理完成一个批次 latest_time="2026-05-12 21:45:59" latest_sender=小大饼 latest_message=那不可能，我们还没发 stop=false
time=2026-05-12T23:10:29.598+08:00 level=INFO msg=处理完成一个批次 latest_time="2026-05-12 21:28:41" latest_sender=Jane王师傅 latest_message=[doge] stop=false
time=2026-05-12T23:10:36.361+08:00 level=INFO msg=处理完成一个批次 latest_time="2026-05-12 20:47:33" latest_sender=SnowChou latest_message=刘先生威武 stop=false
time=2026-05-12T23:10:38.005+08:00 level=INFO msg=处理完成一个批次 latest_time="2026-05-12 20:08:27" latest_sender=谢喜儿 latest_message=「群友可能是想说春熙 stop=false
time=2026-05-12T23:10:40.904+08:00 level=INFO msg=处理完成一个批次 latest_time="2026-05-12 19:35:03" latest_sender=铜冰鉴43228 latest_message=分享视频 stop=false
time=2026-05-12T23:10:44.037+08:00 level=INFO msg=处理完成一个批次 latest_time="2026-05-12 19:16:53" latest_sender=古拉TE latest_message=「不沾平底锅煎了一个 stop=false
time=2026-05-12T23:10:46.397+08:00 level=INFO msg=处理完成一个批次 latest_time="2026-05-12 19:03:34" latest_sender=羽化的布偶 latest_message=当时隋炀帝是东都洛阳 stop=false
time=2026-05-12T23:10:49.185+08:00 level=INFO msg=处理完成一个批次 latest_time="2026-05-12 18:52:28" latest_sender=羽化的布偶 latest_message=发现隋炀帝就开始征高 stop=false
time=2026-05-12T23:10:51.100+08:00 level=INFO msg=处理完成一个批次 latest_time="2026-05-12 18:17:34" latest_sender=等下就去吃饭 latest_message=http://weibo.com/1421019895/QD stop=false
time=2026-05-12T23:10:53.077+08:00 level=INFO msg=处理完成一个批次 latest_time="2026-05-12 17:57:32" latest_sender=亚奇奇洛贝 latest_message=大饼要出道了啊 stop=false
time=2026-05-12T23:11:09.826+08:00 level=WARN msg="通过响应监听下载 fid 失败，尝试回退到浏览器内 fetch" fid=5297794056716626 err="timeout:Timeout 15000.00ms exceeded."
time=2026-05-12T23:11:09.925+08:00 level=WARN msg="浏览器内 fetch 下载 fid 失败" fid=5297794056716626 url="https://upload.api.weibo.com/2/mss/msget?fid=5297794056716626&source=209678993&imageType=origin&ts=1778598669826" err="TypeError: Failed to fetch"
time=2026-05-12T23:11:10.197+08:00 level=WARN msg="浏览器内 fetch 下载 fid 失败" fid=5297794056716626 url="https://upload.api.weibo.com/2/mss/msget?fid=5297794056716626&touid=4761715839862414&ts=1778598669826" err="TypeError: Failed to fetch"
time=2026-05-12T23:11:10.286+08:00 level=WARN msg="浏览器内 fetch 下载 fid 失败" fid=5297794056716626 url="https://upload.api.weibo.com/2/mss/msget?fid=5297794056716626&source=209678993&touid=4761715839862414&imageType=origin&ts=1778598669826" err="TypeError: Failed to fetch"
time=2026-05-12T23:11:10.286+08:00 level=WARN msg="浏览器内 fid 下载全部失败，尝试直接 HTTP 下载" fid=5297794056716626 err="TypeError: Failed to fetch"
time=2026-05-12T23:11:16.369+08:00 level=INFO msg="fid 媒体已通过直接 HTTP 回退下载成功" fid=5297794056716626 path="/home/duty/weibo_cron/chat_media_downloads/img_5297794056716626_论中国信息技术产业发展 (江泽民).pdf"
time=2026-05-12T23:11:16.370+08:00 level=INFO msg=处理完成一个批次 latest_time="2026-05-12 17:35:50" latest_sender=羽化的布偶 latest_message=「「「“人是可以通过 stop=false
time=2026-05-12T23:11:18.602+08:00 level=INFO msg=处理完成一个批次 latest_time="2026-05-12 16:52:24" latest_sender=星逸几度秋_ latest_message=「月风起死回生，力挽 stop=false
time=2026-05-12T23:11:20.568+08:00 level=INFO msg=处理完成一个批次 latest_time="2026-05-12 15:57:56" latest_sender=同学没吃药吧 latest_message=[动画表情] stop=false
time=2026-05-12T23:11:22.374+08:00 level=INFO msg=处理完成一个批次 latest_time="2026-05-12 14:07:00" latest_sender=___RANI___ latest_message=出去玩住旅店，带狗只 stop=false
time=2026-05-12T23:11:24.002+08:00 level=INFO msg=处理完成一个批次 latest_time="2026-05-12 13:51:55" latest_sender=tombkeeper latest_message=天下事情道理都一样的 stop=false
time=2026-05-12T23:11:26.524+08:00 level=INFO msg=处理完成一个批次 latest_time="2026-05-12 13:45:28" latest_sender=北角60度 latest_message=有一个女主持可以采访 stop=false
time=2026-05-12T23:11:30.803+08:00 level=INFO msg=处理完成一个批次 latest_time="2026-05-12 13:34:09" latest_sender=阿特拉在雪山 latest_message="「视频」\n- - - - - - - - -" stop=false
time=2026-05-12T23:11:33.490+08:00 level=INFO msg=处理完成一个批次 latest_time="2026-05-12 13:19:08" latest_sender=谢喜儿 latest_message="「图片」\n- - - - - - - - -" stop=false
time=2026-05-12T23:11:35.536+08:00 level=INFO msg=处理完成一个批次 latest_time="2026-05-12 12:59:08" latest_sender=FFFFVIP latest_message="「「「@拱bot:张小珺为\xe4" stop=false
time=2026-05-12T23:11:37.849+08:00 level=INFO msg=处理完成一个批次 latest_time="2026-05-12 12:40:06" latest_sender=不吃西红柿会死星人 latest_message="现在AI游戏编程还是不\xe5" stop=false
time=2026-05-12T23:11:40.185+08:00 level=INFO msg=处理完成一个批次 latest_time="2026-05-12 12:24:40" latest_sender=SnowChou latest_message="「@复数枝桠 建议隔三\xe5" stop=false
time=2026-05-12T23:11:42.233+08:00 level=INFO msg=处理完成一个批次 latest_time="2026-05-12 11:34:56" latest_sender=粉丝群 latest_message=涉及资金问题请务必提 stop=false
time=2026-05-12T23:11:44.482+08:00 level=INFO msg=处理完成一个批次 latest_time="2026-05-12 11:21:10" latest_sender=亲爱的L先森 latest_message=分享图片 stop=false
time=2026-05-12T23:11:46.333+08:00 level=INFO msg=处理完成一个批次 latest_time="2026-05-12 10:51:11" latest_sender=o0李筱楼0o latest_message="「「感谢tk老师推荐的\xe3" stop=false
time=2026-05-12T23:11:48.365+08:00 level=INFO msg=处理完成一个批次 latest_time="2026-05-12 10:43:22" latest_sender=梦星河200602 latest_message=复哥是真的厉害 stop=false
time=2026-05-12T23:11:51.172+08:00 level=INFO msg=处理完成一个批次 latest_time="2026-05-12 10:39:10" latest_sender=响当当当的铜豌豆 latest_message="「图片」\n- - - - - - - - -" stop=false
time=2026-05-12T23:12:08.021+08:00 level=WARN msg="通过响应监听下载 fid 失败，尝试回退到浏览器内 fetch" fid=5297696459457503 err="timeout:Timeout 15000.00ms exceeded."
time=2026-05-12T23:12:08.108+08:00 level=WARN msg="浏览器内 fetch 下载 fid 失败" fid=5297696459457503 url="https://upload.api.weibo.com/2/mss/msget?fid=5297696459457503&source=209678993&imageType=origin&ts=1778598728021" err="TypeError: Failed to fetch"
time=2026-05-12T23:12:08.152+08:00 level=WARN msg="浏览器内 fetch 下载 fid 失败" fid=5297696459457503 url="https://upload.api.weibo.com/2/mss/msget?fid=5297696459457503&touid=4761715839862414&ts=1778598728021" err="TypeError: Failed to fetch"
time=2026-05-12T23:12:08.267+08:00 level=WARN msg="浏览器内 fetch 下载 fid 失败" fid=5297696459457503 url="https://upload.api.weibo.com/2/mss/msget?fid=5297696459457503&source=209678993&touid=4761715839862414&imageType=origin&ts=1778598728021" err="TypeError: Failed to fetch"
time=2026-05-12T23:12:08.267+08:00 level=WARN msg="浏览器内 fid 下载全部失败，尝试直接 HTTP 下载" fid=5297696459457503 err="TypeError: Failed to fetch"
time=2026-05-12T23:12:08.552+08:00 level=INFO msg="fid 媒体已通过直接 HTTP 回退下载成功" fid=5297696459457503 path=/home/duty/weibo_cron/chat_media_downloads/img_5297696459457503_茧房日报260511_refined.pdf
time=2026-05-12T23:12:09.385+08:00 level=INFO msg=处理完成一个批次 latest_time="2026-05-12 10:31:21" latest_sender=猛恰三大碗 latest_message=[动画表情] stop=false
time=2026-05-12T23:12:12.329+08:00 level=INFO msg=处理完成一个批次 latest_time="2026-05-12 10:15:32" latest_sender=拱bot latest_message=分享图片 stop=false
time=2026-05-12T23:12:15.265+08:00 level=INFO msg=处理完成一个批次 latest_time="2026-05-12 09:59:53" latest_sender=梦星河200602 latest_message=旭创1000了 stop=false
time=2026-05-12T23:12:17.841+08:00 level=INFO msg=处理完成一个批次 latest_time="2026-05-12 09:53:38" latest_sender=北角60度 latest_message="北角60度 撤回了一条消" stop=false
time=2026-05-12T23:12:20.266+08:00 level=INFO msg=处理完成一个批次 latest_time="2026-05-12 09:44:07" latest_sender=一丛韭菜 latest_message=「讨论上下文，是目前 stop=false
time=2026-05-12T23:12:23.563+08:00 level=INFO msg=处理完成一个批次 latest_time="2026-05-12 09:36:21" latest_sender=有种来中路 latest_message=骂过几次以后，老实多 stop=false
time=2026-05-12T23:12:25.410+08:00 level=INFO msg=处理完成一个批次 latest_time="2026-05-12 09:22:10" latest_sender=四岚1883 latest_message="喜欢这种冷冰冰风格\xf0\x9f\xa5" stop=false
time=2026-05-12T23:12:28.247+08:00 level=INFO msg=处理完成一个批次 latest_time="2026-05-12 09:02:08" latest_sender=一只方阿 latest_message=政委早 stop=false
time=2026-05-12T23:12:29.936+08:00 level=INFO msg=处理完成一个批次 latest_time="2026-05-12 07:59:26" latest_sender=_morelight latest_message=早 stop=false
time=2026-05-12T23:12:46.878+08:00 level=WARN msg="通过响应监听下载 fid 失败，尝试回退到浏览器内 fetch" fid=5297587596034591 err="timeout:Timeout 15000.00ms exceeded."
time=2026-05-12T23:12:46.968+08:00 level=WARN msg="浏览器内 fetch 下载 fid 失败" fid=5297587596034591 url="https://upload.api.weibo.com/2/mss/msget?fid=5297587596034591&source=209678993&imageType=origin&ts=1778598766878" err="TypeError: Failed to fetch"
time=2026-05-12T23:12:47.013+08:00 level=WARN msg="浏览器内 fetch 下载 fid 失败" fid=5297587596034591 url="https://upload.api.weibo.com/2/mss/msget?fid=5297587596034591&touid=4761715839862414&ts=1778598766878" err="TypeError: Failed to fetch"
time=2026-05-12T23:12:47.096+08:00 level=WARN msg="浏览器内 fetch 下载 fid 失败" fid=5297587596034591 url="https://upload.api.weibo.com/2/mss/msget?fid=5297587596034591&source=209678993&touid=4761715839862414&imageType=origin&ts=1778598766878" err="TypeError: Failed to fetch"
time=2026-05-12T23:12:47.096+08:00 level=WARN msg="浏览器内 fid 下载全部失败，尝试直接 HTTP 下载" fid=5297587596034591 err="TypeError: Failed to fetch"
time=2026-05-12T23:12:47.291+08:00 level=INFO msg="fid 媒体已通过直接 HTTP 回退下载成功" fid=5297587596034591 path=/home/duty/weibo_cron/chat_media_downloads/img_5297587596034591_茧房日报260511.pdf
time=2026-05-12T23:12:47.538+08:00 level=INFO msg=处理完成一个批次 latest_time="2026-05-12 07:07:29" latest_sender=你猜家 latest_message=早 stop=false
time=2026-05-12T23:12:49.675+08:00 level=INFO msg=处理完成一个批次 latest_time="2026-05-12 00:25:00" latest_sender=用户6937199137 latest_message=http://weibo.com/1560906700/QE stop=false
time=2026-05-12T23:12:51.430+08:00 level=INFO msg=处理完成一个批次 latest_time="2026-05-11 23:44:45" latest_sender=o0李筱楼0o latest_message=「量化对基础设施要求 stop=false
time=2026-05-12T23:12:53.763+08:00 level=INFO msg=处理完成一个批次 latest_time="2026-05-11 23:32:52" latest_sender=霍呀_界个月亮好圆- latest_message=分享图片 stop=false
time=2026-05-12T23:12:55.678+08:00 level=INFO msg=处理完成一个批次 latest_time="2026-05-11 23:23:50" latest_sender=古拉TE latest_message=「像拉姐自己是复旦的 stop=false
time=2026-05-12T23:12:58.189+08:00 level=INFO msg=处理完成一个批次 latest_time="2026-05-11 23:17:23" latest_sender=o0李筱楼0o latest_message=以前群友推荐过的冰淇 stop=false
time=2026-05-12T23:12:59.809+08:00 level=INFO msg=处理完成一个批次 latest_time="2026-05-11 23:13:21" latest_sender=古拉TE latest_message=「我自己解题比较在意 stop=true
time=2026-05-12T23:12:59.849+08:00 level=INFO msg=群聊历史抓取完成 new_count=948 history_dir=/home/duty/weibo_cron/clean_history state_file=/home/duty/weibo_cron/group_chat_state.json
time=2026-05-12T23:13:15.893+08:00 level=WARN msg="跳过不存在的 Telegram 媒体文件" path="/home/duty/weibo_cron/chat_media_downloads/img_5297875388732468_Generated Image May 12" err="stat /home/duty/weibo_cron/chat_media_downloads/img_5297875388732468_Generated Image May 12: no such file or directory"
time=2026-05-12T23:13:15.893+08:00 level=WARN msg="跳过不存在的 Telegram 媒体文件" path="2026 - 9_50PM.jpg" err="stat 2026 - 9_50PM.jpg: no such file or directory"
time=2026-05-12T23:13:17.103+08:00 level=INFO msg=群聊摘要推送完成 message_count=1
/usr/bin/xvfb-run: line 185: kill: (856995) - No such process
time=2026-05-13T23:10:03.890+08:00 level=INFO msg=群聊模式配置加载完成 config=config.groupchat.yaml
time=2026-05-13T23:10:08.040+08:00 level=INFO msg=打开微博群聊页面 url="https://api.weibo.com/chat/#/chat?check_gid=4761715839862414&source_from=11" user_data_dir=/home/duty/weibo_cron/weibo_user_data browser_channel=chrome
time=2026-05-13T23:10:09.038+08:00 level=INFO msg=如未登录，请在打开的浏览器中完成登录；程序正在等待群聊消息接口返回
time=2026-05-13T23:10:10.232+08:00 level=INFO msg=群聊页面已加载，开始抓取历史消息
time=2026-05-13T23:10:10.876+08:00 level=INFO msg=处理完成一个批次 latest_time="2026-05-13 23:02:18" latest_sender=Afeeeer latest_message=峰哥居然复活了 stop=false
time=2026-05-13T23:10:11.354+08:00 level=INFO msg=处理完成一个批次 latest_time="2026-05-13 22:25:16" latest_sender=羽化的布偶 latest_message="「图片」\n- - - - - - - - -" stop=false
time=2026-05-13T23:10:13.028+08:00 level=INFO msg=处理完成一个批次 latest_time="2026-05-13 22:15:21" latest_sender=等下就去吃饭 latest_message="「买一手BABA Call 20270618" stop=false
time=2026-05-13T23:10:14.760+08:00 level=INFO msg=处理完成一个批次 latest_time="2026-05-13 22:00:59" latest_sender=万物既渺小又伟大 latest_message=CPU跌了 stop=false
time=2026-05-13T23:10:16.603+08:00 level=INFO msg=处理完成一个批次 latest_time="2026-05-13 21:38:18" latest_sender=茴字的1970种写法 latest_message=还有猪鼻子。 stop=false
time=2026-05-13T23:10:22.155+08:00 level=INFO msg=处理完成一个批次 latest_time="2026-05-13 21:18:17" latest_sender=十月的米兰 latest_message=「如果你说靠不靠谱是 stop=false
time=2026-05-13T23:10:23.782+08:00 level=INFO msg=处理完成一个批次 latest_time="2026-05-13 20:51:00" latest_sender=蓦回溯光 latest_message=现在药企出海也是卖管 stop=false
time=2026-05-13T23:10:26.240+08:00 level=INFO msg=处理完成一个批次 latest_time="2026-05-13 20:33:09" latest_sender=蓦回溯光 latest_message=举个简单的例子，现在 stop=false
time=2026-05-13T23:10:29.060+08:00 level=INFO msg=处理完成一个批次 latest_time="2026-05-13 20:22:44" latest_sender=Aurora白White-little-hajimi latest_message="「@黄健楸:不待沙东就\xe8" stop=false
time=2026-05-13T23:10:30.887+08:00 level=INFO msg=处理完成一个批次 latest_time="2026-05-13 20:16:05" latest_sender=拾人牙慧的复读机 latest_message="拾人牙慧的复读机 撤\xe5\x9b" stop=false
time=2026-05-13T23:10:32.938+08:00 level=INFO msg=处理完成一个批次 latest_time="2026-05-13 19:55:25" latest_sender=HorcruxerzzZ latest_message="我挂了明天的+9.9，能\xe8\xb5" stop=false
time=2026-05-13T23:10:34.634+08:00 level=INFO msg=处理完成一个批次 latest_time="2026-05-13 19:33:44" latest_sender=蓦回溯光 latest_message=去年吧好像，bluebird的a stop=false
time=2026-05-13T23:10:36.966+08:00 level=INFO msg=处理完成一个批次 latest_time="2026-05-13 19:20:44" latest_sender=等下就去吃饭 latest_message="DeepSeek里直接输入 <think" stop=false
time=2026-05-13T23:10:39.709+08:00 level=INFO msg=处理完成一个批次 latest_time="2026-05-13 18:51:35" latest_sender=勇敢积极的24号反派 latest_message="「听群友的买了点RKLB\xef\xbc" stop=false
time=2026-05-13T23:10:41.682+08:00 level=INFO msg=处理完成一个批次 latest_time="2026-05-13 17:25:06" latest_sender=architect645 latest_message=http://weibo.com/1560906700/QF stop=false
time=2026-05-13T23:10:43.674+08:00 level=INFO msg=处理完成一个批次 latest_time="2026-05-13 16:37:29" latest_sender=小鹿纯子买咸酸 latest_message=醒醒，大统领喜欢吃牡 stop=false
time=2026-05-13T23:10:47.089+08:00 level=INFO msg=处理完成一个批次 latest_time="2026-05-13 15:59:44" latest_sender=CADgen的肉身 latest_message=早上低开选择了止盈， stop=false
time=2026-05-13T23:10:51.168+08:00 level=INFO msg=处理完成一个批次 latest_time="2026-05-13 15:28:36" latest_sender=四岚1883 latest_message=噢，图片内容确实是瞎 stop=false
time=2026-05-13T23:10:54.336+08:00 level=INFO msg=处理完成一个批次 latest_time="2026-05-13 15:04:59" latest_sender=yyyaaa7 latest_message=哈哈哈哈哈哈哈哈哈 stop=false
time=2026-05-13T23:10:56.850+08:00 level=INFO msg=处理完成一个批次 latest_time="2026-05-13 14:45:03" latest_sender=CZW2025 latest_message=分享图片 stop=false
time=2026-05-13T23:10:59.336+08:00 level=INFO msg=处理完成一个批次 latest_time="2026-05-13 13:51:21" latest_sender=四岚1883 latest_message=主要是大饼的反馈信号 stop=false
time=2026-05-13T23:11:02.287+08:00 level=INFO msg=处理完成一个批次 latest_time="2026-05-13 12:59:38" latest_sender=FFFFVIP latest_message=http://weibo.com/5505556292/QF stop=false
time=2026-05-13T23:11:04.015+08:00 level=INFO msg=处理完成一个批次 latest_time="2026-05-13 12:34:39" latest_sender=春天小羚羊 latest_message=浴室如果是头发多该用 stop=false
time=2026-05-13T23:11:05.923+08:00 level=INFO msg=处理完成一个批次 latest_time="2026-05-13 12:12:09" latest_sender=用户730122160588 latest_message=听过有些评价就是百度 stop=false
time=2026-05-13T23:11:07.893+08:00 level=INFO msg=处理完成一个批次 latest_time="2026-05-13 12:00:14" latest_sender=梦星河200602 latest_message=「吸血好像解释不通其 stop=false
time=2026-05-13T23:11:10.097+08:00 level=INFO msg=处理完成一个批次 latest_time="2026-05-13 11:37:48" latest_sender=羽化的布偶 latest_message="空仓和[/ee88aa.png]仓是\xe7\xbb" stop=false
time=2026-05-13T23:11:12.205+08:00 level=INFO msg=处理完成一个批次 latest_time="2026-05-13 11:25:14" latest_sender=我爱吃肠粉001 latest_message=分享图片 stop=false
time=2026-05-13T23:11:15.276+08:00 level=INFO msg=处理完成一个批次 latest_time="2026-05-13 11:03:08" latest_sender=SnowChou latest_message="原来TK几年前就推荐过\xe3" stop=false
time=2026-05-13T23:11:18.809+08:00 level=INFO msg=处理完成一个批次 latest_time="2026-05-13 10:49:58" latest_sender=SnowChou latest_message=「今天看张小珺采访里 stop=false
time=2026-05-13T23:11:21.767+08:00 level=INFO msg=处理完成一个批次 latest_time="2026-05-13 10:31:25" latest_sender=小大饼 latest_message=我啥时候有机会登上空 stop=false
time=2026-05-13T23:11:24.678+08:00 level=INFO msg=处理完成一个批次 latest_time="2026-05-13 10:20:51" latest_sender=四岚1883 latest_message=分享图片 stop=false
time=2026-05-13T23:11:26.898+08:00 level=INFO msg=处理完成一个批次 latest_time="2026-05-13 10:08:55" latest_sender=咚咚呛2019 latest_message=「记得之前说过碱性和 stop=false
time=2026-05-13T23:11:29.465+08:00 level=INFO msg=处理完成一个批次 latest_time="2026-05-13 09:49:03" latest_sender=万物既渺小又伟大 latest_message=不敢上车，每天都有机 stop=false
time=2026-05-13T23:11:31.266+08:00 level=INFO msg=处理完成一个批次 latest_time="2026-05-13 09:05:43" latest_sender=小大饼 latest_message="「「「@小大饼 以前遇\xe5" stop=false
time=2026-05-13T23:11:34.067+08:00 level=INFO msg=处理完成一个批次 latest_time="2026-05-13 08:59:17" latest_sender=小码想想 latest_message=早 stop=false
time=2026-05-13T23:11:36.247+08:00 level=INFO msg=处理完成一个批次 latest_time="2026-05-13 08:53:58" latest_sender=seekwind_ latest_message=分享图片 stop=false
time=2026-05-13T23:11:37.950+08:00 level=INFO msg=处理完成一个批次 latest_time="2026-05-13 08:12:17" latest_sender=_morelight latest_message=早 stop=false
time=2026-05-13T23:11:39.563+08:00 level=INFO msg=处理完成一个批次 latest_time="2026-05-13 07:15:38" latest_sender=冰火岛的曾阿牛 latest_message=早 stop=false
time=2026-05-13T23:11:56.280+08:00 level=WARN msg="通过响应监听下载 fid 失败，尝试回退到浏览器内 fetch" fid=5297950488002986 err="timeout:Timeout 15000.00ms exceeded."
time=2026-05-13T23:11:56.357+08:00 level=WARN msg="浏览器内 fetch 下载 fid 失败" fid=5297950488002986 url="https://upload.api.weibo.com/2/mss/msget?fid=5297950488002986&source=209678993&imageType=origin&ts=1778685116280" err="TypeError: Failed to fetch"
time=2026-05-13T23:11:56.399+08:00 level=WARN msg="浏览器内 fetch 下载 fid 失败" fid=5297950488002986 url="https://upload.api.weibo.com/2/mss/msget?fid=5297950488002986&touid=4761715839862414&ts=1778685116280" err="TypeError: Failed to fetch"
time=2026-05-13T23:11:56.455+08:00 level=WARN msg="浏览器内 fetch 下载 fid 失败" fid=5297950488002986 url="https://upload.api.weibo.com/2/mss/msget?fid=5297950488002986&source=209678993&touid=4761715839862414&imageType=origin&ts=1778685116280" err="TypeError: Failed to fetch"
time=2026-05-13T23:11:56.456+08:00 level=WARN msg="浏览器内 fid 下载全部失败，尝试直接 HTTP 下载" fid=5297950488002986 err="TypeError: Failed to fetch"
time=2026-05-13T23:11:56.740+08:00 level=INFO msg="fid 媒体已通过直接 HTTP 回退下载成功" fid=5297950488002986 path=/home/duty/weibo_cron/chat_media_downloads/img_5297950488002986_茧房日报260512.pdf
time=2026-05-13T23:11:57.033+08:00 level=INFO msg=处理完成一个批次 latest_time="2026-05-13 04:56:06" latest_sender=----Barbara latest_message="「@----Barbara 是那个很\xe6\xbc" stop=false
time=2026-05-13T23:11:58.725+08:00 level=INFO msg=处理完成一个批次 latest_time="2026-05-13 00:08:01" latest_sender=HannahArendtErichFromm latest_message="tk老师带大家磕尼亚大\xe9" stop=false
time=2026-05-13T23:12:00.537+08:00 level=INFO msg=处理完成一个批次 latest_time="2026-05-12 23:22:02" latest_sender=拱bot latest_message="@铜冰鉴43228 靠谱是感\xe8\xa7" stop=false
time=2026-05-13T23:12:02.415+08:00 level=INFO msg=处理完成一个批次 latest_time="2026-05-12 23:14:04" latest_sender=Aurora白White-little-hajimi latest_message=这个提示词好细！ stop=true
time=2026-05-13T23:12:02.443+08:00 level=INFO msg=群聊历史抓取完成 new_count=828 history_dir=/home/duty/weibo_cron/clean_history state_file=/home/duty/weibo_cron/group_chat_state.json
time=2026-05-13T23:12:30.576+08:00 level=INFO msg=群聊摘要推送完成 message_count=1
/usr/bin/xvfb-run: line 185: kill: (875285) - No such process
time=2026-05-14T23:10:03.405+08:00 level=INFO msg=群聊模式配置加载完成 config=config.groupchat.yaml
time=2026-05-14T23:10:07.543+08:00 level=INFO msg=打开微博群聊页面 url="https://api.weibo.com/chat/#/chat?check_gid=4761715839862414&source_from=11" user_data_dir=/home/duty/weibo_cron/weibo_user_data browser_channel=chrome
time=2026-05-14T23:10:08.528+08:00 level=INFO msg=如未登录，请在打开的浏览器中完成登录；程序正在等待群聊消息接口返回
time=2026-05-14T23:10:09.705+08:00 level=INFO msg=群聊页面已加载，开始抓取历史消息
time=2026-05-14T23:10:10.639+08:00 level=INFO msg=处理完成一个批次 latest_time="2026-05-14 23:04:08" latest_sender=等下就去吃饭 latest_message=英伟达新增长点确立 stop=false
time=2026-05-14T23:10:11.553+08:00 level=INFO msg=处理完成一个批次 latest_time="2026-05-14 22:42:14" latest_sender=星逸几度秋_ latest_message=今天群聊内容太丰富了 stop=false
time=2026-05-14T23:10:14.029+08:00 level=INFO msg=处理完成一个批次 latest_time="2026-05-14 22:24:15" latest_sender=拾人牙慧的复读机 latest_message=这个看着就高级 stop=false
time=2026-05-14T23:10:16.053+08:00 level=INFO msg=处理完成一个批次 latest_time="2026-05-14 22:07:20" latest_sender=古拉TE latest_message=http://weibo.com/6253925768/QF stop=false
time=2026-05-14T23:10:17.734+08:00 level=INFO msg=处理完成一个批次 latest_time="2026-05-14 21:49:57" latest_sender=nkaifang latest_message="nkaifang 撤回了一条消息" stop=false
time=2026-05-14T23:10:19.613+08:00 level=INFO msg=处理完成一个批次 latest_time="2026-05-14 21:42:38" latest_sender=亚奇奇洛贝 latest_message=我喜欢大大方方、体体 stop=false
time=2026-05-14T23:10:21.652+08:00 level=INFO msg=处理完成一个批次 latest_time="2026-05-14 21:33:18" latest_sender=雨石plus latest_message="wg 小将做派" stop=false
time=2026-05-14T23:10:24.074+08:00 level=INFO msg=处理完成一个批次 latest_time="2026-05-14 21:19:57" latest_sender=特呜五土 latest_message="2.33元，@阿尼亚是安妮\xe4" stop=false
time=2026-05-14T23:10:26.878+08:00 level=INFO msg=处理完成一个批次 latest_time="2026-05-14 21:11:55" latest_sender=Aurora白White-little-hajimi latest_message=分享图片 stop=false
time=2026-05-14T23:10:28.731+08:00 level=INFO msg=处理完成一个批次 latest_time="2026-05-14 20:57:46" latest_sender=Aurora白White-little-hajimi latest_message=今晚我爬坡就这个歌单 stop=false
time=2026-05-14T23:10:30.815+08:00 level=INFO msg=处理完成一个批次 latest_time="2026-05-14 20:43:14" latest_sender=雨石plus latest_message=我刚上大学，之前都没 stop=false
time=2026-05-14T23:10:32.481+08:00 level=INFO msg=处理完成一个批次 latest_time="2026-05-14 20:34:16" latest_sender=伽俐详 latest_message="「@伽俐详 伽老师以前\xe4" stop=false
time=2026-05-14T23:10:34.606+08:00 level=INFO msg=处理完成一个批次 latest_time="2026-05-14 20:24:24" latest_sender=任_朝暮_ latest_message=忆苦思甜 stop=false
time=2026-05-14T23:10:37.697+08:00 level=INFO msg=处理完成一个批次 latest_time="2026-05-14 20:13:47" latest_sender=____方格 latest_message=相认干啥，下班最好谁 stop=false
time=2026-05-14T23:10:39.394+08:00 level=INFO msg=处理完成一个批次 latest_time="2026-05-14 20:09:45" latest_sender=xelnaga瞭望塔 latest_message=不知道 stop=false
time=2026-05-14T23:10:41.349+08:00 level=INFO msg=处理完成一个批次 latest_time="2026-05-14 20:07:03" latest_sender=xelnaga瞭望塔 latest_message=分享图片 stop=false
time=2026-05-14T23:10:43.395+08:00 level=INFO msg=处理完成一个批次 latest_time="2026-05-14 20:00:59" latest_sender=SnowChou latest_message=「每个人只有一床被子 stop=false
time=2026-05-14T23:10:45.122+08:00 level=INFO msg=处理完成一个批次 latest_time="2026-05-14 19:53:08" latest_sender=SnowChou latest_message=「伽老师的回复让我想 stop=false
time=2026-05-14T23:10:46.916+08:00 level=INFO msg=处理完成一个批次 latest_time="2026-05-14 19:46:49" latest_sender=自由的西瓜L latest_message=这东西喝起来是什么味 stop=false
time=2026-05-14T23:10:49.145+08:00 level=INFO msg=处理完成一个批次 latest_time="2026-05-14 19:36:11" latest_sender=Monkey_D_Law latest_message=「「而且我觉得同学比 stop=false
time=2026-05-14T23:10:51.440+08:00 level=INFO msg=处理完成一个批次 latest_time="2026-05-14 19:24:18" latest_sender=雨石plus latest_message=哈哈哈，这是小号吗 stop=false
time=2026-05-14T23:10:53.739+08:00 level=INFO msg=处理完成一个批次 latest_time="2026-05-14 18:53:59" latest_sender=雨石plus latest_message="推荐网易的 uu 远程，\xe8\xbf" stop=false
time=2026-05-14T23:10:55.534+08:00 level=INFO msg=处理完成一个批次 latest_time="2026-05-14 18:41:20" latest_sender=黄健楸 latest_message=现在豆包输入法能不能 stop=false
time=2026-05-14T23:10:58.484+08:00 level=INFO msg=处理完成一个批次 latest_time="2026-05-14 18:32:55" latest_sender=星逸几度秋_ latest_message="「微博」\n- - - - - - - - -" stop=false
time=2026-05-14T23:11:00.832+08:00 level=INFO msg=处理完成一个批次 latest_time="2026-05-14 18:22:29" latest_sender=梦星河200602 latest_message=可以看一下资金的流向 stop=false
time=2026-05-14T23:11:03.348+08:00 level=INFO msg=处理完成一个批次 latest_time="2026-05-14 18:17:27" latest_sender=梦星河200602 latest_message=别着急买 stop=false
time=2026-05-14T23:11:05.455+08:00 level=INFO msg=处理完成一个批次 latest_time="2026-05-14 18:11:18" latest_sender=梦星河200602 latest_message=分享图片 stop=false
time=2026-05-14T23:11:07.958+08:00 level=INFO msg=处理完成一个批次 latest_time="2026-05-14 18:06:31" latest_sender=雨石plus latest_message="「没跌那么多」\n- - - - " stop=false
time=2026-05-14T23:11:10.666+08:00 level=INFO msg=处理完成一个批次 latest_time="2026-05-14 17:49:57" latest_sender=七床技师 latest_message=一股自媒体的味道 stop=false
time=2026-05-14T23:11:13.720+08:00 level=INFO msg=处理完成一个批次 latest_time="2026-05-14 17:35:09" latest_sender=小鹿纯子买咸酸 latest_message=http://weibo.com/6419748247/Py stop=false
time=2026-05-14T23:11:15.744+08:00 level=INFO msg=处理完成一个批次 latest_time="2026-05-14 17:20:31" latest_sender=tqtq latest_message="「微博」\n- - - - - - - - -" stop=false
time=2026-05-14T23:11:17.405+08:00 level=INFO msg=处理完成一个批次 latest_time="2026-05-14 17:11:52" latest_sender=小鹿纯子买咸酸 latest_message=我应该跟娜娜差不多大 stop=false
time=2026-05-14T23:11:19.219+08:00 level=INFO msg=处理完成一个批次 latest_time="2026-05-14 16:53:09" latest_sender=黄健楸 latest_message="「@有种来中路:土木工\xe7" stop=false
time=2026-05-14T23:11:20.922+08:00 level=INFO msg=处理完成一个批次 latest_time="2026-05-14 16:35:36" latest_sender=等下就去吃饭 latest_message=我已经给白老师点赞了 stop=false
time=2026-05-14T23:11:23.312+08:00 level=INFO msg=处理完成一个批次 latest_time="2026-05-14 16:26:30" latest_sender=我爱吃肠粉001 latest_message=分享图片 stop=false
time=2026-05-14T23:11:25.162+08:00 level=INFO msg=处理完成一个批次 latest_time="2026-05-14 16:10:36" latest_sender=梦星河200602 latest_message=嗯，也不是不行，这次 stop=false
time=2026-05-14T23:11:26.821+08:00 level=INFO msg=处理完成一个批次 latest_time="2026-05-14 16:04:39" latest_sender=梦星河200602 latest_message="10 w 一天" stop=false
time=2026-05-14T23:11:29.009+08:00 level=INFO msg=处理完成一个批次 latest_time="2026-05-14 15:59:38" latest_sender=梦星河200602 latest_message=分享图片 stop=false
time=2026-05-14T23:11:31.148+08:00 level=INFO msg=处理完成一个批次 latest_time="2026-05-14 15:48:47" latest_sender=ScaryLeopard419 latest_message=恒科太惨了 stop=false
time=2026-05-14T23:11:35.232+08:00 level=INFO msg=处理完成一个批次 latest_time="2026-05-14 15:12:27" latest_sender=nkaifang latest_message=看这次到底能不能行 stop=false
time=2026-05-14T23:11:38.481+08:00 level=INFO msg=处理完成一个批次 latest_time="2026-05-14 14:58:06" latest_sender=四岚1883 latest_message=分享图片 stop=false
time=2026-05-14T23:11:40.533+08:00 level=INFO msg=处理完成一个批次 latest_time="2026-05-14 14:33:01" latest_sender=四岚1883 latest_message=淡定，批或者不批，英 stop=false
time=2026-05-14T23:11:42.583+08:00 level=INFO msg=处理完成一个批次 latest_time="2026-05-14 14:10:25" latest_sender=FFFFFFFF马卡 latest_message=推的人好多呀，我也看 stop=false
time=2026-05-14T23:11:44.294+08:00 level=INFO msg=处理完成一个批次 latest_time="2026-05-14 13:58:04" latest_sender=响当当当的铜豌豆 latest_message=茴哥肌肉线条很好我记 stop=false
time=2026-05-14T23:11:46.172+08:00 level=INFO msg=处理完成一个批次 latest_time="2026-05-14 13:52:35" latest_sender=古拉TE latest_message=那你记非明星的脸能记 stop=false
time=2026-05-14T23:11:48.139+08:00 level=INFO msg=处理完成一个批次 latest_time="2026-05-14 13:36:50" latest_sender=拱bot latest_message=鲁比奥山东基因觉醒了 stop=false
time=2026-05-14T23:11:50.103+08:00 level=INFO msg=处理完成一个批次 latest_time="2026-05-14 13:29:24" latest_sender=我爱吃肠粉001 latest_message=http://weibo.com/4099802948/QF stop=false
time=2026-05-14T23:11:51.755+08:00 level=INFO msg=处理完成一个批次 latest_time="2026-05-14 13:16:17" latest_sender=nkaifang latest_message=油价连着三天100美元了 stop=false
time=2026-05-14T23:11:53.463+08:00 level=INFO msg=处理完成一个批次 latest_time="2026-05-14 13:06:54" latest_sender=粉丝群 latest_message=涉及资金问题请务必提 stop=false
time=2026-05-14T23:11:55.303+08:00 level=INFO msg=处理完成一个批次 latest_time="2026-05-14 12:58:33" latest_sender=黄健楸 latest_message="「图片」\n- - - - - - - - -" stop=false
time=2026-05-14T23:11:56.929+08:00 level=INFO msg=处理完成一个批次 latest_time="2026-05-14 12:56:47" latest_sender=0x指纹 latest_message=呈现不太算完整，期待 stop=false
time=2026-05-14T23:11:58.633+08:00 level=INFO msg=处理完成一个批次 latest_time="2026-05-14 12:55:00" latest_sender=我爱吃肠粉001 latest_message=记得带纸巾 stop=false
time=2026-05-14T23:12:00.367+08:00 level=INFO msg=处理完成一个批次 latest_time="2026-05-14 12:38:47" latest_sender=特呜五土 latest_message="管理员 FansLeader 撤回了" stop=false
time=2026-05-14T23:12:02.247+08:00 level=INFO msg=处理完成一个批次 latest_time="2026-05-14 12:33:55" latest_sender=小大饼 latest_message=吓死我了，刚才感觉脑 stop=false
time=2026-05-14T23:12:05.155+08:00 level=INFO msg=处理完成一个批次 latest_time="2026-05-14 12:28:18" latest_sender=小鹿纯子买咸酸 latest_message=「主要今天绿油油的」 stop=false
time=2026-05-14T23:12:06.852+08:00 level=INFO msg=处理完成一个批次 latest_time="2026-05-14 12:22:21" latest_sender=小大饼 latest_message=「铁道损伤图鉴、尸体 stop=false
time=2026-05-14T23:12:09.618+08:00 level=INFO msg=处理完成一个批次 latest_time="2026-05-14 12:18:05" latest_sender=小大饼 latest_message=「成功的让一众群友对 stop=false
time=2026-05-14T23:12:11.768+08:00 level=INFO msg=处理完成一个批次 latest_time="2026-05-14 12:13:33" latest_sender=勇敢积极的24号反派 latest_message=大饼在挑战所有人 stop=false
time=2026-05-14T23:12:14.794+08:00 level=INFO msg=处理完成一个批次 latest_time="2026-05-14 12:06:06" latest_sender=小大饼 latest_message=「我觉得是要顾及下别 stop=false
time=2026-05-14T23:12:17.189+08:00 level=INFO msg=处理完成一个批次 latest_time="2026-05-14 10:49:58" latest_sender=粉丝群 latest_message=涉及资金问题请务必提 stop=false
time=2026-05-14T23:12:19.055+08:00 level=INFO msg=处理完成一个批次 latest_time="2026-05-14 09:33:36" latest_sender=特呜五土 latest_message=如果我没记错的话，支 stop=false
time=2026-05-14T23:12:21.495+08:00 level=INFO msg=处理完成一个批次 latest_time="2026-05-14 09:11:18" latest_sender=seekwind_ latest_message="「图片」\n- - - - - - - - -" stop=false
time=2026-05-14T23:12:23.887+08:00 level=INFO msg=处理完成一个批次 latest_time="2026-05-14 08:36:51" latest_sender=夏天的第一口冰阔乐 latest_message=早 stop=false
time=2026-05-14T23:12:40.625+08:00 level=WARN msg="通过响应监听下载 fid 失败，尝试回退到浏览器内 fetch" fid=5298386452089989 err="timeout:Timeout 15000.00ms exceeded."
time=2026-05-14T23:12:40.695+08:00 level=WARN msg="浏览器内 fetch 下载 fid 失败" fid=5298386452089989 url="https://upload.api.weibo.com/2/mss/msget?fid=5298386452089989&source=209678993&imageType=origin&ts=1778771560625" err="TypeError: Failed to fetch"
time=2026-05-14T23:12:40.741+08:00 level=WARN msg="浏览器内 fetch 下载 fid 失败" fid=5298386452089989 url="https://upload.api.weibo.com/2/mss/msget?fid=5298386452089989&touid=4761715839862414&ts=1778771560625" err="TypeError: Failed to fetch"
time=2026-05-14T23:12:40.831+08:00 level=WARN msg="浏览器内 fetch 下载 fid 失败" fid=5298386452089989 url="https://upload.api.weibo.com/2/mss/msget?fid=5298386452089989&source=209678993&touid=4761715839862414&imageType=origin&ts=1778771560625" err="TypeError: Failed to fetch"
time=2026-05-14T23:12:40.831+08:00 level=WARN msg="浏览器内 fid 下载全部失败，尝试直接 HTTP 下载" fid=5298386452089989 err="TypeError: Failed to fetch"
time=2026-05-14T23:12:41.422+08:00 level=INFO msg="fid 媒体已通过直接 HTTP 回退下载成功" fid=5298386452089989 path=/home/duty/weibo_cron/chat_media_downloads/img_5298386452089989_茧房日报260513.pdf
time=2026-05-14T23:12:41.422+08:00 level=INFO msg=处理完成一个批次 latest_time="2026-05-14 08:07:21" latest_sender=iiiilic latest_message=早 stop=false
time=2026-05-14T23:12:43.111+08:00 level=INFO msg=处理完成一个批次 latest_time="2026-05-14 07:29:35" latest_sender=onemoretrees一棵树 latest_message=早 stop=false
time=2026-05-14T23:12:45.193+08:00 level=INFO msg=处理完成一个批次 latest_time="2026-05-14 06:28:01" latest_sender=Mika_Joe latest_message=早 stop=false
time=2026-05-14T23:12:47.641+08:00 level=INFO msg=处理完成一个批次 latest_time="2026-05-13 23:52:37" latest_sender=拱bot latest_message="「微博」\n- - - - - - - - -" stop=false
time=2026-05-14T23:12:49.338+08:00 level=INFO msg=处理完成一个批次 latest_time="2026-05-13 23:11:28" latest_sender=大吉利丶 latest_message=玩路亚得注意安全，一 stop=true
time=2026-05-14T23:12:49.387+08:00 level=INFO msg=群聊历史抓取完成 new_count=1343 history_dir=/home/duty/weibo_cron/clean_history state_file=/home/duty/weibo_cron/group_chat_state.json
time=2026-05-14T23:12:51.150+08:00 level=INFO msg=群聊摘要推送完成 message_count=1
/usr/bin/xvfb-run: line 185: kill: (892828) - No such process
time=2026-05-15T23:10:03.915+08:00 level=INFO msg=群聊模式配置加载完成 config=config.groupchat.yaml
time=2026-05-15T23:10:07.967+08:00 level=INFO msg=打开微博群聊页面 url="https://api.weibo.com/chat/#/chat?check_gid=4761715839862414&source_from=11" user_data_dir=/home/duty/weibo_cron/weibo_user_data browser_channel=chrome
time=2026-05-15T23:10:08.935+08:00 level=INFO msg=如未登录，请在打开的浏览器中完成登录；程序正在等待群聊消息接口返回
time=2026-05-15T23:10:10.054+08:00 level=INFO msg=群聊页面已加载，开始抓取历史消息
time=2026-05-15T23:10:10.882+08:00 level=INFO msg=处理完成一个批次 latest_time="2026-05-15 22:45:09" latest_sender=叫我花田好了 latest_message="「1.ai 推理模型开始挣\xe9" stop=false
time=2026-05-15T23:10:11.568+08:00 level=INFO msg=处理完成一个批次 latest_time="2026-05-15 22:35:25" latest_sender=楼雨晴Lo latest_message=好厉害哟！指数V起 stop=false
time=2026-05-15T23:10:14.726+08:00 level=INFO msg=处理完成一个批次 latest_time="2026-05-15 22:25:07" latest_sender=我爱吃肠粉001 latest_message=那两个女生还不认识他 stop=false
time=2026-05-15T23:10:16.995+08:00 level=INFO msg=处理完成一个批次 latest_time="2026-05-15 22:21:13" latest_sender=快乐沉思录 latest_message="0.42元，@阿尼亚是安妮\xe4" stop=false
time=2026-05-15T23:10:19.139+08:00 level=INFO msg=处理完成一个批次 latest_time="2026-05-15 21:56:54" latest_sender=Cain_nitelord latest_message=分享图片 stop=false
time=2026-05-15T23:10:21.040+08:00 level=INFO msg=处理完成一个批次 latest_time="2026-05-15 21:46:47" latest_sender=FFFFVIP latest_message=「云铝，神火这种，伦 stop=false
time=2026-05-15T23:10:22.991+08:00 level=INFO msg=处理完成一个批次 latest_time="2026-05-15 21:36:32" latest_sender=CADgen的肉身 latest_message=这基金走势咋和指数那 stop=false
time=2026-05-15T23:10:24.595+08:00 level=INFO msg=处理完成一个批次 latest_time="2026-05-15 21:23:43" latest_sender=Aurora白White-little-hajimi latest_message=「「我已经吃到教训。 stop=false
time=2026-05-15T23:10:27.470+08:00 level=INFO msg=处理完成一个批次 latest_time="2026-05-15 21:13:26" latest_sender=FFFFVIP latest_message=中美博弈我理解是长期 stop=false
time=2026-05-15T23:10:29.249+08:00 level=INFO msg=处理完成一个批次 latest_time="2026-05-15 20:44:29" latest_sender=十月的米兰 latest_message=霍尔木兹海峡？ stop=false
time=2026-05-15T23:10:31.274+08:00 level=INFO msg=处理完成一个批次 latest_time="2026-05-15 20:10:34" latest_sender=Amber_Mist latest_message=分享图片 stop=false
time=2026-05-15T23:10:34.226+08:00 level=INFO msg=处理完成一个批次 latest_time="2026-05-15 19:32:20" latest_sender=四岚1883 latest_message=分享图片 stop=false
time=2026-05-15T23:10:35.992+08:00 level=INFO msg=处理完成一个批次 latest_time="2026-05-15 19:15:24" latest_sender=architect645 latest_message=蜜雪广告打的真快[doge] stop=false
time=2026-05-15T23:10:39.418+08:00 level=INFO msg=处理完成一个批次 latest_time="2026-05-15 18:29:40" latest_sender=十月的米兰 latest_message="「【6000万美元！央视\xe6\x84" stop=false
time=2026-05-15T23:10:41.291+08:00 level=INFO msg=处理完成一个批次 latest_time="2026-05-15 17:54:38" latest_sender=Iris_0809 latest_message="妈呀AI造假真的太难辨\xe8" stop=false
time=2026-05-15T23:10:43.084+08:00 level=INFO msg=处理完成一个批次 latest_time="2026-05-15 16:48:11" latest_sender=亲爱的L先森 latest_message=http://t.cn/A6EswGm2 stop=false
time=2026-05-15T23:10:45.093+08:00 level=INFO msg=处理完成一个批次 latest_time="2026-05-15 16:27:10" latest_sender=拱bot latest_message=http://t.cn/AXi9KmE9 stop=false
time=2026-05-15T23:10:47.009+08:00 level=INFO msg=处理完成一个批次 latest_time="2026-05-15 15:52:18" latest_sender=星逸几度秋_ latest_message="「图片」\n- - - - - - - - -" stop=false
time=2026-05-15T23:10:49.210+08:00 level=INFO msg=处理完成一个批次 latest_time="2026-05-15 14:56:28" latest_sender=羽化的布偶 latest_message=「黄仁勋穷到要喝蜜雪 stop=false
time=2026-05-15T23:10:51.099+08:00 level=INFO msg=处理完成一个批次 latest_time="2026-05-15 14:38:30" latest_sender=茴字的1970种写法 latest_message=我表述的不严谨。 stop=false
time=2026-05-15T23:10:52.932+08:00 level=INFO msg=处理完成一个批次 latest_time="2026-05-15 14:29:54" latest_sender=春天小羚羊 latest_message=我用的联通大王卡，刚 stop=false
time=2026-05-15T23:10:55.536+08:00 level=INFO msg=处理完成一个批次 latest_time="2026-05-15 14:22:16" latest_sender=等下就去吃饭 latest_message=美债抬头了 stop=false
time=2026-05-15T23:11:12.015+08:00 level=INFO msg=处理完成一个批次 latest_time="2026-05-15 13:55:54" latest_sender=小鹿纯子买咸酸 latest_message=「「我没找，这个工作 stop=false
time=2026-05-15T23:11:13.876+08:00 level=INFO msg=处理完成一个批次 latest_time="2026-05-15 13:38:21" latest_sender=Aurora白White-little-hajimi latest_message=我知道她是一个绝顶好 stop=false
time=2026-05-15T23:11:15.711+08:00 level=INFO msg=处理完成一个批次 latest_time="2026-05-15 13:33:06" latest_sender=黄健楸 latest_message=「有天开会，一个同事 stop=false
time=2026-05-15T23:11:19.971+08:00 level=INFO msg=处理完成一个批次 latest_time="2026-05-15 13:29:34" latest_sender=Aurora白White-little-hajimi latest_message=还不用系鞋带 stop=false
time=2026-05-15T23:11:21.852+08:00 level=INFO msg=处理完成一个批次 latest_time="2026-05-15 13:26:09" latest_sender=我爱吃肠粉001 latest_message=我买这样的，除了闷 stop=false
time=2026-05-15T23:11:38.894+08:00 level=WARN msg="通过响应监听下载 fid 失败，尝试回退到浏览器内 fetch" fid=5298822418793696 err="timeout:Timeout 15000.00ms exceeded."
time=2026-05-15T23:11:38.981+08:00 level=WARN msg="浏览器内 fetch 下载 fid 失败" fid=5298822418793696 url="https://upload.api.weibo.com/2/mss/msget?fid=5298822418793696&source=209678993&imageType=origin&ts=1778857898894" err="TypeError: Failed to fetch"
time=2026-05-15T23:11:39.226+08:00 level=WARN msg="浏览器内 fetch 下载 fid 失败" fid=5298822418793696 url="https://upload.api.weibo.com/2/mss/msget?fid=5298822418793696&touid=4761715839862414&ts=1778857898894" err="TypeError: Failed to fetch"
time=2026-05-15T23:11:39.297+08:00 level=WARN msg="浏览器内 fetch 下载 fid 失败" fid=5298822418793696 url="https://upload.api.weibo.com/2/mss/msget?fid=5298822418793696&source=209678993&touid=4761715839862414&imageType=origin&ts=1778857898894" err="TypeError: Failed to fetch"
time=2026-05-15T23:11:39.297+08:00 level=WARN msg="浏览器内 fid 下载全部失败，尝试直接 HTTP 下载" fid=5298822418793696 err="TypeError: Failed to fetch"
time=2026-05-15T23:11:39.732+08:00 level=INFO msg="fid 媒体已通过直接 HTTP 回退下载成功" fid=5298822418793696 path=/home/duty/weibo_cron/chat_media_downloads/img_5298822418793696_泰康长寿时代.pptx
time=2026-05-15T23:11:40.281+08:00 level=INFO msg=处理完成一个批次 latest_time="2026-05-15 13:18:24" latest_sender=梦星河200602 latest_message=「「泰康的养老院蛮好 stop=false
time=2026-05-15T23:11:42.171+08:00 level=INFO msg=处理完成一个批次 latest_time="2026-05-15 12:58:29" latest_sender=粉丝群 latest_message="恭喜 一只方阿 升级至L" stop=false
time=2026-05-15T23:11:43.832+08:00 level=INFO msg=处理完成一个批次 latest_time="2026-05-15 12:54:58" latest_sender=一只方阿 latest_message=[苦涩] stop=false
time=2026-05-15T23:11:46.568+08:00 level=INFO msg=处理完成一个批次 latest_time="2026-05-15 12:46:33" latest_sender=一丛韭菜 latest_message=「当初买怎么也不会想 stop=false
time=2026-05-15T23:11:48.648+08:00 level=INFO msg=处理完成一个批次 latest_time="2026-05-15 12:34:38" latest_sender=大吉利丶 latest_message=喝了牛奶还是会有点轻 stop=false
time=2026-05-15T23:11:50.791+08:00 level=INFO msg=处理完成一个批次 latest_time="2026-05-15 12:11:02" latest_sender=羽化的布偶 latest_message=看着就好吃😋 stop=false
time=2026-05-15T23:11:53.015+08:00 level=INFO msg=处理完成一个批次 latest_time="2026-05-15 12:00:20" latest_sender=小大饼 latest_message="「图片」\n- - - - - - - - -" stop=false
time=2026-05-15T23:11:55.028+08:00 level=INFO msg=处理完成一个批次 latest_time="2026-05-15 11:45:45" latest_sender=nkaifang latest_message=我瞎说的啊，别的不了 stop=false
time=2026-05-15T23:11:57.125+08:00 level=INFO msg=处理完成一个批次 latest_time="2026-05-15 11:42:00" latest_sender=HorcruxerzzZ latest_message="强者恒强，弱者恒生[\xe6\xb3" stop=false
time=2026-05-15T23:11:58.795+08:00 level=INFO msg=处理完成一个批次 latest_time="2026-05-15 11:19:15" latest_sender=我爱吃肠粉001 latest_message=http://t.cn/AXiKal7V stop=false
time=2026-05-15T23:12:00.471+08:00 level=INFO msg=处理完成一个批次 latest_time="2026-05-15 10:46:13" latest_sender=小大饼 latest_message="小大饼 撤回了一条消\xe6\x81" stop=false
time=2026-05-15T23:12:02.218+08:00 level=INFO msg=处理完成一个批次 latest_time="2026-05-15 10:36:39" latest_sender=四岚1883 latest_message=复数的锅 stop=false
time=2026-05-15T23:12:03.857+08:00 level=INFO msg=处理完成一个批次 latest_time="2026-05-15 10:03:39" latest_sender=同学没吃药吧 latest_message=这个月利润足够 stop=false
time=2026-05-15T23:12:05.748+08:00 level=INFO msg=处理完成一个批次 latest_time="2026-05-15 09:41:59" latest_sender=亚奇奇洛贝 latest_message=[动画表情] stop=false
time=2026-05-15T23:12:07.498+08:00 level=INFO msg=处理完成一个批次 latest_time="2026-05-15 09:04:48" latest_sender=Aviator_hu latest_message=iphone为啥还能顶着上游 stop=false
time=2026-05-15T23:12:09.369+08:00 level=INFO msg=处理完成一个批次 latest_time="2026-05-15 08:16:09" latest_sender=小鹿纯子买咸酸 latest_message=昨晚TVB新闻里面就有解 stop=false
time=2026-05-15T23:12:26.102+08:00 level=WARN msg="通过响应监听下载 fid 失败，尝试回退到浏览器内 fetch" fid=5298738618173381 err="timeout:Timeout 15000.00ms exceeded."
time=2026-05-15T23:12:26.181+08:00 level=WARN msg="浏览器内 fetch 下载 fid 失败" fid=5298738618173381 url="https://upload.api.weibo.com/2/mss/msget?fid=5298738618173381&source=209678993&imageType=origin&ts=1778857946102" err="TypeError: Failed to fetch"
time=2026-05-15T23:12:26.222+08:00 level=WARN msg="浏览器内 fetch 下载 fid 失败" fid=5298738618173381 url="https://upload.api.weibo.com/2/mss/msget?fid=5298738618173381&touid=4761715839862414&ts=1778857946102" err="TypeError: Failed to fetch"
time=2026-05-15T23:12:26.308+08:00 level=WARN msg="浏览器内 fetch 下载 fid 失败" fid=5298738618173381 url="https://upload.api.weibo.com/2/mss/msget?fid=5298738618173381&source=209678993&touid=4761715839862414&imageType=origin&ts=1778857946102" err="TypeError: Failed to fetch"
time=2026-05-15T23:12:26.308+08:00 level=WARN msg="浏览器内 fid 下载全部失败，尝试直接 HTTP 下载" fid=5298738618173381 err="TypeError: Failed to fetch"
time=2026-05-15T23:12:26.407+08:00 level=INFO msg="fid 媒体已通过直接 HTTP 回退下载成功" fid=5298738618173381 path=/home/duty/weibo_cron/chat_media_downloads/img_5298738618173381_茧房日报260514.pdf
time=2026-05-15T23:12:26.630+08:00 level=INFO msg=处理完成一个批次 latest_time="2026-05-15 07:51:12" latest_sender=iiiilic latest_message=早 stop=false
time=2026-05-15T23:12:28.258+08:00 level=INFO msg=处理完成一个批次 latest_time="2026-05-15 06:57:09" latest_sender=特怕麻烦 latest_message=早 stop=false
time=2026-05-15T23:12:30.209+08:00 level=INFO msg=处理完成一个批次 latest_time="2026-05-15 05:55:55" latest_sender=上浅兮若 latest_message=早 stop=false
time=2026-05-15T23:12:33.183+08:00 level=INFO msg=处理完成一个批次 latest_time="2026-05-15 01:15:51" latest_sender=___RANI___ latest_message=「你在法国吃意大利面 stop=false
time=2026-05-15T23:12:35.665+08:00 level=INFO msg=处理完成一个批次 latest_time="2026-05-14 23:32:26" latest_sender=等下就去吃饭 latest_message="等下就去吃饭 撤回了\xe4\xb8" stop=true
time=2026-05-15T23:12:35.696+08:00 level=INFO msg=群聊历史抓取完成 new_count=958 history_dir=/home/duty/weibo_cron/clean_history state_file=/home/duty/weibo_cron/group_chat_state.json
time=2026-05-15T23:12:37.962+08:00 level=INFO msg=群聊摘要推送完成 message_count=1
/usr/bin/xvfb-run: line 185: kill: (910886) - No such process
time=2026-05-16T23:10:03.693+08:00 level=INFO msg=群聊模式配置加载完成 config=config.groupchat.yaml
time=2026-05-16T23:10:07.890+08:00 level=INFO msg=打开微博群聊页面 url="https://api.weibo.com/chat/#/chat?check_gid=4761715839862414&source_from=11" user_data_dir=/home/duty/weibo_cron/weibo_user_data browser_channel=chrome
time=2026-05-16T23:10:08.982+08:00 level=INFO msg=如未登录，请在打开的浏览器中完成登录；程序正在等待群聊消息接口返回
time=2026-05-16T23:10:10.047+08:00 level=INFO msg=群聊页面已加载，开始抓取历史消息
time=2026-05-16T23:10:10.535+08:00 level=INFO msg=处理完成一个批次 latest_time="2026-05-16 23:05:08" latest_sender=Aviator_hu latest_message=这么想也对 stop=false
time=2026-05-16T23:10:10.816+08:00 level=INFO msg=处理完成一个批次 latest_time="2026-05-16 22:28:33" latest_sender=粉丝群 latest_message=涉及资金问题请务必提 stop=false
time=2026-05-16T23:10:12.556+08:00 level=INFO msg=处理完成一个批次 latest_time="2026-05-16 22:12:28" latest_sender=雨石plus latest_message=大饼这么抠的人，竟然 stop=false
time=2026-05-16T23:10:14.254+08:00 level=INFO msg=处理完成一个批次 latest_time="2026-05-16 22:01:13" latest_sender=粉丝群 latest_message=恭喜伽俐详今日获得“ stop=false
time=2026-05-16T23:10:15.964+08:00 level=INFO msg=处理完成一个批次 latest_time="2026-05-16 21:23:50" latest_sender=nkaifang latest_message=现在回想起来，是空气 stop=false
time=2026-05-16T23:10:18.452+08:00 level=INFO msg=处理完成一个批次 latest_time="2026-05-16 21:03:34" latest_sender=樱桃树rani latest_message=有话直说，就会被拉黑 stop=false
time=2026-05-16T23:10:20.340+08:00 level=INFO msg=处理完成一个批次 latest_time="2026-05-16 20:11:05" latest_sender=小大饼 latest_message=「嗯，我正在实践利用 stop=false
time=2026-05-16T23:10:22.336+08:00 level=INFO msg=处理完成一个批次 latest_time="2026-05-16 19:29:52" latest_sender=拱bot latest_message="我最近发现revisionist修\xe6" stop=false
time=2026-05-16T23:10:24.173+08:00 level=INFO msg=处理完成一个批次 latest_time="2026-05-16 19:20:53" latest_sender=小大饼 latest_message=看点可爱猫猫~ stop=false
time=2026-05-16T23:10:32.641+08:00 level=INFO msg=处理完成一个批次 latest_time="2026-05-16 19:01:39" latest_sender=勇敢积极的24号反派 latest_message=我的动态弹出来一条： stop=false
time=2026-05-16T23:10:34.532+08:00 level=INFO msg=处理完成一个批次 latest_time="2026-05-16 18:48:37" latest_sender=grapeyang latest_message=分享图片 stop=false
time=2026-05-16T23:10:37.272+08:00 level=INFO msg=处理完成一个批次 latest_time="2026-05-16 18:08:01" latest_sender=铜冰鉴43228 latest_message=分享图片 stop=false
time=2026-05-16T23:10:39.244+08:00 level=INFO msg=处理完成一个批次 latest_time="2026-05-16 17:26:31" latest_sender=樱桃树rani latest_message=「「一边是，几十人点 stop=false
time=2026-05-16T23:10:40.844+08:00 level=INFO msg=处理完成一个批次 latest_time="2026-05-16 17:22:11" latest_sender=lamomo123456 latest_message="3.09元，@阿尼亚是安妮\xe4" stop=false
time=2026-05-16T23:10:42.605+08:00 level=INFO msg=处理完成一个批次 latest_time="2026-05-16 17:19:48" latest_sender=一蓑烟雨任平生WB latest_message=收到红包消息，请在手 stop=false
time=2026-05-16T23:10:45.671+08:00 level=INFO msg=处理完成一个批次 latest_time="2026-05-16 17:16:30" latest_sender=用户6937199137 latest_message=「真的要用立场划分敌 stop=false
time=2026-05-16T23:10:48.137+08:00 level=INFO msg=处理完成一个批次 latest_time="2026-05-16 16:43:49" latest_sender=茴字的1970种写法 latest_message=盒马那个苏打水冰镇以 stop=false
time=2026-05-16T23:10:50.265+08:00 level=INFO msg=处理完成一个批次 latest_time="2026-05-16 15:30:49" latest_sender=SnowChou latest_message=分享图片 stop=false
time=2026-05-16T23:10:51.936+08:00 level=INFO msg=处理完成一个批次 latest_time="2026-05-16 15:17:18" latest_sender=小大饼 latest_message="去 X 上看把，有 Rapid Re" stop=false
time=2026-05-16T23:10:53.983+08:00 level=INFO msg=处理完成一个批次 latest_time="2026-05-16 14:48:43" latest_sender=clone_sheep latest_message=我老公表示醒悟了，家 stop=false
time=2026-05-16T23:10:55.945+08:00 level=INFO msg=处理完成一个批次 latest_time="2026-05-16 14:19:24" latest_sender=我爱吃肠粉001 latest_message=是这样的，开电瓶车骂 stop=false
time=2026-05-16T23:10:57.921+08:00 level=INFO msg=处理完成一个批次 latest_time="2026-05-16 13:58:02" latest_sender=0x指纹 latest_message=现在大模型还能本地跑 stop=false
time=2026-05-16T23:10:59.862+08:00 level=INFO msg=处理完成一个批次 latest_time="2026-05-16 13:46:35" latest_sender=冰火岛的曾阿牛 latest_message=自己发电可爽了 stop=false
time=2026-05-16T23:11:01.518+08:00 level=INFO msg=处理完成一个批次 latest_time="2026-05-16 13:36:20" latest_sender=春天小羚羊 latest_message=terrorist里面没有阿[doge] stop=false
time=2026-05-16T23:11:03.215+08:00 level=INFO msg=处理完成一个批次 latest_time="2026-05-16 13:19:48" latest_sender=实数在奶孩子 latest_message="「你想想，现在token把\xe4" stop=false
time=2026-05-16T23:11:04.935+08:00 level=INFO msg=处理完成一个批次 latest_time="2026-05-16 13:02:30" latest_sender=黄健楸 latest_message="“你这台 Agent 要接 98 \xe5" stop=false
time=2026-05-16T23:11:07.576+08:00 level=INFO msg=处理完成一个批次 latest_time="2026-05-16 12:40:10" latest_sender=小鹿纯子买咸酸 latest_message="「图片」\n- - - - - - - - -" stop=false
time=2026-05-16T23:11:09.909+08:00 level=INFO msg=处理完成一个批次 latest_time="2026-05-16 11:56:53" latest_sender=有种来中路 latest_message=五年变局加速演进，群 stop=false
time=2026-05-16T23:11:12.281+08:00 level=INFO msg=处理完成一个批次 latest_time="2026-05-16 11:32:44" latest_sender=星光大盗_ latest_message="「是不是 27 分钟的这\xe4\xb8" stop=false
time=2026-05-16T23:11:14.398+08:00 level=INFO msg=处理完成一个批次 latest_time="2026-05-16 11:16:07" latest_sender=星光大盗_ latest_message="b站没找到完整视频，\xe5\xa4" stop=false
time=2026-05-16T23:11:16.627+08:00 level=INFO msg=处理完成一个批次 latest_time="2026-05-16 10:51:01" latest_sender=花小生鱼 latest_message=「「被她的声音欺骗到 stop=false
time=2026-05-16T23:11:18.286+08:00 level=INFO msg=处理完成一个批次 latest_time="2026-05-16 10:41:45" latest_sender=勇敢积极的24号反派 latest_message="「@小大饼:为什么每次\xe9" stop=false
time=2026-05-16T23:11:20.705+08:00 level=INFO msg=处理完成一个批次 latest_time="2026-05-16 10:26:16" latest_sender=小大饼 latest_message=卧槽，草特朗普 stop=false
time=2026-05-16T23:11:23.133+08:00 level=INFO msg=处理完成一个批次 latest_time="2026-05-16 10:06:43" latest_sender=closvz latest_message=「「空军一号落地后川 stop=false
time=2026-05-16T23:11:25.047+08:00 level=INFO msg=处理完成一个批次 latest_time="2026-05-16 09:51:20" latest_sender=时间的小偷t latest_message=「我之前看到这个视频 stop=false
time=2026-05-16T23:11:27.588+08:00 level=INFO msg=处理完成一个批次 latest_time="2026-05-16 09:34:19" latest_sender=一丛韭菜 latest_message="「图片」\n- - - - - - - - -" stop=false
time=2026-05-16T23:11:29.330+08:00 level=INFO msg=处理完成一个批次 latest_time="2026-05-16 09:22:51" latest_sender=四岚1883 latest_message=她是真盲人还是假盲人 stop=false
time=2026-05-16T23:11:31.259+08:00 level=INFO msg=处理完成一个批次 latest_time="2026-05-16 09:13:13" latest_sender=用户6937199137 latest_message="现在网上的内容要么 AI" stop=false
time=2026-05-16T23:11:34.985+08:00 level=INFO msg=处理完成一个批次 latest_time="2026-05-16 08:44:20" latest_sender=楼雨晴Lo latest_message=分享图片 stop=false
time=2026-05-16T23:11:36.597+08:00 level=INFO msg=处理完成一个批次 latest_time="2026-05-16 07:55:49" latest_sender=快乐沉思录 latest_message=早 stop=false
time=2026-05-16T23:11:53.612+08:00 level=WARN msg="通过响应监听下载 fid 失败，尝试回退到浏览器内 fetch" fid=5299037649503126 err="timeout:Timeout 15000.00ms exceeded."
time=2026-05-16T23:11:53.691+08:00 level=WARN msg="浏览器内 fetch 下载 fid 失败" fid=5299037649503126 url="https://upload.api.weibo.com/2/mss/msget?fid=5299037649503126&source=209678993&imageType=origin&ts=1778944313613" err="TypeError: Failed to fetch"
time=2026-05-16T23:11:53.733+08:00 level=WARN msg="浏览器内 fetch 下载 fid 失败" fid=5299037649503126 url="https://upload.api.weibo.com/2/mss/msget?fid=5299037649503126&touid=4761715839862414&ts=1778944313613" err="TypeError: Failed to fetch"
time=2026-05-16T23:11:53.808+08:00 level=WARN msg="浏览器内 fetch 下载 fid 失败" fid=5299037649503126 url="https://upload.api.weibo.com/2/mss/msget?fid=5299037649503126&source=209678993&touid=4761715839862414&imageType=origin&ts=1778944313613" err="TypeError: Failed to fetch"
time=2026-05-16T23:11:53.809+08:00 level=WARN msg="浏览器内 fid 下载全部失败，尝试直接 HTTP 下载" fid=5299037649503126 err="TypeError: Failed to fetch"
time=2026-05-16T23:11:54.228+08:00 level=INFO msg="fid 媒体已通过直接 HTTP 回退下载成功" fid=5299037649503126 path=/home/duty/weibo_cron/chat_media_downloads/img_5299037649503126_茧房日报260515.pdf
time=2026-05-16T23:11:54.229+08:00 level=INFO msg=处理完成一个批次 latest_time="2026-05-16 06:26:03" latest_sender=吃完麻辣烫后想来点甜 latest_message=早早早 stop=false
time=2026-05-16T23:11:57.547+08:00 level=INFO msg=处理完成一个批次 latest_time="2026-05-15 23:43:24" latest_sender=HorcruxerzzZ latest_message=http://weibo.com/7953761169/QF stop=true
time=2026-05-16T23:11:57.572+08:00 level=INFO msg=群聊历史抓取完成 new_count=829 history_dir=/home/duty/weibo_cron/clean_history state_file=/home/duty/weibo_cron/group_chat_state.json
time=2026-05-16T23:12:02.312+08:00 level=INFO msg=群聊摘要推送完成 message_count=1
/usr/bin/xvfb-run: line 185: kill: (929011) - No such process
time=2026-05-17T23:10:03.121+08:00 level=INFO msg=群聊模式配置加载完成 config=config.groupchat.yaml
time=2026-05-17T23:10:07.428+08:00 level=INFO msg=打开微博群聊页面 url="https://api.weibo.com/chat/#/chat?check_gid=4761715839862414&source_from=11" user_data_dir=/home/duty/weibo_cron/weibo_user_data browser_channel=chrome
time=2026-05-17T23:10:08.398+08:00 level=INFO msg=如未登录，请在打开的浏览器中完成登录；程序正在等待群聊消息接口返回
time=2026-05-17T23:10:09.447+08:00 level=INFO msg=群聊页面已加载，开始抓取历史消息
time=2026-05-17T23:10:10.667+08:00 level=INFO msg=处理完成一个批次 latest_time="2026-05-17 23:03:11" latest_sender=星逸几度秋_ latest_message="「「「视频」\n- - - - - -" stop=false
time=2026-05-17T23:10:11.668+08:00 level=INFO msg=处理完成一个批次 latest_time="2026-05-17 22:02:51" latest_sender=亲爱的L先森 latest_message=「以前有部电影叫《前 stop=false
time=2026-05-17T23:10:13.376+08:00 level=INFO msg=处理完成一个批次 latest_time="2026-05-17 20:51:15" latest_sender=冰火岛的曾阿牛 latest_message="冰火岛的曾阿牛 撤回\xe4\xba" stop=false
time=2026-05-17T23:10:15.778+08:00 level=INFO msg=处理完成一个批次 latest_time="2026-05-17 20:27:18" latest_sender=在公车上吃花生酱的浣熊 latest_message=发现罗伯特可以发语音 stop=false
time=2026-05-17T23:10:18.538+08:00 level=INFO msg=处理完成一个批次 latest_time="2026-05-17 19:55:34" latest_sender=Hollyw00d latest_message="「图片」\n- - - - - - - - -" stop=false
time=2026-05-17T23:10:28.348+08:00 level=INFO msg=处理完成一个批次 latest_time="2026-05-17 18:58:50" latest_sender=铜冰鉴43228 latest_message=分享视频 stop=false
time=2026-05-17T23:10:30.201+08:00 level=INFO msg=处理完成一个批次 latest_time="2026-05-17 18:25:04" latest_sender=肥圆真君_WWW latest_message="「微博」\n- - - - - - - - -" stop=false
time=2026-05-17T23:10:32.688+08:00 level=INFO msg=处理完成一个批次 latest_time="2026-05-17 18:09:11" latest_sender=茴字的1970种写法 latest_message=咸饭？ stop=false
time=2026-05-17T23:10:35.159+08:00 level=INFO msg=处理完成一个批次 latest_time="2026-05-17 17:16:00" latest_sender=nkaifang latest_message=分享图片 stop=false
time=2026-05-17T23:10:37.716+08:00 level=INFO msg=处理完成一个批次 latest_time="2026-05-17 17:03:35" latest_sender=我爱吃肠粉001 latest_message=「这年头儿有情有义都 stop=false
time=2026-05-17T23:10:39.770+08:00 level=INFO msg=处理完成一个批次 latest_time="2026-05-17 16:35:18" latest_sender=北角60度 latest_message="北角60度 撤回了一条消" stop=false
time=2026-05-17T23:10:42.078+08:00 level=INFO msg=处理完成一个批次 latest_time="2026-05-17 16:20:46" latest_sender=黄健楸 latest_message=你喜欢喝酒吗 stop=false
time=2026-05-17T23:10:43.766+08:00 level=INFO msg=处理完成一个批次 latest_time="2026-05-17 16:06:22" latest_sender=谢喜儿 latest_message="「微博」\n- - - - - - - - -" stop=false
time=2026-05-17T23:10:45.434+08:00 level=INFO msg=处理完成一个批次 latest_time="2026-05-17 15:31:28" latest_sender=茴字的1970种写法 latest_message=土木人也就是少了一点 stop=false
time=2026-05-17T23:10:47.090+08:00 level=INFO msg=处理完成一个批次 latest_time="2026-05-17 15:24:00" latest_sender=茴字的1970种写法 latest_message=不不，你这个是误会了 stop=false
time=2026-05-17T23:10:49.455+08:00 level=INFO msg=处理完成一个批次 latest_time="2026-05-17 14:55:58" latest_sender=____方格 latest_message=寿司郎 stop=false
time=2026-05-17T23:10:52.163+08:00 level=INFO msg=处理完成一个批次 latest_time="2026-05-17 14:34:38" latest_sender=clone_sheep latest_message=「剧透的越来越多了， stop=false
time=2026-05-17T23:10:54.608+08:00 level=INFO msg=处理完成一个批次 latest_time="2026-05-17 14:11:13" latest_sender=任_朝暮_ latest_message=分享图片 stop=false
time=2026-05-17T23:10:56.576+08:00 level=INFO msg=处理完成一个批次 latest_time="2026-05-17 13:22:47" latest_sender=HorcruxerzzZ latest_message=http://weibo.com/1272568772/QF stop=false
time=2026-05-17T23:11:00.176+08:00 level=INFO msg=处理完成一个批次 latest_time="2026-05-17 12:29:07" latest_sender=等下就去吃饭 latest_message=http://weibo.com/1111681197/QF stop=false
time=2026-05-17T23:11:02.558+08:00 level=INFO msg=处理完成一个批次 latest_time="2026-05-17 11:21:26" latest_sender=胖子快醒醒 latest_message=「「关键词我一下子想 stop=false
time=2026-05-17T23:11:04.217+08:00 level=INFO msg=处理完成一个批次 latest_time="2026-05-17 11:03:09" latest_sender=胖子快醒醒 latest_message=群友们，日常咨询医疗 stop=false
time=2026-05-17T23:11:05.951+08:00 level=INFO msg=处理完成一个批次 latest_time="2026-05-17 10:40:24" latest_sender=小大饼 latest_message=我再想想 stop=false
time=2026-05-17T23:11:07.967+08:00 level=INFO msg=处理完成一个批次 latest_time="2026-05-17 10:16:58" latest_sender=HelloWildWorld latest_message=正常成年人都是为自己 stop=false
time=2026-05-17T23:11:10.286+08:00 level=INFO msg=处理完成一个批次 latest_time="2026-05-17 09:39:05" latest_sender=一只方阿 latest_message=分享图片 stop=false
time=2026-05-17T23:11:12.155+08:00 level=INFO msg=处理完成一个批次 latest_time="2026-05-17 09:06:37" latest_sender=阿尼亚是安妮亞 latest_message=早早w stop=false
time=2026-05-17T23:11:20.614+08:00 level=INFO msg=处理完成一个批次 latest_time="2026-05-17 08:07:09" latest_sender=fromheart596 latest_message=早 stop=false
time=2026-05-17T23:11:37.342+08:00 level=WARN msg="通过响应监听下载 fid 失败，尝试回退到浏览器内 fetch" fid=5299399830012140 err="timeout:Timeout 15000.00ms exceeded."
time=2026-05-17T23:11:37.405+08:00 level=WARN msg="浏览器内 fetch 下载 fid 失败" fid=5299399830012140 url="https://upload.api.weibo.com/2/mss/msget?fid=5299399830012140&source=209678993&imageType=origin&ts=1779030697342" err="TypeError: Failed to fetch"
time=2026-05-17T23:11:37.440+08:00 level=WARN msg="浏览器内 fetch 下载 fid 失败" fid=5299399830012140 url="https://upload.api.weibo.com/2/mss/msget?fid=5299399830012140&touid=4761715839862414&ts=1779030697342" err="TypeError: Failed to fetch"
time=2026-05-17T23:11:37.563+08:00 level=WARN msg="浏览器内 fetch 下载 fid 失败" fid=5299399830012140 url="https://upload.api.weibo.com/2/mss/msget?fid=5299399830012140&source=209678993&touid=4761715839862414&imageType=origin&ts=1779030697342" err="TypeError: Failed to fetch"
time=2026-05-17T23:11:37.563+08:00 level=WARN msg="浏览器内 fid 下载全部失败，尝试直接 HTTP 下载" fid=5299399830012140 err="TypeError: Failed to fetch"
time=2026-05-17T23:11:37.856+08:00 level=INFO msg="fid 媒体已通过直接 HTTP 回退下载成功" fid=5299399830012140 path=/home/duty/weibo_cron/chat_media_downloads/img_5299399830012140_茧房日报260516.pdf
time=2026-05-17T23:11:37.857+08:00 level=INFO msg=处理完成一个批次 latest_time="2026-05-17 04:06:05" latest_sender=粉丝群 latest_message=恭喜羽化的布偶获得“ stop=true
time=2026-05-17T23:11:37.874+08:00 level=INFO msg=群聊历史抓取完成 new_count=549 history_dir=/home/duty/weibo_cron/clean_history state_file=/home/duty/weibo_cron/group_chat_state.json
time=2026-05-17T23:11:40.344+08:00 level=INFO msg=群聊摘要推送完成 message_count=1
/usr/bin/xvfb-run: line 185: kill: (947174) - No such process
time=2026-05-18T23:10:03.842+08:00 level=INFO msg=群聊模式配置加载完成 config=config.groupchat.yaml
time=2026-05-18T23:10:08.128+08:00 level=INFO msg=打开微博群聊页面 url="https://api.weibo.com/chat/#/chat?check_gid=4761715839862414&source_from=11" user_data_dir=/home/duty/weibo_cron/weibo_user_data browser_channel=chrome
time=2026-05-18T23:10:09.104+08:00 level=INFO msg=如未登录，请在打开的浏览器中完成登录；程序正在等待群聊消息接口返回
time=2026-05-18T23:10:10.258+08:00 level=INFO msg=群聊页面已加载，开始抓取历史消息
time=2026-05-18T23:10:10.455+08:00 level=INFO msg=处理完成一个批次 latest_time="2026-05-18 23:08:34" latest_sender=Seaces latest_message=[抱一抱][抱一抱] stop=false
time=2026-05-18T23:10:11.197+08:00 level=INFO msg=处理完成一个批次 latest_time="2026-05-18 23:02:27" latest_sender=雨石plus latest_message=看来这头像容易让人误 stop=false
time=2026-05-18T23:10:13.255+08:00 level=INFO msg=处理完成一个批次 latest_time="2026-05-18 22:51:25" latest_sender=germer_123 latest_message="苹果大概率跟 ai 厂商\xe5\x90" stop=false
time=2026-05-18T23:10:15.245+08:00 level=INFO msg=处理完成一个批次 latest_time="2026-05-18 22:33:56" latest_sender=春天小羚羊 latest_message=还和雷军约过战 stop=false
time=2026-05-18T23:10:17.179+08:00 level=INFO msg=处理完成一个批次 latest_time="2026-05-18 22:22:51" latest_sender=茴字的1970种写法 latest_message=李厂长打过数字公司的 stop=false
time=2026-05-18T23:10:19.057+08:00 level=INFO msg=处理完成一个批次 latest_time="2026-05-18 22:16:55" latest_sender=茴字的1970种写法 latest_message=这件事对我唯一的成果 stop=false
time=2026-05-18T23:10:20.747+08:00 level=INFO msg=处理完成一个批次 latest_time="2026-05-18 22:09:44" latest_sender=星逸几度秋_ latest_message=「谷歌刚刚历史新高， stop=false
time=2026-05-18T23:10:22.416+08:00 level=INFO msg=处理完成一个批次 latest_time="2026-05-18 21:57:05" latest_sender=小大饼 latest_message=刚开完会 stop=false
time=2026-05-18T23:10:24.096+08:00 level=INFO msg=处理完成一个批次 latest_time="2026-05-18 21:30:34" latest_sender=Monkey_D_Law latest_message=招行挺好的。可以在里 stop=false
time=2026-05-18T23:10:26.045+08:00 level=INFO msg=处理完成一个批次 latest_time="2026-05-18 21:13:06" latest_sender=梦星河200602 latest_message=赚钱其实啥时候都能卖 stop=false
time=2026-05-18T23:10:27.732+08:00 level=INFO msg=处理完成一个批次 latest_time="2026-05-18 20:53:38" latest_sender=古拉TE latest_message=http://weibo.com/1871474290/R0 stop=false
time=2026-05-18T23:10:29.487+08:00 level=INFO msg=处理完成一个批次 latest_time="2026-05-18 20:44:52" latest_sender=任_朝暮_ latest_message=天价金眼 stop=false
time=2026-05-18T23:10:31.146+08:00 level=INFO msg=处理完成一个批次 latest_time="2026-05-18 20:38:07" latest_sender=梦星河200602 latest_message="腾讯云不太好用_(:з」\xe2" stop=false
time=2026-05-18T23:10:34.025+08:00 level=INFO msg=处理完成一个批次 latest_time="2026-05-18 20:19:13" latest_sender=梦星河200602 latest_message="「微博」\n- - - - - - - - -" stop=false
time=2026-05-18T23:10:36.117+08:00 level=INFO msg=处理完成一个批次 latest_time="2026-05-18 20:03:02" latest_sender=SnowChou latest_message="「微博」\n- - - - - - - - -" stop=false
time=2026-05-18T23:10:37.746+08:00 level=INFO msg=处理完成一个批次 latest_time="2026-05-18 19:42:18" latest_sender=干饭大作手的学习日记 latest_message=藏狐？ stop=false
time=2026-05-18T23:10:40.598+08:00 level=INFO msg=处理完成一个批次 latest_time="2026-05-18 19:15:17" latest_sender=小大饼 latest_message=[傻眼][傻眼][傻眼] stop=false
time=2026-05-18T23:10:42.305+08:00 level=INFO msg=处理完成一个批次 latest_time="2026-05-18 19:03:58" latest_sender=茴字的1970种写法 latest_message=恒科我就不行坐四十年 stop=false
time=2026-05-18T23:10:44.372+08:00 level=INFO msg=处理完成一个批次 latest_time="2026-05-18 18:57:06" latest_sender=天青色等烟雨201403 latest_message=复联就是人太多涨不起 stop=false
time=2026-05-18T23:10:46.056+08:00 level=INFO msg=处理完成一个批次 latest_time="2026-05-18 18:39:53" latest_sender=____方格 latest_message=「@茴字的1970种写法：@ stop=false
time=2026-05-18T23:10:47.768+08:00 level=INFO msg=处理完成一个批次 latest_time="2026-05-18 18:33:42" latest_sender=tombkeeper latest_message=而是积极地通过行动从 stop=false
time=2026-05-18T23:10:50.007+08:00 level=INFO msg=处理完成一个批次 latest_time="2026-05-18 18:19:19" latest_sender=等下就去吃饭 latest_message="等下就去吃饭 撤回了\xe4\xb8" stop=false
time=2026-05-18T23:10:51.836+08:00 level=INFO msg=处理完成一个批次 latest_time="2026-05-18 18:10:38" latest_sender=蓦回溯光 latest_message="「「「@蓦回溯光 当日\xe6" stop=false
time=2026-05-18T23:10:54.106+08:00 level=INFO msg=处理完成一个批次 latest_time="2026-05-18 18:00:11" latest_sender=茴字的1970种写法 latest_message="「求助，以前tk是不是\xe5" stop=false
time=2026-05-18T23:10:56.237+08:00 level=INFO msg=处理完成一个批次 latest_time="2026-05-18 17:53:59" latest_sender=阿尼亚是安妮亞 latest_message=我今天也遇到了读不了 stop=false
time=2026-05-18T23:10:59.015+08:00 level=INFO msg=处理完成一个批次 latest_time="2026-05-18 17:46:30" latest_sender=HorcruxerzzZ latest_message=「这个报告发出的时间 stop=false
time=2026-05-18T23:11:00.647+08:00 level=INFO msg=处理完成一个批次 latest_time="2026-05-18 17:39:32" latest_sender=亲爱的L先森 latest_message=非常好的国人在远东种 stop=false
time=2026-05-18T23:11:02.367+08:00 level=INFO msg=处理完成一个批次 latest_time="2026-05-18 17:21:38" latest_sender=蓦回溯光 latest_message=有个bug在于，提新股的 stop=false
time=2026-05-18T23:11:04.571+08:00 level=INFO msg=处理完成一个批次 latest_time="2026-05-18 16:26:28" latest_sender=3ric2hao latest_message=分享图片 stop=false
time=2026-05-18T23:11:06.541+08:00 level=INFO msg=处理完成一个批次 latest_time="2026-05-18 16:05:32" latest_sender=小鹿纯子买咸酸 latest_message="准备子弹狠狠抄大底[\xe5\xa4" stop=false
time=2026-05-18T23:11:08.233+08:00 level=INFO msg=处理完成一个批次 latest_time="2026-05-18 15:51:22" latest_sender=万物既渺小又伟大 latest_message="「「@Bonoboooo:夏天养生\xe7" stop=false
time=2026-05-18T23:11:10.349+08:00 level=INFO msg=处理完成一个批次 latest_time="2026-05-18 15:44:32" latest_sender=响当当当的铜豌豆 latest_message=最近有两家医院信息科 stop=false
time=2026-05-18T23:11:13.084+08:00 level=INFO msg=处理完成一个批次 latest_time="2026-05-18 15:29:16" latest_sender=花小生鱼 latest_message=分享图片 stop=false
time=2026-05-18T23:11:14.701+08:00 level=INFO msg=处理完成一个批次 latest_time="2026-05-18 15:11:26" latest_sender=我爱吃肠粉001 latest_message=[老师好] stop=false
time=2026-05-18T23:11:16.458+08:00 level=INFO msg=处理完成一个批次 latest_time="2026-05-18 14:59:04" latest_sender=我爱吃肠粉001 latest_message="「改成这样了：Adopt an " stop=false
time=2026-05-18T23:11:18.784+08:00 level=INFO msg=处理完成一个批次 latest_time="2026-05-18 14:27:39" latest_sender=黄健楸 latest_message="「图片」\n- - - - - - - - -" stop=false
time=2026-05-18T23:11:21.162+08:00 level=INFO msg=处理完成一个批次 latest_time="2026-05-18 13:56:34" latest_sender=Aviator_hu latest_message=「我经常有一些想法， stop=false
time=2026-05-18T23:11:24.339+08:00 level=INFO msg=处理完成一个批次 latest_time="2026-05-18 13:41:43" latest_sender=梦星河200602 latest_message="chatgpt 之前的英伟达，\xe8" stop=false
time=2026-05-18T23:11:26.018+08:00 level=INFO msg=处理完成一个批次 latest_time="2026-05-18 12:44:15" latest_sender=羽化的布偶 latest_message="「微博」\n- - - - - - - - -" stop=false
time=2026-05-18T23:11:28.085+08:00 level=INFO msg=处理完成一个批次 latest_time="2026-05-18 12:29:55" latest_sender=Aurora白White-little-hajimi latest_message=撤回的啥呀？ stop=false
time=2026-05-18T23:11:29.821+08:00 level=INFO msg=处理完成一个批次 latest_time="2026-05-18 12:20:28" latest_sender=Aurora白White-little-hajimi latest_message=大家记得研究一下相关 stop=false
time=2026-05-18T23:11:31.668+08:00 level=INFO msg=处理完成一个批次 latest_time="2026-05-18 12:13:11" latest_sender=HorcruxerzzZ latest_message=恒科相对上证，已经处 stop=false
time=2026-05-18T23:11:33.714+08:00 level=INFO msg=处理完成一个批次 latest_time="2026-05-18 12:06:43" latest_sender=Aurora白White-little-hajimi latest_message=我100斩钉截铁卖了 stop=false
time=2026-05-18T23:11:35.419+08:00 level=INFO msg=处理完成一个批次 latest_time="2026-05-18 11:58:27" latest_sender=冰火岛的曾阿牛 latest_message=「空差其实可以间接买 stop=false
time=2026-05-18T23:11:37.115+08:00 level=INFO msg=处理完成一个批次 latest_time="2026-05-18 11:51:31" latest_sender=梦星河200602 latest_message=小鹏是具身智能 stop=false
time=2026-05-18T23:11:40.166+08:00 level=INFO msg=处理完成一个批次 latest_time="2026-05-18 11:27:10" latest_sender=粉丝群 latest_message=涉及资金问题请务必提 stop=false
time=2026-05-18T23:11:42.836+08:00 level=INFO msg=处理完成一个批次 latest_time="2026-05-18 10:50:23" latest_sender=SnowChou latest_message=分享图片 stop=false
time=2026-05-18T23:11:47.444+08:00 level=INFO msg=处理完成一个批次 latest_time="2026-05-18 10:07:09" latest_sender=阿尼亚是安妮亞 latest_message=「关键是你爱吃还不胖 stop=false
time=2026-05-18T23:11:49.533+08:00 level=INFO msg=处理完成一个批次 latest_time="2026-05-18 09:34:06" latest_sender=----Barbara latest_message="「「花掉未来 30 年的\xe6\x94" stop=false
time=2026-05-18T23:11:51.646+08:00 level=INFO msg=处理完成一个批次 latest_time="2026-05-18 09:05:39" latest_sender=iiiilic latest_message=早 stop=false
time=2026-05-18T23:11:53.366+08:00 level=INFO msg=处理完成一个批次 latest_time="2026-05-18 08:18:20" latest_sender=达芬奇喝冰水 latest_message=早 stop=false
time=2026-05-18T23:12:10.045+08:00 level=WARN msg="通过响应监听下载 fid 失败，尝试回退到浏览器内 fetch" fid=5299761208885498 err="timeout:Timeout 15000.00ms exceeded."
time=2026-05-18T23:12:10.123+08:00 level=WARN msg="浏览器内 fetch 下载 fid 失败" fid=5299761208885498 url="https://upload.api.weibo.com/2/mss/msget?fid=5299761208885498&source=209678993&imageType=origin&ts=1779117130045" err="TypeError: Failed to fetch"
time=2026-05-18T23:12:10.169+08:00 level=WARN msg="浏览器内 fetch 下载 fid 失败" fid=5299761208885498 url="https://upload.api.weibo.com/2/mss/msget?fid=5299761208885498&touid=4761715839862414&ts=1779117130045" err="TypeError: Failed to fetch"
time=2026-05-18T23:12:10.304+08:00 level=WARN msg="浏览器内 fetch 下载 fid 失败" fid=5299761208885498 url="https://upload.api.weibo.com/2/mss/msget?fid=5299761208885498&source=209678993&touid=4761715839862414&imageType=origin&ts=1779117130045" err="TypeError: Failed to fetch"
time=2026-05-18T23:12:10.304+08:00 level=WARN msg="浏览器内 fid 下载全部失败，尝试直接 HTTP 下载" fid=5299761208885498 err="TypeError: Failed to fetch"
time=2026-05-18T23:12:10.563+08:00 level=INFO msg="fid 媒体已通过直接 HTTP 回退下载成功" fid=5299761208885498 path=/home/duty/weibo_cron/chat_media_downloads/img_5299761208885498_茧房日报260517.pdf
time=2026-05-18T23:12:10.564+08:00 level=INFO msg=处理完成一个批次 latest_time="2026-05-18 06:59:35" latest_sender=天青色等烟雨201403 latest_message=早 stop=false
time=2026-05-18T23:12:13.151+08:00 level=INFO msg=处理完成一个批次 latest_time="2026-05-18 01:34:00" latest_sender=粉丝群 latest_message=恭喜水温合适获得“锦 stop=false
time=2026-05-18T23:12:30.066+08:00 level=WARN msg="通过响应监听下载 fid 失败，尝试回退到浏览器内 fetch" fid=5299707405405032 err="timeout:Timeout 15000.00ms exceeded."
time=2026-05-18T23:12:30.290+08:00 level=WARN msg="浏览器内 fetch 下载 fid 失败" fid=5299707405405032 url="https://upload.api.weibo.com/2/mss/msget?fid=5299707405405032&source=209678993&imageType=origin&ts=1779117150066" err="TypeError: Failed to fetch"
time=2026-05-18T23:12:30.360+08:00 level=WARN msg="浏览器内 fetch 下载 fid 失败" fid=5299707405405032 url="https://upload.api.weibo.com/2/mss/msget?fid=5299707405405032&touid=4761715839862414&ts=1779117150066" err="TypeError: Failed to fetch"
time=2026-05-18T23:12:30.572+08:00 level=WARN msg="浏览器内 fetch 下载 fid 失败" fid=5299707405405032 url="https://upload.api.weibo.com/2/mss/msget?fid=5299707405405032&source=209678993&touid=4761715839862414&imageType=origin&ts=1779117150066" err="TypeError: Failed to fetch"
time=2026-05-18T23:12:30.572+08:00 level=WARN msg="浏览器内 fid 下载全部失败，尝试直接 HTTP 下载" fid=5299707405405032 err="TypeError: Failed to fetch"
time=2026-05-18T23:12:30.834+08:00 level=INFO msg="fid 媒体已通过直接 HTTP 回退下载成功" fid=5299707405405032 path=/home/duty/weibo_cron/chat_media_downloads/img_5299707405405032_七日丝_260517.pdf
time=2026-05-18T23:12:30.834+08:00 level=INFO msg=处理完成一个批次 latest_time="2026-05-18 00:04:52" latest_sender=星逸几度秋_ latest_message=原来是我被其他的东西 stop=false
time=2026-05-18T23:12:33.563+08:00 level=INFO msg=处理完成一个批次 latest_time="2026-05-17 23:28:54" latest_sender=o0李筱楼0o latest_message=我觉得像《给阿嬷的情 stop=true
time=2026-05-18T23:12:33.607+08:00 level=INFO msg=群聊历史抓取完成 new_count=1086 history_dir=/home/duty/weibo_cron/clean_history state_file=/home/duty/weibo_cron/group_chat_state.json
time=2026-05-18T23:12:49.074+08:00 level=INFO msg=群聊摘要推送完成 message_count=1
/usr/bin/xvfb-run: line 185: kill: (965250) - No such process
time=2026-05-19T23:10:03.171+08:00 level=INFO msg=群聊模式配置加载完成 config=config.groupchat.yaml
time=2026-05-19T23:10:07.287+08:00 level=INFO msg=打开微博群聊页面 url="https://api.weibo.com/chat/#/chat?check_gid=4761715839862414&source_from=11" user_data_dir=/home/duty/weibo_cron/weibo_user_data browser_channel=chrome
time=2026-05-19T23:10:08.278+08:00 level=INFO msg=如未登录，请在打开的浏览器中完成登录；程序正在等待群聊消息接口返回
time=2026-05-19T23:10:09.268+08:00 level=INFO msg=群聊页面已加载，开始抓取历史消息
time=2026-05-19T23:10:21.567+08:00 level=INFO msg=处理完成一个批次 latest_time="2026-05-19 23:08:21" latest_sender=粉丝群 latest_message=涉及资金问题请务必提 stop=false
time=2026-05-19T23:10:21.968+08:00 level=INFO msg=处理完成一个批次 latest_time="2026-05-19 22:33:15" latest_sender=万物既渺小又伟大 latest_message="「「「图片」\n- - - - - -" stop=false
time=2026-05-19T23:10:23.810+08:00 level=INFO msg=处理完成一个批次 latest_time="2026-05-19 22:20:29" latest_sender=梦星河200602 latest_message="还是买了 ko" stop=false
time=2026-05-19T23:10:25.747+08:00 level=INFO msg=处理完成一个批次 latest_time="2026-05-19 21:39:19" latest_sender=CooperF03 latest_message=【关于“活着”，我们 stop=false
time=2026-05-19T23:10:27.690+08:00 level=INFO msg=处理完成一个批次 latest_time="2026-05-19 21:23:31" latest_sender=slipknot-li latest_message=别啊，刚画到巨人国 stop=false
time=2026-05-19T23:10:29.635+08:00 level=INFO msg=处理完成一个批次 latest_time="2026-05-19 21:17:18" latest_sender=春天小羚羊 latest_message=「所以她才觉得奖金都 stop=false
time=2026-05-19T23:10:31.727+08:00 level=INFO msg=处理完成一个批次 latest_time="2026-05-19 21:12:03" latest_sender=自由的西瓜L latest_message=零几年那次的？ stop=false
time=2026-05-19T23:10:33.576+08:00 level=INFO msg=处理完成一个批次 latest_time="2026-05-19 21:05:10" latest_sender=我爱吃肠粉001 latest_message=好像是用推荐算法的听 stop=false
time=2026-05-19T23:10:36.063+08:00 level=INFO msg=处理完成一个批次 latest_time="2026-05-19 20:37:38" latest_sender=书包会唱歌呀 latest_message=啊，偏头痛厉害，右耳 stop=false
time=2026-05-19T23:10:38.641+08:00 level=INFO msg=处理完成一个批次 latest_time="2026-05-19 20:23:09" latest_sender=拾人牙慧的复读机 latest_message="「图片」\n- - - - - - - - -" stop=false
time=2026-05-19T23:10:40.379+08:00 level=INFO msg=处理完成一个批次 latest_time="2026-05-19 19:31:53" latest_sender=CooperF03 latest_message=[good] stop=false
time=2026-05-19T23:10:42.118+08:00 level=INFO msg=处理完成一个批次 latest_time="2026-05-19 19:10:44" latest_sender=小大饼 latest_message=「「可以买那种缤纷口 stop=false
time=2026-05-19T23:10:44.095+08:00 level=INFO msg=处理完成一个批次 latest_time="2026-05-19 19:03:13" latest_sender=小大饼 latest_message=今天喜欢的女同学没来 stop=false
time=2026-05-19T23:10:46.907+08:00 level=INFO msg=处理完成一个批次 latest_time="2026-05-19 18:52:24" latest_sender=拱bot latest_message=「「大米先生和老乡鸡 stop=false
time=2026-05-19T23:10:49.149+08:00 level=INFO msg=处理完成一个批次 latest_time="2026-05-19 18:28:45" latest_sender=拱bot latest_message=大米先生和老乡鸡有一 stop=false
time=2026-05-19T23:11:05.873+08:00 level=WARN msg="通过响应监听下载 fid 失败，尝试回退到浏览器内 fetch" fid=5300345265717977 err="timeout:Timeout 15000.00ms exceeded."
time=2026-05-19T23:11:05.971+08:00 level=WARN msg="浏览器内 fetch 下载 fid 失败" fid=5300345265717977 url="https://upload.api.weibo.com/2/mss/msget?fid=5300345265717977&source=209678993&imageType=origin&ts=1779203465873" err="TypeError: Failed to fetch"
time=2026-05-19T23:11:06.242+08:00 level=WARN msg="浏览器内 fetch 下载 fid 失败" fid=5300345265717977 url="https://upload.api.weibo.com/2/mss/msget?fid=5300345265717977&touid=4761715839862414&ts=1779203465873" err="TypeError: Failed to fetch"
time=2026-05-19T23:11:06.318+08:00 level=WARN msg="浏览器内 fetch 下载 fid 失败" fid=5300345265717977 url="https://upload.api.weibo.com/2/mss/msget?fid=5300345265717977&source=209678993&touid=4761715839862414&imageType=origin&ts=1779203465873" err="TypeError: Failed to fetch"
time=2026-05-19T23:11:06.318+08:00 level=WARN msg="浏览器内 fid 下载全部失败，尝试直接 HTTP 下载" fid=5300345265717977 err="TypeError: Failed to fetch"
time=2026-05-19T23:11:09.881+08:00 level=INFO msg="fid 媒体已通过直接 HTTP 回退下载成功" fid=5300345265717977 path=/home/duty/weibo_cron/chat_media_downloads/img_5300345265717977_IMG_20260519_175042.jpg
time=2026-05-19T23:11:10.706+08:00 level=INFO msg=处理完成一个批次 latest_time="2026-05-19 17:56:00" latest_sender=雨石plus latest_message="「@雨石plus 为啥要同传" stop=false
time=2026-05-19T23:11:12.623+08:00 level=INFO msg=处理完成一个批次 latest_time="2026-05-19 17:35:17" latest_sender=我爱吃肠粉001 latest_message="Codex要不看看你在说什\xe4" stop=false
time=2026-05-19T23:11:14.342+08:00 level=INFO msg=处理完成一个批次 latest_time="2026-05-19 16:40:39" latest_sender=羽化的布偶 latest_message=先看的大字，没想到 stop=false
time=2026-05-19T23:11:16.905+08:00 level=INFO msg=处理完成一个批次 latest_time="2026-05-19 15:51:30" latest_sender=FFFFVIP latest_message="FFFFVIP 撤回了一条消息" stop=false
time=2026-05-19T23:11:18.782+08:00 level=INFO msg=处理完成一个批次 latest_time="2026-05-19 15:04:38" latest_sender=星逸几度秋_ latest_message="「微博」\n- - - - - - - - -" stop=false
time=2026-05-19T23:11:20.684+08:00 level=INFO msg=处理完成一个批次 latest_time="2026-05-19 14:37:55" latest_sender=我爱吃肠粉001 latest_message=我每天都睡不够，可能 stop=false
time=2026-05-19T23:11:22.950+08:00 level=INFO msg=处理完成一个批次 latest_time="2026-05-19 14:25:08" latest_sender=铜冰鉴43228 latest_message="@一团意大利面 你晚饭\xe4" stop=false
time=2026-05-19T23:11:25.778+08:00 level=INFO msg=处理完成一个批次 latest_time="2026-05-19 13:39:54" latest_sender=铜冰鉴43228 latest_message="「低咖免费的 3 杯，有" stop=false
time=2026-05-19T23:11:28.520+08:00 level=INFO msg=处理完成一个批次 latest_time="2026-05-19 12:27:24" latest_sender=茴字的1970种写法 latest_message=http://weibo.com/7877715091/R0 stop=false
time=2026-05-19T23:11:30.421+08:00 level=INFO msg=处理完成一个批次 latest_time="2026-05-19 11:53:04" latest_sender=春天小羚羊 latest_message=有需要可以咸鱼租 stop=false
time=2026-05-19T23:11:32.111+08:00 level=INFO msg=处理完成一个批次 latest_time="2026-05-19 11:33:43" latest_sender=用户6937199137 latest_message=用前公司的名义做业务 stop=false
time=2026-05-19T23:11:33.744+08:00 level=INFO msg=处理完成一个批次 latest_time="2026-05-19 11:12:02" latest_sender=用户6937199137 latest_message=梁博之前发的那些奇葩 stop=false
time=2026-05-19T23:11:35.687+08:00 level=INFO msg=处理完成一个批次 latest_time="2026-05-19 10:46:45" latest_sender=万物既渺小又伟大 latest_message=有色金属是真不行[笑cr stop=false
time=2026-05-19T23:11:37.466+08:00 level=INFO msg=处理完成一个批次 latest_time="2026-05-19 10:11:52" latest_sender=茴字的1970种写法 latest_message=电话骚扰和电话诈骗是 stop=false
time=2026-05-19T23:11:39.137+08:00 level=INFO msg=处理完成一个批次 latest_time="2026-05-19 09:43:09" latest_sender=雨石plus latest_message=真来了，我都想换车了 stop=false
time=2026-05-19T23:11:41.090+08:00 level=INFO msg=处理完成一个批次 latest_time="2026-05-19 09:25:16" latest_sender=梦星河200602 latest_message=看中芯国际要按照他们 stop=false
time=2026-05-19T23:11:44.053+08:00 level=INFO msg=处理完成一个批次 latest_time="2026-05-19 09:10:00" latest_sender=Tenacious_U latest_message="刚得知有个同学去kimi\xe4\xba" stop=false
time=2026-05-19T23:11:46.020+08:00 level=INFO msg=处理完成一个批次 latest_time="2026-05-19 08:22:52" latest_sender=在公车上吃花生酱的浣熊 latest_message=分享图片 stop=false
time=2026-05-19T23:11:48.219+08:00 level=INFO msg=处理完成一个批次 latest_time="2026-05-19 07:22:38" latest_sender=G_YBean latest_message=早 stop=false
time=2026-05-19T23:12:05.271+08:00 level=WARN msg="通过响应监听下载 fid 失败，尝试回退到浏览器内 fetch" fid=5300125360193677 err="timeout:Timeout 15000.00ms exceeded."
time=2026-05-19T23:12:05.364+08:00 level=WARN msg="浏览器内 fetch 下载 fid 失败" fid=5300125360193677 url="https://upload.api.weibo.com/2/mss/msget?fid=5300125360193677&source=209678993&imageType=origin&ts=1779203525271" err="TypeError: Failed to fetch"
time=2026-05-19T23:12:05.409+08:00 level=WARN msg="浏览器内 fetch 下载 fid 失败" fid=5300125360193677 url="https://upload.api.weibo.com/2/mss/msget?fid=5300125360193677&touid=4761715839862414&ts=1779203525271" err="TypeError: Failed to fetch"
time=2026-05-19T23:12:05.541+08:00 level=WARN msg="浏览器内 fetch 下载 fid 失败" fid=5300125360193677 url="https://upload.api.weibo.com/2/mss/msget?fid=5300125360193677&source=209678993&touid=4761715839862414&imageType=origin&ts=1779203525271" err="TypeError: Failed to fetch"
time=2026-05-19T23:12:05.541+08:00 level=WARN msg="浏览器内 fid 下载全部失败，尝试直接 HTTP 下载" fid=5300125360193677 err="TypeError: Failed to fetch"
time=2026-05-19T23:12:05.876+08:00 level=INFO msg="fid 媒体已通过直接 HTTP 回退下载成功" fid=5300125360193677 path=/home/duty/weibo_cron/chat_media_downloads/img_5300125360193677_茧房日报260518.pdf
time=2026-05-19T23:12:06.260+08:00 level=INFO msg=处理完成一个批次 latest_time="2026-05-19 06:12:23" latest_sender=粉丝群 latest_message=恭喜一只劒鯮今日获得 stop=false
time=2026-05-19T23:12:08.580+08:00 level=INFO msg=处理完成一个批次 latest_time="2026-05-18 23:46:02" latest_sender=小大饼 latest_message="TK 老师和娜娜互动惹" stop=false
time=2026-05-19T23:12:11.253+08:00 level=INFO msg=处理完成一个批次 latest_time="2026-05-18 23:31:50" latest_sender=Aviator_hu latest_message=李厂长近两年在内部的 stop=true
time=2026-05-19T23:12:11.275+08:00 level=INFO msg=群聊历史抓取完成 new_count=738 history_dir=/home/duty/weibo_cron/clean_history state_file=/home/duty/weibo_cron/group_chat_state.json
time=2026-05-19T23:12:14.735+08:00 level=INFO msg=群聊摘要推送完成 message_count=1
/usr/bin/xvfb-run: line 185: kill: (983436) - No such process
time=2026-05-20T23:10:04.004+08:00 level=INFO msg=群聊模式配置加载完成 config=config.groupchat.yaml
time=2026-05-20T23:10:08.368+08:00 level=INFO msg=打开微博群聊页面 url="https://api.weibo.com/chat/#/chat?check_gid=4761715839862414&source_from=11" user_data_dir=/home/duty/weibo_cron/weibo_user_data browser_channel=chrome
time=2026-05-20T23:10:09.335+08:00 level=INFO msg=如未登录，请在打开的浏览器中完成登录；程序正在等待群聊消息接口返回
time=2026-05-20T23:10:10.534+08:00 level=INFO msg=群聊页面已加载，开始抓取历史消息
time=2026-05-20T23:10:11.668+08:00 level=INFO msg=处理完成一个批次 latest_time="2026-05-20 23:09:53" latest_sender=黄健楸 latest_message=狮座有风怒词条 stop=false
time=2026-05-20T23:10:12.224+08:00 level=INFO msg=处理完成一个批次 latest_time="2026-05-20 22:58:19" latest_sender=Afeeeer latest_message=想对比看看 stop=false
time=2026-05-20T23:10:14.277+08:00 level=INFO msg=处理完成一个批次 latest_time="2026-05-20 22:45:13" latest_sender=germer_123 latest_message=十几年没断更，旧时代 stop=false
time=2026-05-20T23:10:15.982+08:00 level=INFO msg=处理完成一个批次 latest_time="2026-05-20 22:41:13" latest_sender=梦星河200602 latest_message=策略也没什么看的很厉 stop=false
time=2026-05-20T23:10:18.248+08:00 level=INFO msg=处理完成一个批次 latest_time="2026-05-20 22:24:44" latest_sender=梦星河200602 latest_message="「intl再比nvda多涨10%就\xe5" stop=false
time=2026-05-20T23:10:21.183+08:00 level=INFO msg=处理完成一个批次 latest_time="2026-05-20 22:13:51" latest_sender=干拌面过冷水 latest_message=分享图片 stop=false
time=2026-05-20T23:10:22.874+08:00 level=INFO msg=处理完成一个批次 latest_time="2026-05-20 21:55:36" latest_sender=星逸几度秋_ latest_message=妹的，忽然想到了那个 stop=false
time=2026-05-20T23:10:24.766+08:00 level=INFO msg=处理完成一个批次 latest_time="2026-05-20 21:45:23" latest_sender=古拉TE latest_message=我同学都一个发现的 stop=false
time=2026-05-20T23:10:27.033+08:00 level=INFO msg=处理完成一个批次 latest_time="2026-05-20 21:30:48" latest_sender=天青色等烟雨201403 latest_message=[动画表情] stop=false
time=2026-05-20T23:10:29.234+08:00 level=INFO msg=处理完成一个批次 latest_time="2026-05-20 21:15:33" latest_sender=梦星河200602 latest_message=嗯，需要混合键合 stop=false
time=2026-05-20T23:10:31.408+08:00 level=INFO msg=处理完成一个批次 latest_time="2026-05-20 20:50:34" latest_sender=梦星河200602 latest_message=http://weibo.com/7953761169/QF stop=false
time=2026-05-20T23:10:33.996+08:00 level=INFO msg=处理完成一个批次 latest_time="2026-05-20 20:46:48" latest_sender=茴字的1970种写法 latest_message=「「孟师傅，“搁这儿 stop=false
time=2026-05-20T23:10:35.849+08:00 level=INFO msg=处理完成一个批次 latest_time="2026-05-20 20:36:48" latest_sender=黄健楸 latest_message=「等我赚一千万，第一 stop=false
time=2026-05-20T23:10:37.928+08:00 level=INFO msg=处理完成一个批次 latest_time="2026-05-20 20:24:39" latest_sender=十月的米兰 latest_message="十月的米兰 撤回了一\xe6\x9d" stop=false
time=2026-05-20T23:10:40.126+08:00 level=INFO msg=处理完成一个批次 latest_time="2026-05-20 20:08:16" latest_sender=干饭大作手的学习日记 latest_message=分享图片 stop=false
time=2026-05-20T23:10:42.317+08:00 level=INFO msg=处理完成一个批次 latest_time="2026-05-20 19:57:16" latest_sender=黄健楸 latest_message=要不别拿手机了。还有 stop=false
time=2026-05-20T23:10:44.989+08:00 level=INFO msg=处理完成一个批次 latest_time="2026-05-20 19:50:25" latest_sender=雨石plus latest_message=「群里至少有几十个钱 stop=false
time=2026-05-20T23:10:47.303+08:00 level=INFO msg=处理完成一个批次 latest_time="2026-05-20 19:24:46" latest_sender=一只方阿 latest_message=富人果然痛苦啊 stop=false
time=2026-05-20T23:10:49.427+08:00 level=INFO msg=处理完成一个批次 latest_time="2026-05-20 19:15:45" latest_sender=小大饼 latest_message=对哦，我也抽一下 stop=false
time=2026-05-20T23:10:51.121+08:00 level=INFO msg=处理完成一个批次 latest_time="2026-05-20 19:04:19" latest_sender=肥圆真君_WWW latest_message=一袋米扛几楼 stop=false
time=2026-05-20T23:10:53.141+08:00 level=INFO msg=处理完成一个批次 latest_time="2026-05-20 18:58:19" latest_sender=没有了光_ latest_message=我是不够花 stop=false
time=2026-05-20T23:11:02.327+08:00 level=INFO msg=处理完成一个批次 latest_time="2026-05-20 18:39:34" latest_sender=HorcruxerzzZ latest_message=分享视频 stop=false
time=2026-05-20T23:11:19.078+08:00 level=WARN msg="通过响应监听下载 fid 失败，尝试回退到浏览器内 fetch" fid=5300713385362753 err="timeout:Timeout 15000.00ms exceeded."
time=2026-05-20T23:11:19.890+08:00 level=WARN msg="浏览器内 fetch 下载 fid 失败" fid=5300713385362753 url="https://upload.api.weibo.com/2/mss/msget?fid=5300713385362753&source=209678993&imageType=origin&ts=1779289879078" err="TypeError: Failed to fetch"
time=2026-05-20T23:11:19.944+08:00 level=WARN msg="浏览器内 fetch 下载 fid 失败" fid=5300713385362753 url="https://upload.api.weibo.com/2/mss/msget?fid=5300713385362753&touid=4761715839862414&ts=1779289879078" err="TypeError: Failed to fetch"
time=2026-05-20T23:11:20.206+08:00 level=WARN msg="浏览器内 fetch 下载 fid 失败" fid=5300713385362753 url="https://upload.api.weibo.com/2/mss/msget?fid=5300713385362753&source=209678993&touid=4761715839862414&imageType=origin&ts=1779289879078" err="TypeError: Failed to fetch"
time=2026-05-20T23:11:20.206+08:00 level=WARN msg="浏览器内 fid 下载全部失败，尝试直接 HTTP 下载" fid=5300713385362753 err="TypeError: Failed to fetch"
time=2026-05-20T23:11:21.032+08:00 level=INFO msg="fid 媒体已通过直接 HTTP 回退下载成功" fid=5300713385362753 path=/home/duty/weibo_cron/chat_media_downloads/img_5300713385362753_Apple_AI_Structural_Reversal.pdf
time=2026-05-20T23:11:22.039+08:00 level=INFO msg=处理完成一个批次 latest_time="2026-05-20 18:16:50" latest_sender=梦星河200602 latest_message=肯德基 stop=false
time=2026-05-20T23:11:24.380+08:00 level=INFO msg=处理完成一个批次 latest_time="2026-05-20 17:58:28" latest_sender=小大饼 latest_message="UHT 避光包装的话，常\xe6\xb8" stop=false
time=2026-05-20T23:11:27.289+08:00 level=INFO msg=处理完成一个批次 latest_time="2026-05-20 17:49:04" latest_sender=干拌面过冷水 latest_message=「我每天得喝一斤奶」 stop=false
time=2026-05-20T23:11:29.040+08:00 level=INFO msg=处理完成一个批次 latest_time="2026-05-20 17:37:35" latest_sender=胖达心态要好 latest_message=@响当当当的铜豌豆 stop=false
time=2026-05-20T23:11:31.006+08:00 level=INFO msg=处理完成一个批次 latest_time="2026-05-20 17:25:27" latest_sender=黄健楸 latest_message="「「「现在 codex 反超 a" stop=false
time=2026-05-20T23:11:36.068+08:00 level=INFO msg=处理完成一个批次 latest_time="2026-05-20 17:16:46" latest_sender=阿尼亚是安妮亞 latest_message=【极度舒适！拿来救命 stop=false
time=2026-05-20T23:11:38.009+08:00 level=INFO msg=处理完成一个批次 latest_time="2026-05-20 16:53:40" latest_sender=画言知秋 latest_message="「「图片」\n- - - - - - - " stop=false
time=2026-05-20T23:11:40.305+08:00 level=INFO msg=处理完成一个批次 latest_time="2026-05-20 16:27:35" latest_sender=一蓑烟雨任平生WB latest_message="「考虑 5000 以内的吧」" stop=false
time=2026-05-20T23:11:42.393+08:00 level=INFO msg=处理完成一个批次 latest_time="2026-05-20 16:20:35" latest_sender=一蓑烟雨任平生WB latest_message=东北，制冷 stop=false
time=2026-05-20T23:11:44.276+08:00 level=INFO msg=处理完成一个批次 latest_time="2026-05-20 15:57:02" latest_sender=摄摄摄摄摄魂怪 latest_message=「【洛索洛芬钠片】是 stop=false
time=2026-05-20T23:11:46.798+08:00 level=INFO msg=处理完成一个批次 latest_time="2026-05-20 15:38:51" latest_sender=茴字的1970种写法 latest_message="”把卷南窗桑梓月， \xe9\x9e" stop=false
time=2026-05-20T23:11:48.701+08:00 level=INFO msg=处理完成一个批次 latest_time="2026-05-20 15:15:49" latest_sender=一般都叫我小贾 latest_message=http://weibo.com/1661598840/Qt stop=false
time=2026-05-20T23:11:50.488+08:00 level=INFO msg=处理完成一个批次 latest_time="2026-05-20 14:00:08" latest_sender=小大饼 latest_message=嗷嗷，还以为是星巴克 stop=false
time=2026-05-20T23:11:58.944+08:00 level=INFO msg=处理完成一个批次 latest_time="2026-05-20 13:35:22" latest_sender=小大饼 latest_message="「图片」\n- - - - - - - - -" stop=false
time=2026-05-20T23:12:01.211+08:00 level=INFO msg=处理完成一个批次 latest_time="2026-05-20 13:17:26" latest_sender=一只方阿 latest_message=自己开车带饭盒倒无所 stop=false
time=2026-05-20T23:12:03.472+08:00 level=INFO msg=处理完成一个批次 latest_time="2026-05-20 13:11:23" latest_sender=今晚早睡叭 latest_message="1.60元，@古拉TE 耶！手\xe6" stop=false
time=2026-05-20T23:12:05.802+08:00 level=INFO msg=处理完成一个批次 latest_time="2026-05-20 12:47:49" latest_sender=羽化的布偶 latest_message="「图片」\n- - - - - - - - -" stop=false
time=2026-05-20T23:12:08.650+08:00 level=INFO msg=处理完成一个批次 latest_time="2026-05-20 12:14:09" latest_sender=阿尼亚是安妮亞 latest_message=分享图片 stop=false
time=2026-05-20T23:12:10.990+08:00 level=INFO msg=处理完成一个批次 latest_time="2026-05-20 11:54:36" latest_sender=有种来中路 latest_message=「和特朗普仪式一样吗 stop=false
time=2026-05-20T23:12:22.626+08:00 level=INFO msg=处理完成一个批次 latest_time="2026-05-20 11:38:31" latest_sender=等下就去吃饭 latest_message=http://weibo.com/1401527553/PC stop=false
time=2026-05-20T23:12:24.738+08:00 level=INFO msg=处理完成一个批次 latest_time="2026-05-20 11:16:07" latest_sender=快乐沉思录 latest_message="Google AI EDGE GALLERY 支持\xe8" stop=false
time=2026-05-20T23:12:26.578+08:00 level=INFO msg=处理完成一个批次 latest_time="2026-05-20 11:04:55" latest_sender=粉丝群 latest_message=涉及资金问题请务必提 stop=false
time=2026-05-20T23:12:28.660+08:00 level=INFO msg=处理完成一个批次 latest_time="2026-05-20 10:53:33" latest_sender=Aviator_hu latest_message=gemini的排版没有以前好 stop=false
time=2026-05-20T23:12:31.200+08:00 level=INFO msg=处理完成一个批次 latest_time="2026-05-20 10:02:20" latest_sender=大吉利丶 latest_message=分享图片 stop=false
time=2026-05-20T23:12:33.105+08:00 level=INFO msg=处理完成一个批次 latest_time="2026-05-20 09:44:15" latest_sender=____方格 latest_message=阿尼亚你发的红包是5.2 stop=false
time=2026-05-20T23:12:35.082+08:00 level=INFO msg=处理完成一个批次 latest_time="2026-05-20 09:27:31" latest_sender=小大饼 latest_message=黄金最近跌好厉害啊 stop=false
time=2026-05-20T23:12:38.296+08:00 level=INFO msg=处理完成一个批次 latest_time="2026-05-20 08:56:07" latest_sender=天青色等烟雨201403 latest_message="天青色等烟雨201403 撤\xe5\x9b" stop=false
time=2026-05-20T23:12:40.630+08:00 level=INFO msg=处理完成一个批次 latest_time="2026-05-20 08:29:37" latest_sender=万物既渺小又伟大 latest_message="「@万物既渺小又伟大 \xe5" stop=false
time=2026-05-20T23:12:42.272+08:00 level=INFO msg=处理完成一个批次 latest_time="2026-05-20 08:13:19" latest_sender=____方格 latest_message=卡旺卡好喝！ stop=false
time=2026-05-20T23:12:43.910+08:00 level=INFO msg=处理完成一个批次 latest_time="2026-05-20 07:37:25" latest_sender=我亦擅绘 latest_message="「微博」\n- - - - - - - - -" stop=false
time=2026-05-20T23:13:00.685+08:00 level=WARN msg="通过响应监听下载 fid 失败，尝试回退到浏览器内 fetch" fid=5300487245267421 err="timeout:Timeout 15000.00ms exceeded."
time=2026-05-20T23:13:00.758+08:00 level=WARN msg="浏览器内 fetch 下载 fid 失败" fid=5300487245267421 url="https://upload.api.weibo.com/2/mss/msget?fid=5300487245267421&source=209678993&imageType=origin&ts=1779289980686" err="TypeError: Failed to fetch"
time=2026-05-20T23:13:00.804+08:00 level=WARN msg="浏览器内 fetch 下载 fid 失败" fid=5300487245267421 url="https://upload.api.weibo.com/2/mss/msget?fid=5300487245267421&touid=4761715839862414&ts=1779289980686" err="TypeError: Failed to fetch"
time=2026-05-20T23:13:00.906+08:00 level=WARN msg="浏览器内 fetch 下载 fid 失败" fid=5300487245267421 url="https://upload.api.weibo.com/2/mss/msget?fid=5300487245267421&source=209678993&touid=4761715839862414&imageType=origin&ts=1779289980686" err="TypeError: Failed to fetch"
time=2026-05-20T23:13:00.906+08:00 level=WARN msg="浏览器内 fid 下载全部失败，尝试直接 HTTP 下载" fid=5300487245267421 err="TypeError: Failed to fetch"
time=2026-05-20T23:13:01.130+08:00 level=INFO msg="fid 媒体已通过直接 HTTP 回退下载成功" fid=5300487245267421 path=/home/duty/weibo_cron/chat_media_downloads/img_5300487245267421_茧房日报260519.pdf
time=2026-05-20T23:13:01.526+08:00 level=INFO msg=处理完成一个批次 latest_time="2026-05-20 06:35:53" latest_sender=Sp1n0za latest_message=早 stop=false
time=2026-05-20T23:13:03.478+08:00 level=INFO msg=处理完成一个批次 latest_time="2026-05-20 00:38:22" latest_sender=At0mrain latest_message="0.01元，@拾人牙慧的复\xe8" stop=false
time=2026-05-20T23:13:05.670+08:00 level=INFO msg=处理完成一个批次 latest_time="2026-05-19 23:32:46" latest_sender=Cain_nitelord latest_message=分享图片 stop=false
time=2026-05-20T23:13:07.633+08:00 level=INFO msg=处理完成一个批次 latest_time="2026-05-19 23:19:06" latest_sender=樱桃树rani latest_message=我家哈士奇也会咬我手 stop=true
time=2026-05-20T23:13:07.684+08:00 level=INFO msg=群聊历史抓取完成 new_count=1107 history_dir=/home/duty/weibo_cron/clean_history state_file=/home/duty/weibo_cron/group_chat_state.json
time=2026-05-20T23:13:15.661+08:00 level=INFO msg=群聊摘要推送完成 message_count=1
/usr/bin/xvfb-run: line 185: kill: (1001724) - No such process
time=2026-05-21T23:10:03.352+08:00 level=INFO msg=群聊模式配置加载完成 config=config.groupchat.yaml
time=2026-05-21T23:10:07.707+08:00 level=INFO msg=打开微博群聊页面 url="https://api.weibo.com/chat/#/chat?check_gid=4761715839862414&source_from=11" user_data_dir=/home/duty/weibo_cron/weibo_user_data browser_channel=chrome
time=2026-05-21T23:10:08.569+08:00 level=INFO msg=如未登录，请在打开的浏览器中完成登录；程序正在等待群聊消息接口返回
time=2026-05-21T23:10:09.999+08:00 level=INFO msg=群聊页面已加载，开始抓取历史消息
time=2026-05-21T23:10:10.218+08:00 level=INFO msg=处理完成一个批次 latest_time="2026-05-21 23:09:51" latest_sender=一只方阿 latest_message=多吃多睡这要还不胖那 stop=false
time=2026-05-21T23:10:11.152+08:00 level=INFO msg=处理完成一个批次 latest_time="2026-05-21 22:46:44" latest_sender=小大饼 latest_message=我的欲望就是妹妹，每 stop=false
time=2026-05-21T23:10:13.497+08:00 level=INFO msg=处理完成一个批次 latest_time="2026-05-21 22:28:02" latest_sender=响当当当的铜豌豆 latest_message="「「@拾人牙慧的复读\xe6\x9c" stop=false
time=2026-05-21T23:10:15.586+08:00 level=INFO msg=处理完成一个批次 latest_time="2026-05-21 22:14:35" latest_sender=tombkeeper latest_message=分享图片 stop=false
time=2026-05-21T23:10:18.784+08:00 level=INFO msg=处理完成一个批次 latest_time="2026-05-21 22:08:47" latest_sender=茴字的1970种写法 latest_message=欲望系列，一起复习一 stop=false
time=2026-05-21T23:10:21.164+08:00 level=INFO msg=处理完成一个批次 latest_time="2026-05-21 21:50:53" latest_sender=茴字的1970种写法 latest_message=这输入法让我很惭愧[do stop=false
time=2026-05-21T23:10:23.300+08:00 level=INFO msg=处理完成一个批次 latest_time="2026-05-21 20:57:43" latest_sender=达包咩 latest_message=「有木有经常做饭的， stop=false
time=2026-05-21T23:10:25.157+08:00 level=INFO msg=处理完成一个批次 latest_time="2026-05-21 20:01:29" latest_sender=Bonoboooo latest_message="「图片」\n- - - - - - - - -" stop=false
time=2026-05-21T23:10:27.457+08:00 level=INFO msg=处理完成一个批次 latest_time="2026-05-21 19:25:16" latest_sender=阿尼亚是安妮亞 latest_message=分享图片 stop=false
time=2026-05-21T23:10:29.710+08:00 level=INFO msg=处理完成一个批次 latest_time="2026-05-21 18:42:26" latest_sender=nowyoutry latest_message=http://t.cn/AX6wn98U stop=false
time=2026-05-21T23:10:33.127+08:00 level=INFO msg=处理完成一个批次 latest_time="2026-05-21 18:12:13" latest_sender=铜冰鉴43228 latest_message="@小大饼 你的手机字体\xe6" stop=false
time=2026-05-21T23:10:35.110+08:00 level=INFO msg=处理完成一个批次 latest_time="2026-05-21 17:39:18" latest_sender=梦星河200602 latest_message="「图片」\n- - - - - - - - -" stop=false
time=2026-05-21T23:10:36.889+08:00 level=INFO msg=处理完成一个批次 latest_time="2026-05-21 17:27:14" latest_sender=蓦回溯光 latest_message=我之前不买股票，只买 stop=false
time=2026-05-21T23:10:38.688+08:00 level=INFO msg=处理完成一个批次 latest_time="2026-05-21 17:17:42" latest_sender=拱bot latest_message="「汇报：@tombkeeper 学生" stop=false
time=2026-05-21T23:10:41.305+08:00 level=INFO msg=处理完成一个批次 latest_time="2026-05-21 16:45:22" latest_sender=春天小羚羊 latest_message=今年过年是不是有流浪 stop=false
time=2026-05-21T23:10:43.705+08:00 level=INFO msg=处理完成一个批次 latest_time="2026-05-21 16:05:15" latest_sender=万物既渺小又伟大 latest_message="「「忘了 at 刚哥抄底\xe4\xba" stop=false
time=2026-05-21T23:10:45.337+08:00 level=INFO msg=处理完成一个批次 latest_time="2026-05-21 15:49:34" latest_sender=xelnaga瞭望塔 latest_message=我都说我了！ stop=false
time=2026-05-21T23:10:47.174+08:00 level=INFO msg=处理完成一个批次 latest_time="2026-05-21 15:45:53" latest_sender=nkaifang latest_message="1.70元，@阿尼亚是安妮\xe4" stop=false
time=2026-05-21T23:10:48.844+08:00 level=INFO msg=处理完成一个批次 latest_time="2026-05-21 15:24:10" latest_sender=羽化的布偶 latest_message=我觉得七成仓位对我还 stop=false
time=2026-05-21T23:10:50.526+08:00 level=INFO msg=处理完成一个批次 latest_time="2026-05-21 14:57:09" latest_sender=星逸几度秋_ latest_message=今天确实看不懂，隔壁 stop=false
time=2026-05-21T23:10:52.474+08:00 level=INFO msg=处理完成一个批次 latest_time="2026-05-21 14:25:10" latest_sender=蓦回溯光 latest_message=罢了没有啊 stop=false
time=2026-05-21T23:10:54.769+08:00 level=INFO msg=处理完成一个批次 latest_time="2026-05-21 14:09:46" latest_sender=楼雨晴Lo latest_message=http://weibo.com/2323589097/R0 stop=false
time=2026-05-21T23:10:57.052+08:00 level=INFO msg=处理完成一个批次 latest_time="2026-05-21 13:12:32" latest_sender=楼雨晴Lo latest_message=分享图片 stop=false
time=2026-05-21T23:10:59.055+08:00 level=INFO msg=处理完成一个批次 latest_time="2026-05-21 12:12:56" latest_sender=金陵琥珀雪 latest_message=联想到鸡的全身也是宝 stop=false
time=2026-05-21T23:11:02.253+08:00 level=INFO msg=处理完成一个批次 latest_time="2026-05-21 12:05:48" latest_sender=自由的西瓜L latest_message=猫徳满分[点赞] stop=false
time=2026-05-21T23:11:03.878+08:00 level=INFO msg=处理完成一个批次 latest_time="2026-05-21 11:55:54" latest_sender=四岚1883 latest_message=[哈哈]，老虎浑身是宝 stop=false
time=2026-05-21T23:11:05.951+08:00 level=INFO msg=处理完成一个批次 latest_time="2026-05-21 11:34:20" latest_sender=梦星河200602 latest_message=「老黄的财会不断的在 stop=false
time=2026-05-21T23:11:07.676+08:00 level=INFO msg=处理完成一个批次 latest_time="2026-05-21 11:19:42" latest_sender=梦星河200602 latest_message=「从他名字也看得出来 stop=false
time=2026-05-21T23:11:09.348+08:00 level=INFO msg=处理完成一个批次 latest_time="2026-05-21 11:08:27" latest_sender=拱bot latest_message=她是不是心理有什么恐 stop=false
time=2026-05-21T23:11:12.606+08:00 level=INFO msg=处理完成一个批次 latest_time="2026-05-21 10:50:47" latest_sender=Aurora白White-little-hajimi latest_message=有人会吗？有人愿意帮 stop=false
time=2026-05-21T23:11:14.852+08:00 level=INFO msg=处理完成一个批次 latest_time="2026-05-21 10:41:15" latest_sender=Monkey_D_Law latest_message=牛市是这样 stop=false
time=2026-05-21T23:11:17.969+08:00 level=INFO msg=处理完成一个批次 latest_time="2026-05-21 09:46:35" latest_sender=阿尼亚是安妮亞 latest_message=吃麦麦 stop=false
time=2026-05-21T23:11:19.838+08:00 level=INFO msg=处理完成一个批次 latest_time="2026-05-21 09:12:49" latest_sender=自由的西瓜L latest_message=复制它输出内容里加粗 stop=false
time=2026-05-21T23:11:22.403+08:00 level=INFO msg=处理完成一个批次 latest_time="2026-05-21 08:47:46" latest_sender=一只劒鯮 latest_message=早 stop=false
time=2026-05-21T23:11:24.069+08:00 level=INFO msg=处理完成一个批次 latest_time="2026-05-21 07:52:11" latest_sender=小码想想 latest_message=早 stop=false
time=2026-05-21T23:11:25.738+08:00 level=INFO msg=处理完成一个批次 latest_time="2026-05-21 07:12:18" latest_sender=持续微调 latest_message=早 stop=false
time=2026-05-21T23:11:42.435+08:00 level=WARN msg="通过响应监听下载 fid 失败，尝试回退到浏览器内 fetch" fid=5300849632870545 err="timeout:Timeout 15000.00ms exceeded."
time=2026-05-21T23:11:42.522+08:00 level=WARN msg="浏览器内 fetch 下载 fid 失败" fid=5300849632870545 url="https://upload.api.weibo.com/2/mss/msget?fid=5300849632870545&source=209678993&imageType=origin&ts=1779376302435" err="TypeError: Failed to fetch"
time=2026-05-21T23:11:42.639+08:00 level=WARN msg="浏览器内 fetch 下载 fid 失败" fid=5300849632870545 url="https://upload.api.weibo.com/2/mss/msget?fid=5300849632870545&touid=4761715839862414&ts=1779376302435" err="TypeError: Failed to fetch"
time=2026-05-21T23:11:42.734+08:00 level=WARN msg="浏览器内 fetch 下载 fid 失败" fid=5300849632870545 url="https://upload.api.weibo.com/2/mss/msget?fid=5300849632870545&source=209678993&touid=4761715839862414&imageType=origin&ts=1779376302435" err="TypeError: Failed to fetch"
time=2026-05-21T23:11:42.734+08:00 level=WARN msg="浏览器内 fid 下载全部失败，尝试直接 HTTP 下载" fid=5300849632870545 err="TypeError: Failed to fetch"
time=2026-05-21T23:11:43.125+08:00 level=INFO msg="fid 媒体已通过直接 HTTP 回退下载成功" fid=5300849632870545 path=/home/duty/weibo_cron/chat_media_downloads/img_5300849632870545_茧房日报260520.pdf
time=2026-05-21T23:11:43.662+08:00 level=INFO msg=处理完成一个批次 latest_time="2026-05-21 03:15:00" latest_sender=四岚1883 latest_message=茧房日报260520.pdf stop=false
time=2026-05-21T23:11:45.503+08:00 level=INFO msg=处理完成一个批次 latest_time="2026-05-20 23:41:38" latest_sender=浮yi粒星宸 latest_message="之前看b站说老友记的\xe8\x8b" stop=false
time=2026-05-21T23:11:47.182+08:00 level=INFO msg=处理完成一个批次 latest_time="2026-05-20 23:31:24" latest_sender=小大饼 latest_message=妹妹的水牙线感觉都包 stop=false
time=2026-05-21T23:11:50.017+08:00 level=INFO msg=处理完成一个批次 latest_time="2026-05-20 23:19:57" latest_sender=黑眼圈要减肥Hyc latest_message=英语口语有必要报班吗 stop=false
time=2026-05-21T23:11:51.797+08:00 level=INFO msg=处理完成一个批次 latest_time="2026-05-20 23:11:21" latest_sender=nkaifang latest_message="nkaifang 撤回了一条消息" stop=true
time=2026-05-21T23:11:51.826+08:00 level=INFO msg=群聊历史抓取完成 new_count=809 history_dir=/home/duty/weibo_cron/clean_history state_file=/home/duty/weibo_cron/group_chat_state.json
time=2026-05-21T23:11:59.338+08:00 level=INFO msg=群聊摘要推送完成 message_count=1
/usr/bin/xvfb-run: line 185: kill: (1019777) - No such process
time=2026-05-22T23:10:03.858+08:00 level=INFO msg=群聊模式配置加载完成 config=config.groupchat.yaml
time=2026-05-22T23:10:07.977+08:00 level=INFO msg=打开微博群聊页面 url="https://api.weibo.com/chat/#/chat?check_gid=4761715839862414&source_from=11" user_data_dir=/home/duty/weibo_cron/weibo_user_data browser_channel=chrome
time=2026-05-22T23:10:09.000+08:00 level=INFO msg=如未登录，请在打开的浏览器中完成登录；程序正在等待群聊消息接口返回
time=2026-05-22T23:10:10.212+08:00 level=INFO msg=群聊页面已加载，开始抓取历史消息
time=2026-05-22T23:10:10.843+08:00 level=INFO msg=处理完成一个批次 latest_time="2026-05-22 23:09:57" latest_sender=FFFFVIP latest_message=http://weibo.com/1649586835/R0 stop=false
time=2026-05-22T23:10:11.017+08:00 level=INFO msg=处理完成一个批次 latest_time="2026-05-22 22:21:22" latest_sender=四岚1883 latest_message=终于操作完了，富途之 stop=false
time=2026-05-22T23:10:12.885+08:00 level=INFO msg=处理完成一个批次 latest_time="2026-05-22 22:11:07" latest_sender=雨石plus latest_message=分享图片 stop=false
time=2026-05-22T23:10:15.194+08:00 level=INFO msg=处理完成一个批次 latest_time="2026-05-22 22:00:24" latest_sender=MicroWind微风 latest_message=五金店老板都搞不清几 stop=false
time=2026-05-22T23:10:16.884+08:00 level=INFO msg=处理完成一个批次 latest_time="2026-05-22 21:53:24" latest_sender=等下就去吃饭 latest_message="跌20还行，跌快40肯定\xe6\x98" stop=false
time=2026-05-22T23:10:19.052+08:00 level=INFO msg=处理完成一个批次 latest_time="2026-05-22 21:51:49" latest_sender=雨石plus latest_message=狮哥让我挣就一顿海底 stop=false
time=2026-05-22T23:10:21.332+08:00 level=INFO msg=处理完成一个批次 latest_time="2026-05-22 21:42:50" latest_sender=用户6937199137 latest_message=你们都太厉害了 stop=false
time=2026-05-22T23:10:23.009+08:00 level=INFO msg=处理完成一个批次 latest_time="2026-05-22 21:32:00" latest_sender=HorcruxerzzZ latest_message=http://weibo.com/5702632744/Pw stop=false
time=2026-05-22T23:10:25.373+08:00 level=INFO msg=处理完成一个批次 latest_time="2026-05-22 21:24:48" latest_sender=Hollyw00d latest_message="「微博」\n- - - - - - - - -" stop=false
time=2026-05-22T23:10:28.323+08:00 level=INFO msg=处理完成一个批次 latest_time="2026-05-22 20:32:01" latest_sender=花小生鱼 latest_message=就是今天看不了了，说 stop=false
time=2026-05-22T23:10:30.624+08:00 level=INFO msg=处理完成一个批次 latest_time="2026-05-22 20:09:20" latest_sender=楼雨晴Lo latest_message=http://weibo.com/5375583682/QF stop=false
time=2026-05-22T23:10:33.838+08:00 level=INFO msg=处理完成一个批次 latest_time="2026-05-22 19:47:10" latest_sender=Afeeeer latest_message="sec 为什么不查小特朗\xe6\x99" stop=false
time=2026-05-22T23:10:35.761+08:00 level=INFO msg=处理完成一个批次 latest_time="2026-05-22 19:39:21" latest_sender=羽化的布偶 latest_message=今天用了一条瑟瑟额度 stop=false
time=2026-05-22T23:10:37.851+08:00 level=INFO msg=处理完成一个批次 latest_time="2026-05-22 19:33:08" latest_sender=羽化的布偶 latest_message=别人分析过，胖东来开 stop=false
time=2026-05-22T23:10:39.878+08:00 level=INFO msg=处理完成一个批次 latest_time="2026-05-22 19:29:35" latest_sender=羽化的布偶 latest_message=「美团小象超市怎么样 stop=false
time=2026-05-22T23:10:41.810+08:00 level=INFO msg=处理完成一个批次 latest_time="2026-05-22 19:22:11" latest_sender=一只方阿 latest_message=分享图片 stop=false
time=2026-05-22T23:10:43.431+08:00 level=INFO msg=处理完成一个批次 latest_time="2026-05-22 19:20:23" latest_sender=ScaryLeopard419 latest_message=「好奇为什么韭菜是农 stop=false
time=2026-05-22T23:10:50.215+08:00 level=INFO msg=处理完成一个批次 latest_time="2026-05-22 19:16:57" latest_sender=雨石plus latest_message=要是哪天对处理食品安 stop=false
time=2026-05-22T23:10:51.977+08:00 level=INFO msg=处理完成一个批次 latest_time="2026-05-22 19:12:36" latest_sender=HorcruxerzzZ latest_message=买1000娱乐一下[doge] stop=false
time=2026-05-22T23:10:55.070+08:00 level=INFO msg=处理完成一个批次 latest_time="2026-05-22 19:06:21" latest_sender=梦星河200602 latest_message=分享图片 stop=false
time=2026-05-22T23:10:56.907+08:00 level=INFO msg=处理完成一个批次 latest_time="2026-05-22 19:00:32" latest_sender=秧Bot latest_message=最近好多推荐去香港开 stop=false
time=2026-05-22T23:10:58.852+08:00 level=INFO msg=处理完成一个批次 latest_time="2026-05-22 18:55:22" latest_sender=HorcruxerzzZ latest_message=我也想 stop=false
time=2026-05-22T23:11:00.788+08:00 level=INFO msg=处理完成一个批次 latest_time="2026-05-22 18:50:43" latest_sender=SnowChou latest_message="「图片」\n- - - - - - - - -" stop=false
time=2026-05-22T23:11:02.454+08:00 level=INFO msg=处理完成一个批次 latest_time="2026-05-22 18:43:32" latest_sender=3ric2hao latest_message=钱烂也烂外面 stop=false
time=2026-05-22T23:11:04.524+08:00 level=INFO msg=处理完成一个批次 latest_time="2026-05-22 18:40:43" latest_sender=SnowChou latest_message="「链接」\n- - - - - - - - -" stop=false
time=2026-05-22T23:11:06.465+08:00 level=INFO msg=处理完成一个批次 latest_time="2026-05-22 18:19:48" latest_sender=拾人牙慧的复读机 latest_message=分享图片 stop=false
time=2026-05-22T23:11:08.202+08:00 level=INFO msg=处理完成一个批次 latest_time="2026-05-22 18:11:59" latest_sender=梦醒的你会很轻松 latest_message=机会在web3 stop=false
time=2026-05-22T23:11:09.877+08:00 level=INFO msg=处理完成一个批次 latest_time="2026-05-22 18:02:52" latest_sender=梦星河200602 latest_message=学习了 stop=false
time=2026-05-22T23:11:11.715+08:00 level=INFO msg=处理完成一个批次 latest_time="2026-05-22 17:59:57" latest_sender=冰火岛的曾阿牛 latest_message=核心资产外流造成国有 stop=false
time=2026-05-22T23:11:13.702+08:00 level=INFO msg=处理完成一个批次 latest_time="2026-05-22 17:46:00" latest_sender=等下就去吃饭 latest_message="等下就去吃饭 撤回了\xe4\xb8" stop=false
time=2026-05-22T23:11:15.553+08:00 level=INFO msg=处理完成一个批次 latest_time="2026-05-22 17:39:19" latest_sender=等下就去吃饭 latest_message=「「@花小生鱼:「「@花 stop=false
time=2026-05-22T23:11:17.493+08:00 level=INFO msg=处理完成一个批次 latest_time="2026-05-22 17:31:34" latest_sender=花小生鱼 latest_message="坤哥这支基套了我4年\xe5\xa4" stop=false
time=2026-05-22T23:11:19.162+08:00 level=INFO msg=处理完成一个批次 latest_time="2026-05-22 17:24:07" latest_sender=粉丝群 latest_message=涉及资金问题请务必提 stop=false
time=2026-05-22T23:11:20.821+08:00 level=INFO msg=处理完成一个批次 latest_time="2026-05-22 17:17:51" latest_sender=小阿飞_jiro latest_message=「@铜冰鉴43228:@小阿飞_ stop=false
time=2026-05-22T23:11:23.109+08:00 level=INFO msg=处理完成一个批次 latest_time="2026-05-22 17:07:03" latest_sender=实数在奶孩子 latest_message=「这，利好国内券商么 stop=false
time=2026-05-22T23:11:24.715+08:00 level=INFO msg=处理完成一个批次 latest_time="2026-05-22 17:03:51" latest_sender=等下就去吃饭 latest_message=昨天券商高开碰上了降 stop=false
time=2026-05-22T23:11:27.021+08:00 level=INFO msg=处理完成一个批次 latest_time="2026-05-22 16:59:48" latest_sender=小鹿纯子买咸酸 latest_message=「两年内不能入金和买 stop=false
time=2026-05-22T23:11:28.860+08:00 level=INFO msg=处理完成一个批次 latest_time="2026-05-22 16:45:26" latest_sender=梦星河200602 latest_message=「老虎富途跌，盈透涨 stop=false
time=2026-05-22T23:11:30.735+08:00 level=INFO msg=处理完成一个批次 latest_time="2026-05-22 16:40:46" latest_sender=用户6937199137 latest_message="老虎跌了接近40个点了\xef" stop=false
time=2026-05-22T23:11:32.642+08:00 level=INFO msg=处理完成一个批次 latest_time="2026-05-22 16:29:27" latest_sender=Jane王师傅 latest_message=相关主体 stop=false
time=2026-05-22T23:11:34.389+08:00 level=INFO msg=处理完成一个批次 latest_time="2026-05-22 16:05:49" latest_sender=有种来中路 latest_message=大家每餐吃完饭，服用 stop=false
time=2026-05-22T23:11:37.824+08:00 level=INFO msg=处理完成一个批次 latest_time="2026-05-22 15:48:45" latest_sender=梦星河200602 latest_message=http://weibo.com/1408169285/R0 stop=false
time=2026-05-22T23:11:41.126+08:00 level=INFO msg=处理完成一个批次 latest_time="2026-05-22 14:28:42" latest_sender=我爱吃肠粉001 latest_message="「图片」\n- - - - - - - - -" stop=false
time=2026-05-22T23:11:43.294+08:00 level=INFO msg=处理完成一个批次 latest_time="2026-05-22 13:51:52" latest_sender=黄健楸 latest_message=「拳头“正当防卫”了 stop=false
time=2026-05-22T23:11:47.250+08:00 level=INFO msg=处理完成一个批次 latest_time="2026-05-22 13:35:01" latest_sender=寻孤找读者_ latest_message=靠海吃海，不走私就得 stop=false
time=2026-05-22T23:11:50.318+08:00 level=INFO msg=处理完成一个批次 latest_time="2026-05-22 12:49:56" latest_sender=我爱吃肠粉001 latest_message=羡慕中午能有时间锻炼 stop=false
time=2026-05-22T23:11:52.286+08:00 level=INFO msg=处理完成一个批次 latest_time="2026-05-22 12:22:23" latest_sender=万物既渺小又伟大 latest_message="涨停我就跑了[笑cry]回\xe6" stop=false
time=2026-05-22T23:11:54.588+08:00 level=INFO msg=处理完成一个批次 latest_time="2026-05-22 11:53:57" latest_sender=小大饼 latest_message=分享图片 stop=false
time=2026-05-22T23:11:56.493+08:00 level=INFO msg=处理完成一个批次 latest_time="2026-05-22 11:09:47" latest_sender=Tenacious_U latest_message="「@一丛韭菜:「有几个\xe7" stop=false
time=2026-05-22T23:11:59.335+08:00 level=INFO msg=处理完成一个批次 latest_time="2026-05-22 10:27:51" latest_sender=四岚1883 latest_message=恒科要加入真科技了 stop=false
time=2026-05-22T23:12:01.025+08:00 level=INFO msg=处理完成一个批次 latest_time="2026-05-22 08:47:10" latest_sender=梦星河200602 latest_message="sell in May，然后去度假[" stop=false
time=2026-05-22T23:12:03.457+08:00 level=INFO msg=处理完成一个批次 latest_time="2026-05-22 07:59:21" latest_sender=小大饼 latest_message=到公司惹 stop=false
time=2026-05-22T23:12:05.327+08:00 level=INFO msg=处理完成一个批次 latest_time="2026-05-22 06:58:07" latest_sender=吃完麻辣烫后想来点甜 latest_message=早早早 stop=false
time=2026-05-22T23:12:22.071+08:00 level=WARN msg="通过响应监听下载 fid 失败，尝试回退到浏览器内 fetch" fid=5301211515584680 err="timeout:Timeout 15000.00ms exceeded."
time=2026-05-22T23:12:22.166+08:00 level=WARN msg="浏览器内 fetch 下载 fid 失败" fid=5301211515584680 url="https://upload.api.weibo.com/2/mss/msget?fid=5301211515584680&source=209678993&imageType=origin&ts=1779462742072" err="TypeError: Failed to fetch"
time=2026-05-22T23:12:22.208+08:00 level=WARN msg="浏览器内 fetch 下载 fid 失败" fid=5301211515584680 url="https://upload.api.weibo.com/2/mss/msget?fid=5301211515584680&touid=4761715839862414&ts=1779462742072" err="TypeError: Failed to fetch"
time=2026-05-22T23:12:22.318+08:00 level=WARN msg="浏览器内 fetch 下载 fid 失败" fid=5301211515584680 url="https://upload.api.weibo.com/2/mss/msget?fid=5301211515584680&source=209678993&touid=4761715839862414&imageType=origin&ts=1779462742072" err="TypeError: Failed to fetch"
time=2026-05-22T23:12:22.318+08:00 level=WARN msg="浏览器内 fid 下载全部失败，尝试直接 HTTP 下载" fid=5301211515584680 err="TypeError: Failed to fetch"
time=2026-05-22T23:12:22.590+08:00 level=INFO msg="fid 媒体已通过直接 HTTP 回退下载成功" fid=5301211515584680 path=/home/duty/weibo_cron/chat_media_downloads/img_5301211515584680_茧房日报260521.pdf
time=2026-05-22T23:12:23.139+08:00 level=INFO msg=处理完成一个批次 latest_time="2026-05-22 05:01:09" latest_sender=粉丝群 latest_message=恭喜丌天大圣今日获得 stop=false
time=2026-05-22T23:12:24.818+08:00 level=INFO msg=处理完成一个批次 latest_time="2026-05-21 23:16:31" latest_sender=树上的骑士 latest_message="1.04元，@咚咚呛2019 双\xe8\x86" stop=false
time=2026-05-22T23:12:26.431+08:00 level=INFO msg=处理完成一个批次 latest_time="2026-05-21 23:13:11" latest_sender=CooperF03 latest_message="1.35元，@咚咚呛2019 谢\xe8\xb0" stop=false
time=2026-05-22T23:12:28.122+08:00 level=INFO msg=处理完成一个批次 latest_time="2026-05-21 23:12:03" latest_sender=粉丝群 latest_message=涉及资金问题请务必提 stop=true
time=2026-05-22T23:12:28.158+08:00 level=INFO msg=群聊历史抓取完成 new_count=1131 history_dir=/home/duty/weibo_cron/clean_history state_file=/home/duty/weibo_cron/group_chat_state.json
time=2026-05-22T23:12:30.153+08:00 level=INFO msg=群聊摘要推送完成 message_count=1
/usr/bin/xvfb-run: line 185: kill: (1037560) - No such process
time=2026-05-23T23:10:04.048+08:00 level=INFO msg=群聊模式配置加载完成 config=config.groupchat.yaml
time=2026-05-23T23:10:08.341+08:00 level=INFO msg=打开微博群聊页面 url="https://api.weibo.com/chat/#/chat?check_gid=4761715839862414&source_from=11" user_data_dir=/home/duty/weibo_cron/weibo_user_data browser_channel=chrome
time=2026-05-23T23:10:09.323+08:00 level=INFO msg=如未登录，请在打开的浏览器中完成登录；程序正在等待群聊消息接口返回
time=2026-05-23T23:10:10.349+08:00 level=INFO msg=群聊页面已加载，开始抓取历史消息
time=2026-05-23T23:10:11.038+08:00 level=INFO msg=处理完成一个批次 latest_time="2026-05-23 23:09:13" latest_sender=玩耍的Michael latest_message="「「图片」\n- - - - - - - " stop=false
time=2026-05-23T23:10:11.375+08:00 level=INFO msg=处理完成一个批次 latest_time="2026-05-23 23:00:05" latest_sender=粉丝群 latest_message=涉及资金问题请务必提 stop=false
time=2026-05-23T23:10:13.148+08:00 level=INFO msg=处理完成一个批次 latest_time="2026-05-23 22:22:22" latest_sender=肥圆真君_WWW latest_message=分享图片 stop=false
time=2026-05-23T23:10:15.263+08:00 level=INFO msg=处理完成一个批次 latest_time="2026-05-23 21:42:38" latest_sender=茴字的1970种写法 latest_message=http://weibo.com/1253846303/R0 stop=false
time=2026-05-23T23:10:17.268+08:00 level=INFO msg=处理完成一个批次 latest_time="2026-05-23 20:42:15" latest_sender=粉丝群 latest_message=涉及资金问题请务必提 stop=false
time=2026-05-23T23:10:19.414+08:00 level=INFO msg=处理完成一个批次 latest_time="2026-05-23 20:16:00" latest_sender=拱bot latest_message=http://t.cn/AX6c81Hb stop=false
time=2026-05-23T23:10:21.175+08:00 level=INFO msg=处理完成一个批次 latest_time="2026-05-23 19:57:20" latest_sender=满勺花生酱 latest_message=收到红包消息，请在手 stop=false
time=2026-05-23T23:10:24.478+08:00 level=INFO msg=处理完成一个批次 latest_time="2026-05-23 17:38:05" latest_sender=楼雨晴Lo latest_message=http://weibo.com/1871474290/R0 stop=false
time=2026-05-23T23:10:27.671+08:00 level=INFO msg=处理完成一个批次 latest_time="2026-05-23 16:44:22" latest_sender=猛恰三大碗 latest_message=http://weibo.com/1401527553/R0 stop=false
time=2026-05-23T23:10:29.851+08:00 level=INFO msg=处理完成一个批次 latest_time="2026-05-23 14:28:12" latest_sender=特怕麻烦 latest_message=直接停止思考了 stop=false
time=2026-05-23T23:10:32.834+08:00 level=INFO msg=处理完成一个批次 latest_time="2026-05-23 13:36:29" latest_sender=茴字的1970种写法 latest_message="Google 也有 20% 时间 proje" stop=false
time=2026-05-23T23:10:34.904+08:00 level=INFO msg=处理完成一个批次 latest_time="2026-05-23 12:56:51" latest_sender=四岚1883 latest_message="「[流鼻血]改了server的\xe5" stop=false
time=2026-05-23T23:10:51.684+08:00 level=WARN msg="通过响应监听下载 fid 失败，尝试回退到浏览器内 fetch" fid=5301701464821995 err="timeout:Timeout 15000.00ms exceeded."
time=2026-05-23T23:10:51.779+08:00 level=WARN msg="浏览器内 fetch 下载 fid 失败" fid=5301701464821995 url="https://upload.api.weibo.com/2/mss/msget?fid=5301701464821995&source=209678993&imageType=origin&ts=1779549051684" err="TypeError: Failed to fetch"
time=2026-05-23T23:10:51.829+08:00 level=WARN msg="浏览器内 fetch 下载 fid 失败" fid=5301701464821995 url="https://upload.api.weibo.com/2/mss/msget?fid=5301701464821995&touid=4761715839862414&ts=1779549051684" err="TypeError: Failed to fetch"
time=2026-05-23T23:10:52.865+08:00 level=WARN msg="浏览器内 fetch 下载 fid 失败" fid=5301701464821995 url="https://upload.api.weibo.com/2/mss/msget?fid=5301701464821995&source=209678993&touid=4761715839862414&imageType=origin&ts=1779549051684" err="TypeError: Failed to fetch"
time=2026-05-23T23:10:52.865+08:00 level=WARN msg="浏览器内 fid 下载全部失败，尝试直接 HTTP 下载" fid=5301701464821995 err="TypeError: Failed to fetch"
time=2026-05-23T23:10:53.193+08:00 level=INFO msg="fid 媒体已通过直接 HTTP 回退下载成功" fid=5301701464821995 path=/home/duty/weibo_cron/chat_media_downloads/img_5301701464821995_茧房日报260522_fixed.pdf
time=2026-05-23T23:10:53.194+08:00 level=INFO msg=处理完成一个批次 latest_time="2026-05-23 12:17:31" latest_sender=羽化的布偶 latest_message="「小米手机有AI接电话\xe3" stop=false
time=2026-05-23T23:10:56.750+08:00 level=INFO msg=处理完成一个批次 latest_time="2026-05-23 11:22:58" latest_sender=铜冰鉴43228 latest_message=分享图片 stop=false
time=2026-05-23T23:10:58.370+08:00 level=INFO msg=处理完成一个批次 latest_time="2026-05-23 11:12:34" latest_sender=clone_sheep latest_message=「你的诉求是什么？是 stop=false
time=2026-05-23T23:11:01.072+08:00 level=INFO msg=处理完成一个批次 latest_time="2026-05-23 11:04:28" latest_sender=小大饼 latest_message=如果没有其他更好的办 stop=false
time=2026-05-23T23:11:03.669+08:00 level=INFO msg=处理完成一个批次 latest_time="2026-05-23 10:51:35" latest_sender=铜冰鉴43228 latest_message=我是直接静音，然后点 stop=false
time=2026-05-23T23:11:05.675+08:00 level=INFO msg=处理完成一个批次 latest_time="2026-05-23 10:00:27" latest_sender=在公车上吃花生酱的浣熊 latest_message=「各位群友有没有频繁 stop=false
time=2026-05-23T23:11:07.687+08:00 level=INFO msg=处理完成一个批次 latest_time="2026-05-23 08:46:50" latest_sender=Drtudao latest_message=早 stop=false
time=2026-05-23T23:11:24.521+08:00 level=WARN msg="通过响应监听下载 fid 失败，尝试回退到浏览器内 fetch" fid=5301573149524278 err="timeout:Timeout 15000.00ms exceeded."
time=2026-05-23T23:11:24.608+08:00 level=WARN msg="浏览器内 fetch 下载 fid 失败" fid=5301573149524278 url="https://upload.api.weibo.com/2/mss/msget?fid=5301573149524278&source=209678993&imageType=origin&ts=1779549084521" err="TypeError: Failed to fetch"
time=2026-05-23T23:11:24.652+08:00 level=WARN msg="浏览器内 fetch 下载 fid 失败" fid=5301573149524278 url="https://upload.api.weibo.com/2/mss/msget?fid=5301573149524278&touid=4761715839862414&ts=1779549084521" err="TypeError: Failed to fetch"
time=2026-05-23T23:11:24.727+08:00 level=WARN msg="浏览器内 fetch 下载 fid 失败" fid=5301573149524278 url="https://upload.api.weibo.com/2/mss/msget?fid=5301573149524278&source=209678993&touid=4761715839862414&imageType=origin&ts=1779549084521" err="TypeError: Failed to fetch"
time=2026-05-23T23:11:24.727+08:00 level=WARN msg="浏览器内 fid 下载全部失败，尝试直接 HTTP 下载" fid=5301573149524278 err="TypeError: Failed to fetch"
time=2026-05-23T23:11:24.819+08:00 level=INFO msg="fid 媒体已通过直接 HTTP 回退下载成功" fid=5301573149524278 path=/home/duty/weibo_cron/chat_media_downloads/img_5301573149524278_茧房日报260522.pdf
time=2026-05-23T23:11:24.819+08:00 level=INFO msg=处理完成一个批次 latest_time="2026-05-23 07:12:46" latest_sender=叫我小鸡君吧 latest_message="早上好 友友们" stop=false
time=2026-05-23T23:11:26.998+08:00 level=INFO msg=处理完成一个批次 latest_time="2026-05-23 01:59:31" latest_sender=小大饼 latest_message=在我的催促下，美国人 stop=true
time=2026-05-23T23:11:27.011+08:00 level=INFO msg=群聊历史抓取完成 new_count=419 history_dir=/home/duty/weibo_cron/clean_history state_file=/home/duty/weibo_cron/group_chat_state.json
time=2026-05-23T23:11:31.101+08:00 level=INFO msg=群聊摘要推送完成 message_count=1
/usr/bin/xvfb-run: line 185: kill: (1055626) - No such process
time=2026-05-24T23:10:03.103+08:00 level=INFO msg=群聊模式配置加载完成 config=config.groupchat.yaml
time=2026-05-24T23:10:07.605+08:00 level=INFO msg=打开微博群聊页面 url="https://api.weibo.com/chat/#/chat?check_gid=4761715839862414&source_from=11" user_data_dir=/home/duty/weibo_cron/weibo_user_data browser_channel=chrome
time=2026-05-24T23:10:08.628+08:00 level=INFO msg=如未登录，请在打开的浏览器中完成登录；程序正在等待群聊消息接口返回
time=2026-05-24T23:10:09.816+08:00 level=INFO msg=群聊页面已加载，开始抓取历史消息
time=2026-05-24T23:10:16.411+08:00 level=INFO msg=处理完成一个批次 latest_time="2026-05-24 23:07:12" latest_sender=在公车上吃花生酱的浣熊 latest_message=哈哈哈哈哈 stop=false
time=2026-05-24T23:10:17.088+08:00 level=INFO msg=处理完成一个批次 latest_time="2026-05-24 22:20:41" latest_sender=亚奇奇洛贝 latest_message="「你竟敢用“惹”」\n- " stop=false
time=2026-05-24T23:10:18.765+08:00 level=INFO msg=处理完成一个批次 latest_time="2026-05-24 22:05:55" latest_sender=粉丝群 latest_message=涉及资金问题请务必提 stop=false
time=2026-05-24T23:10:20.650+08:00 level=INFO msg=处理完成一个批次 latest_time="2026-05-24 21:56:49" latest_sender=复数枝桠 latest_message="「「@不吃西红柿会死\xe6\x98" stop=false
time=2026-05-24T23:10:23.098+08:00 level=INFO msg=处理完成一个批次 latest_time="2026-05-24 21:43:51" latest_sender=Mika_Joe latest_message="1.00元，@endlessummerr- 抢\xe7" stop=false
time=2026-05-24T23:10:24.775+08:00 level=INFO msg=处理完成一个批次 latest_time="2026-05-24 21:32:24" latest_sender=粉丝群 latest_message="恭喜HannahAr...获得“锦\xe9" stop=false
time=2026-05-24T23:10:26.699+08:00 level=INFO msg=处理完成一个批次 latest_time="2026-05-24 21:31:21" latest_sender=阿尼亚是安妮亞 latest_message=我也分享一下：http://t. stop=false
time=2026-05-24T23:10:28.627+08:00 level=INFO msg=处理完成一个批次 latest_time="2026-05-24 21:10:28" latest_sender=tombkeeper latest_message="或者说，你把30万字装\xe8" stop=false
time=2026-05-24T23:10:31.312+08:00 level=INFO msg=处理完成一个批次 latest_time="2026-05-24 20:37:28" latest_sender=秧Bot latest_message="Giff 用了快两年了，挺\xe7" stop=false
time=2026-05-24T23:10:33.154+08:00 level=INFO msg=处理完成一个批次 latest_time="2026-05-24 20:26:28" latest_sender=WojakW latest_message=「姐妹们，有没有在境 stop=false
time=2026-05-24T23:10:38.009+08:00 level=INFO msg=处理完成一个批次 latest_time="2026-05-24 19:59:41" latest_sender=tombkeeper latest_message="你们让AI生成一张全白\xe7" stop=false
time=2026-05-24T23:10:41.884+08:00 level=INFO msg=处理完成一个批次 latest_time="2026-05-24 19:04:49" latest_sender=星逸几度秋_ latest_message="「图片」\n- - - - - - - - -" stop=false
time=2026-05-24T23:10:43.538+08:00 level=INFO msg=处理完成一个批次 latest_time="2026-05-24 18:48:19" latest_sender=大吉利丶 latest_message="「微博」\n- - - - - - - - -" stop=false
time=2026-05-24T23:10:45.997+08:00 level=INFO msg=处理完成一个批次 latest_time="2026-05-24 18:37:11" latest_sender=春天小羚羊 latest_message="春天小羚羊 撤回了一\xe6\x9d" stop=false
time=2026-05-24T23:10:48.213+08:00 level=INFO msg=处理完成一个批次 latest_time="2026-05-24 18:00:36" latest_sender=丶安和桥南 latest_message=分享图片 stop=false
time=2026-05-24T23:10:50.488+08:00 level=INFO msg=处理完成一个批次 latest_time="2026-05-24 17:26:45" latest_sender=荣皖 latest_message="「运动+健康饮食会给\xe5\xa4" stop=false
time=2026-05-24T23:10:52.793+08:00 level=INFO msg=处理完成一个批次 latest_time="2026-05-24 16:54:28" latest_sender=达包咩 latest_message=德龙的22.110 stop=false
time=2026-05-24T23:10:54.910+08:00 level=INFO msg=处理完成一个批次 latest_time="2026-05-24 16:21:38" latest_sender=SnowChou latest_message="「微博」\n- - - - - - - - -" stop=false
time=2026-05-24T23:10:57.641+08:00 level=INFO msg=处理完成一个批次 latest_time="2026-05-24 15:50:34" latest_sender=雨石plus latest_message=分享图片 stop=false
time=2026-05-24T23:11:00.192+08:00 level=INFO msg=处理完成一个批次 latest_time="2026-05-24 15:43:47" latest_sender=复数枝桠 latest_message="「图片」\n- - - - - - - - -" stop=false
time=2026-05-24T23:11:02.238+08:00 level=INFO msg=处理完成一个批次 latest_time="2026-05-24 15:36:02" latest_sender=拱bot latest_message=大家记得喝完醋，漱口 stop=false
time=2026-05-24T23:11:04.101+08:00 level=INFO msg=处理完成一个批次 latest_time="2026-05-24 15:22:09" latest_sender=骨德猫n latest_message=天地壹号[流鼻血] stop=false
time=2026-05-24T23:11:06.564+08:00 level=INFO msg=处理完成一个批次 latest_time="2026-05-24 15:17:43" latest_sender=在公车上吃花生酱的浣熊 latest_message=健康的午餐和健康的身 stop=false
time=2026-05-24T23:11:08.501+08:00 level=INFO msg=处理完成一个批次 latest_time="2026-05-24 15:13:47" latest_sender=ScaryLeopard419 latest_message=紫林这个看起来像苹果 stop=false
time=2026-05-24T23:11:10.877+08:00 level=INFO msg=处理完成一个批次 latest_time="2026-05-24 15:07:03" latest_sender=拱bot latest_message=以后我吃饺子就蘸醋了 stop=false
time=2026-05-24T23:11:13.024+08:00 level=INFO msg=处理完成一个批次 latest_time="2026-05-24 15:02:13" latest_sender=Aurora白White-little-hajimi latest_message="「图片」\n- - - - - - - - -" stop=false
time=2026-05-24T23:11:15.273+08:00 level=INFO msg=处理完成一个批次 latest_time="2026-05-24 14:57:00" latest_sender=tombkeeper latest_message=这个也有助于稳定血糖 stop=false
time=2026-05-24T23:11:17.681+08:00 level=INFO msg=处理完成一个批次 latest_time="2026-05-24 14:28:08" latest_sender=梦星河200602 latest_message=挣钱不就是搁这花的吗 stop=false
time=2026-05-24T23:11:19.671+08:00 level=INFO msg=处理完成一个批次 latest_time="2026-05-24 13:17:08" latest_sender=肥圆真君_WWW latest_message=http://weibo.com/7095186006/R0 stop=false
time=2026-05-24T23:11:22.745+08:00 level=INFO msg=处理完成一个批次 latest_time="2026-05-24 12:58:03" latest_sender=雨石plus latest_message=分享图片 stop=false
time=2026-05-24T23:11:24.656+08:00 level=INFO msg=处理完成一个批次 latest_time="2026-05-24 12:31:55" latest_sender=小大饼 latest_message="「有大饼」\n- - - - - - - " stop=false
time=2026-05-24T23:11:26.644+08:00 level=INFO msg=处理完成一个批次 latest_time="2026-05-24 12:07:52" latest_sender=肥圆真君_WWW latest_message=吃到他这种体型也是有 stop=false
time=2026-05-24T23:11:28.357+08:00 level=INFO msg=处理完成一个批次 latest_time="2026-05-24 11:33:32" latest_sender=书包会唱歌呀 latest_message=「纯净水的环境中更容 stop=false
time=2026-05-24T23:11:30.663+08:00 level=INFO msg=处理完成一个批次 latest_time="2026-05-24 10:55:42" latest_sender=一蓑烟雨任平生WB latest_message=市面上做全屋软水系统 stop=false
time=2026-05-24T23:11:32.397+08:00 level=INFO msg=处理完成一个批次 latest_time="2026-05-24 10:05:03" latest_sender=小大饼 latest_message=「「超声波加湿器得用 stop=false
time=2026-05-24T23:11:34.498+08:00 level=INFO msg=处理完成一个批次 latest_time="2026-05-24 09:16:26" latest_sender=爱睡觉也爱出门 latest_message=早 stop=false
time=2026-05-24T23:11:36.693+08:00 level=INFO msg=处理完成一个批次 latest_time="2026-05-24 08:33:11" latest_sender=fromheart596 latest_message=早 stop=false
time=2026-05-24T23:11:53.514+08:00 level=WARN msg="通过响应监听下载 fid 失败，尝试回退到浏览器内 fetch" fid=5301935286780474 err="timeout:Timeout 15000.00ms exceeded."
time=2026-05-24T23:11:53.664+08:00 level=WARN msg="浏览器内 fetch 下载 fid 失败" fid=5301935286780474 url="https://upload.api.weibo.com/2/mss/msget?fid=5301935286780474&source=209678993&imageType=origin&ts=1779635513514" err="TypeError: Failed to fetch"
time=2026-05-24T23:11:53.712+08:00 level=WARN msg="浏览器内 fetch 下载 fid 失败" fid=5301935286780474 url="https://upload.api.weibo.com/2/mss/msget?fid=5301935286780474&touid=4761715839862414&ts=1779635513514" err="TypeError: Failed to fetch"
time=2026-05-24T23:11:53.803+08:00 level=WARN msg="浏览器内 fetch 下载 fid 失败" fid=5301935286780474 url="https://upload.api.weibo.com/2/mss/msget?fid=5301935286780474&source=209678993&touid=4761715839862414&imageType=origin&ts=1779635513514" err="TypeError: Failed to fetch"
time=2026-05-24T23:11:53.803+08:00 level=WARN msg="浏览器内 fid 下载全部失败，尝试直接 HTTP 下载" fid=5301935286780474 err="TypeError: Failed to fetch"
time=2026-05-24T23:11:54.091+08:00 level=INFO msg="fid 媒体已通过直接 HTTP 回退下载成功" fid=5301935286780474 path=/home/duty/weibo_cron/chat_media_downloads/img_5301935286780474_茧房日报260523.pdf
time=2026-05-24T23:11:54.091+08:00 level=INFO msg=处理完成一个批次 latest_time="2026-05-24 07:33:51" latest_sender=SnowChou latest_message=http://weibo.com/1678157684/R0 stop=false
time=2026-05-24T23:11:55.751+08:00 level=INFO msg=处理完成一个批次 latest_time="2026-05-24 00:14:00" latest_sender=想到草原打个滚 latest_message="好，以后再有就投诉[\xe5\x98" stop=false
time=2026-05-24T23:11:57.522+08:00 level=INFO msg=处理完成一个批次 latest_time="2026-05-23 23:37:18" latest_sender=寻孤找读者_ latest_message="[捂嘴哭][捂嘴哭][捂嘴\xe5" stop=false
time=2026-05-24T23:11:59.207+08:00 level=INFO msg=处理完成一个批次 latest_time="2026-05-23 23:25:15" latest_sender=肥圆真君_WWW latest_message=他们还把我夹在中间拍 stop=true
time=2026-05-24T23:11:59.233+08:00 level=INFO msg=群聊历史抓取完成 new_count=816 history_dir=/home/duty/weibo_cron/clean_history state_file=/home/duty/weibo_cron/group_chat_state.json
time=2026-05-24T23:12:09.046+08:00 level=INFO msg=群聊摘要推送完成 message_count=1
/usr/bin/xvfb-run: line 185: kill: (1073694) - No such process
time=2026-05-25T23:10:03.449+08:00 level=INFO msg=群聊模式配置加载完成 config=config.groupchat.yaml
time=2026-05-25T23:10:07.941+08:00 level=INFO msg=打开微博群聊页面 url="https://api.weibo.com/chat/#/chat?check_gid=4761715839862414&source_from=11" user_data_dir=/home/duty/weibo_cron/weibo_user_data browser_channel=chrome
time=2026-05-25T23:10:08.957+08:00 level=INFO msg=如未登录，请在打开的浏览器中完成登录；程序正在等待群聊消息接口返回
time=2026-05-25T23:10:10.003+08:00 level=INFO msg=群聊页面已加载，开始抓取历史消息
time=2026-05-25T23:10:10.619+08:00 level=INFO msg=处理完成一个批次 latest_time="2026-05-25 23:08:34" latest_sender=HorcruxerzzZ latest_message="「微博」\n- - - - - - - - -" stop=false
time=2026-05-25T23:10:17.024+08:00 level=INFO msg=处理完成一个批次 latest_time="2026-05-25 22:02:09" latest_sender=满满SOUR latest_message=分享图片 stop=false
time=2026-05-25T23:10:19.440+08:00 level=INFO msg=处理完成一个批次 latest_time="2026-05-25 21:36:33" latest_sender=梦星河200602 latest_message=发现不对就割了 stop=false
time=2026-05-25T23:10:22.341+08:00 level=INFO msg=处理完成一个批次 latest_time="2026-05-25 21:10:52" latest_sender=花小生鱼 latest_message=「不知道。只知道买中 stop=false
time=2026-05-25T23:10:24.048+08:00 level=INFO msg=处理完成一个批次 latest_time="2026-05-25 20:45:45" latest_sender=亚奇奇洛贝 latest_message="毕竟是大 A 啊[笑cry]" stop=false
time=2026-05-25T23:10:25.953+08:00 level=INFO msg=处理完成一个批次 latest_time="2026-05-25 20:35:25" latest_sender=等下就去吃饭 latest_message=http://t.cn/AX6ojjNp stop=false
time=2026-05-25T23:10:27.752+08:00 level=INFO msg=处理完成一个批次 latest_time="2026-05-25 20:21:10" latest_sender=梦星河200602 latest_message=「那个如果不优化，做 stop=false
time=2026-05-25T23:10:29.734+08:00 level=INFO msg=处理完成一个批次 latest_time="2026-05-25 20:08:28" latest_sender=X波段相控阵雷达 latest_message=不是的，这个跟多die的 stop=false
time=2026-05-25T23:10:31.850+08:00 level=INFO msg=处理完成一个批次 latest_time="2026-05-25 19:41:44" latest_sender=羽化的布偶 latest_message="「「图片」\n- - - - - - - " stop=false
time=2026-05-25T23:10:33.777+08:00 level=INFO msg=处理完成一个批次 latest_time="2026-05-25 19:31:58" latest_sender=X波段相控阵雷达 latest_message=「「毕业的时候听到有 stop=false
time=2026-05-25T23:10:35.918+08:00 level=INFO msg=处理完成一个批次 latest_time="2026-05-25 19:22:54" latest_sender=梦星河200602 latest_message=水瓶高 stop=false
time=2026-05-25T23:10:37.858+08:00 level=INFO msg=处理完成一个批次 latest_time="2026-05-25 18:50:48" latest_sender=十月的米兰 latest_message=股权激励也有行权条件 stop=false
time=2026-05-25T23:10:39.748+08:00 level=INFO msg=处理完成一个批次 latest_time="2026-05-25 18:45:06" latest_sender=四岚1883 latest_message=突然有了奋斗目标 stop=false
time=2026-05-25T23:10:41.461+08:00 level=INFO msg=处理完成一个批次 latest_time="2026-05-25 18:40:34" latest_sender=有种来中路 latest_message="「@有种来中路 你发的\xe9" stop=false
time=2026-05-25T23:10:43.151+08:00 level=INFO msg=处理完成一个批次 latest_time="2026-05-25 18:36:47" latest_sender=羽化的布偶 latest_message=「「补充一句，国内光 stop=false
time=2026-05-25T23:10:45.455+08:00 level=INFO msg=处理完成一个批次 latest_time="2026-05-25 18:25:37" latest_sender=星逸几度秋_ latest_message=「真的假的也不重要， stop=false
time=2026-05-25T23:10:48.107+08:00 level=INFO msg=处理完成一个批次 latest_time="2026-05-25 18:13:04" latest_sender=小大饼 latest_message="「图片」\n- - - - - - - - -" stop=false
time=2026-05-25T23:10:49.780+08:00 level=INFO msg=处理完成一个批次 latest_time="2026-05-25 18:08:47" latest_sender=有种来中路 latest_message="作为茧房第一（almost \xef\xbc" stop=false
time=2026-05-25T23:10:52.153+08:00 level=INFO msg=处理完成一个批次 latest_time="2026-05-25 18:01:33" latest_sender=小大饼 latest_message=「达美乐一周带他去一 stop=false
time=2026-05-25T23:10:53.776+08:00 level=INFO msg=处理完成一个批次 latest_time="2026-05-25 17:57:42" latest_sender=我爱吃肠粉001 latest_message="1.20元，@万物既渺小又\xe4" stop=false
time=2026-05-25T23:10:55.443+08:00 level=INFO msg=处理完成一个批次 latest_time="2026-05-25 17:50:39" latest_sender=特怕麻烦 latest_message=咖喱喜欢吃吗 stop=false
time=2026-05-25T23:10:57.069+08:00 level=INFO msg=处理完成一个批次 latest_time="2026-05-25 17:44:08" latest_sender=FebruaryCarnival latest_message="0.45元，@Nolan_lopez 只为\xe8" stop=false
time=2026-05-25T23:10:59.215+08:00 level=INFO msg=处理完成一个批次 latest_time="2026-05-25 17:40:49" latest_sender=东坡酒醒还复醉 latest_message=牛排？虾仁？西红柿炒 stop=false
time=2026-05-25T23:11:00.884+08:00 level=INFO msg=处理完成一个批次 latest_time="2026-05-25 17:29:57" latest_sender=茴字的1970种写法 latest_message=但这只是一个可能性。 stop=false
time=2026-05-25T23:11:02.773+08:00 level=INFO msg=处理完成一个批次 latest_time="2026-05-25 17:21:45" latest_sender=茴字的1970种写法 latest_message=那晚上就直接睡觉，不 stop=false
time=2026-05-25T23:11:04.609+08:00 level=INFO msg=处理完成一个批次 latest_time="2026-05-25 17:05:25" latest_sender=东坡酒醒还复醉 latest_message=她已经决定选课选史地 stop=false
time=2026-05-25T23:11:06.227+08:00 level=INFO msg=处理完成一个批次 latest_time="2026-05-25 16:54:59" latest_sender=书包会唱歌呀 latest_message=感谢tk老师 stop=false
time=2026-05-25T23:11:09.446+08:00 level=INFO msg=处理完成一个批次 latest_time="2026-05-25 16:29:04" latest_sender=咕噜哇吃小菜 latest_message="对AI抱有幻想，找到一\xe7" stop=false
time=2026-05-25T23:11:12.161+08:00 level=INFO msg=处理完成一个批次 latest_time="2026-05-25 15:50:56" latest_sender=胖达心态要好 latest_message="「@小大饼:公积金提取\xe5" stop=false
time=2026-05-25T23:11:14.624+08:00 level=INFO msg=处理完成一个批次 latest_time="2026-05-25 14:34:43" latest_sender=茴字的1970种写法 latest_message=分享图片 stop=false
time=2026-05-25T23:11:16.304+08:00 level=INFO msg=处理完成一个批次 latest_time="2026-05-25 14:12:21" latest_sender=woaiyanzi latest_message="「「「「微博」\n- - - - " stop=false
time=2026-05-25T23:11:18.230+08:00 level=INFO msg=处理完成一个批次 latest_time="2026-05-25 14:02:05" latest_sender=四岚1883 latest_message=20%也能跑赢纳指了 stop=false
time=2026-05-25T23:11:19.980+08:00 level=INFO msg=处理完成一个批次 latest_time="2026-05-25 13:56:15" latest_sender=雨石plus latest_message=曹大昨晚也反省了自己 stop=false
time=2026-05-25T23:11:21.680+08:00 level=INFO msg=处理完成一个批次 latest_time="2026-05-25 13:45:23" latest_sender=茴字的1970种写法 latest_message="「谁来回测一下tk的谈\xe8" stop=false
time=2026-05-25T23:11:23.972+08:00 level=INFO msg=处理完成一个批次 latest_time="2026-05-25 13:35:02" latest_sender=FFFFVIP latest_message=分享图片 stop=false
time=2026-05-25T23:11:25.675+08:00 level=INFO msg=处理完成一个批次 latest_time="2026-05-25 13:21:46" latest_sender=铜冰鉴43228 latest_message="「微博」\n- - - - - - - - -" stop=false
time=2026-05-25T23:11:28.623+08:00 level=INFO msg=处理完成一个批次 latest_time="2026-05-25 13:01:09" latest_sender=自由的西瓜L latest_message=十年前李开复也是这么 stop=false
time=2026-05-25T23:11:30.810+08:00 level=INFO msg=处理完成一个批次 latest_time="2026-05-25 12:40:06" latest_sender=雨石plus latest_message=就好像我们股市不能做 stop=false
time=2026-05-25T23:11:32.637+08:00 level=INFO msg=处理完成一个批次 latest_time="2026-05-25 12:24:41" latest_sender=HorcruxerzzZ latest_message=「（没有推荐继续买入 stop=false
time=2026-05-25T23:11:34.314+08:00 level=INFO msg=处理完成一个批次 latest_time="2026-05-25 12:14:04" latest_sender=万物既渺小又伟大 latest_message="10个点，在我这都不算\xe5" stop=false
time=2026-05-25T23:11:36.042+08:00 level=INFO msg=处理完成一个批次 latest_time="2026-05-25 11:55:42" latest_sender=清晨清2017 latest_message="「「@万物既渺小又伟\xe5\xa4" stop=false
time=2026-05-25T23:11:37.710+08:00 level=INFO msg=处理完成一个批次 latest_time="2026-05-25 11:51:30" latest_sender=清晨清2017 latest_message="「虽然说 qqqm 什么的费" stop=false
time=2026-05-25T23:11:39.422+08:00 level=INFO msg=处理完成一个批次 latest_time="2026-05-25 11:24:04" latest_sender=清晨清2017 latest_message="@四岚1883 景泰的 20 了" stop=false
time=2026-05-25T23:11:41.281+08:00 level=INFO msg=处理完成一个批次 latest_time="2026-05-25 10:52:17" latest_sender=梦星河200602 latest_message=分享图片 stop=false
time=2026-05-25T23:11:43.699+08:00 level=INFO msg=处理完成一个批次 latest_time="2026-05-25 10:27:52" latest_sender=梦星河200602 latest_message=好，又给你学会了[doge] stop=false
time=2026-05-25T23:11:45.642+08:00 level=INFO msg=处理完成一个批次 latest_time="2026-05-25 09:53:48" latest_sender=锤耗子 latest_message=笔误，应该是notebooklm stop=false
time=2026-05-25T23:11:48.713+08:00 level=INFO msg=处理完成一个批次 latest_time="2026-05-25 09:04:24" latest_sender=微雨web latest_message="微雨web 撤回了一条消\xe6\x81" stop=false
time=2026-05-25T23:11:50.597+08:00 level=INFO msg=处理完成一个批次 latest_time="2026-05-25 08:57:00" latest_sender=亲爱的L先森 latest_message="「@SnowChou:「图片」\n- - " stop=false
time=2026-05-25T23:11:52.415+08:00 level=INFO msg=处理完成一个批次 latest_time="2026-05-25 08:21:37" latest_sender=花小生鱼 latest_message=「「@Aurora白White-little-h stop=false
time=2026-05-25T23:11:55.011+08:00 level=INFO msg=处理完成一个批次 latest_time="2026-05-25 07:24:43" latest_sender=楼雨晴Lo latest_message=有个数据昆明711数量超 stop=false
time=2026-05-25T23:12:11.781+08:00 level=WARN msg="通过响应监听下载 fid 失败，尝试回退到浏览器内 fetch" fid=5302313800434927 err="timeout:Timeout 15000.00ms exceeded."
time=2026-05-25T23:12:11.865+08:00 level=WARN msg="浏览器内 fetch 下载 fid 失败" fid=5302313800434927 url="https://upload.api.weibo.com/2/mss/msget?fid=5302313800434927&source=209678993&imageType=origin&ts=1779721931781" err="TypeError: Failed to fetch"
time=2026-05-25T23:12:11.911+08:00 level=WARN msg="浏览器内 fetch 下载 fid 失败" fid=5302313800434927 url="https://upload.api.weibo.com/2/mss/msget?fid=5302313800434927&touid=4761715839862414&ts=1779721931781" err="TypeError: Failed to fetch"
time=2026-05-25T23:12:11.988+08:00 level=WARN msg="浏览器内 fetch 下载 fid 失败" fid=5302313800434927 url="https://upload.api.weibo.com/2/mss/msget?fid=5302313800434927&source=209678993&touid=4761715839862414&imageType=origin&ts=1779721931781" err="TypeError: Failed to fetch"
time=2026-05-25T23:12:11.988+08:00 level=WARN msg="浏览器内 fid 下载全部失败，尝试直接 HTTP 下载" fid=5302313800434927 err="TypeError: Failed to fetch"
time=2026-05-25T23:12:12.276+08:00 level=INFO msg="fid 媒体已通过直接 HTTP 回退下载成功" fid=5302313800434927 path=/home/duty/weibo_cron/chat_media_downloads/img_5302313800434927_茧房日报260524.pdf
time=2026-05-25T23:12:12.277+08:00 level=INFO msg=处理完成一个批次 latest_time="2026-05-25 06:44:08" latest_sender=吃完麻辣烫后想来点甜 latest_message=早早早 stop=false
time=2026-05-25T23:12:14.011+08:00 level=INFO msg=处理完成一个批次 latest_time="2026-05-25 00:01:20" latest_sender=粉丝群 latest_message=涉及资金问题请务必提 stop=false
time=2026-05-25T23:12:30.993+08:00 level=WARN msg="通过响应监听下载 fid 失败，尝试回退到浏览器内 fetch" fid=5302243349496913 err="timeout:Timeout 15000.00ms exceeded."
time=2026-05-25T23:12:31.191+08:00 level=WARN msg="浏览器内 fetch 下载 fid 失败" fid=5302243349496913 url="https://upload.api.weibo.com/2/mss/msget?fid=5302243349496913&source=209678993&imageType=origin&ts=1779721950993" err="TypeError: Failed to fetch"
time=2026-05-25T23:12:31.239+08:00 level=WARN msg="浏览器内 fetch 下载 fid 失败" fid=5302243349496913 url="https://upload.api.weibo.com/2/mss/msget?fid=5302243349496913&touid=4761715839862414&ts=1779721950993" err="TypeError: Failed to fetch"
time=2026-05-25T23:12:31.343+08:00 level=WARN msg="浏览器内 fetch 下载 fid 失败" fid=5302243349496913 url="https://upload.api.weibo.com/2/mss/msget?fid=5302243349496913&source=209678993&touid=4761715839862414&imageType=origin&ts=1779721950993" err="TypeError: Failed to fetch"
time=2026-05-25T23:12:31.343+08:00 level=WARN msg="浏览器内 fid 下载全部失败，尝试直接 HTTP 下载" fid=5302243349496913 err="TypeError: Failed to fetch"
time=2026-05-25T23:12:31.613+08:00 level=INFO msg="fid 媒体已通过直接 HTTP 回退下载成功" fid=5302243349496913 path=/home/duty/weibo_cron/chat_media_downloads/img_5302243349496913_七日丝_260524.pdf
time=2026-05-25T23:12:31.613+08:00 level=INFO msg=处理完成一个批次 latest_time="2026-05-24 23:44:09" latest_sender=花小生鱼 latest_message="「「「「国家选ALB」\n- " stop=false
time=2026-05-25T23:12:33.497+08:00 level=INFO msg=处理完成一个批次 latest_time="2026-05-24 23:28:49" latest_sender=Jane王师傅 latest_message="「微博」\n- - - - - - - - -" stop=true
time=2026-05-25T23:12:33.531+08:00 level=INFO msg=群聊历史抓取完成 new_count=1078 history_dir=/home/duty/weibo_cron/clean_history state_file=/home/duty/weibo_cron/group_chat_state.json
time=2026-05-25T23:12:42.221+08:00 level=INFO msg=群聊摘要推送完成 message_count=1
/usr/bin/xvfb-run: line 185: kill: (1091836) - No such process
time=2026-05-26T23:10:03.718+08:00 level=INFO msg=群聊模式配置加载完成 config=config.groupchat.yaml
time=2026-05-26T23:10:08.648+08:00 level=INFO msg=打开微博群聊页面 url="https://api.weibo.com/chat/#/chat?check_gid=4761715839862414&source_from=11" user_data_dir=/home/duty/weibo_cron/weibo_user_data browser_channel=chrome
time=2026-05-26T23:10:09.782+08:00 level=INFO msg=如未登录，请在打开的浏览器中完成登录；程序正在等待群聊消息接口返回
time=2026-05-26T23:10:11.095+08:00 level=INFO msg=群聊页面已加载，开始抓取历史消息
time=2026-05-26T23:10:11.592+08:00 level=INFO msg=处理完成一个批次 latest_time="2026-05-26 23:09:58" latest_sender=四月是你的满分作文101 latest_message="当时就看懂了第一句 \xe6\xb2" stop=false
time=2026-05-26T23:10:11.783+08:00 level=INFO msg=处理完成一个批次 latest_time="2026-05-26 22:53:02" latest_sender=等下就去吃饭 latest_message=怕高都是苦命人 stop=false
time=2026-05-26T23:10:14.143+08:00 level=INFO msg=处理完成一个批次 latest_time="2026-05-26 22:37:55" latest_sender=骨德猫n latest_message="「图片」\n- - - - - - - - -" stop=false
time=2026-05-26T23:10:20.006+08:00 level=INFO msg=处理完成一个批次 latest_time="2026-05-26 22:26:50" latest_sender=等下就去吃饭 latest_message="比起大A的无理由暴涨\xe6\x9a" stop=false
time=2026-05-26T23:10:22.194+08:00 level=INFO msg=处理完成一个批次 latest_time="2026-05-26 22:16:47" latest_sender=响当当当的铜豌豆 latest_message="@万物既渺小又伟大 请\xe9" stop=false
time=2026-05-26T23:10:24.083+08:00 level=INFO msg=处理完成一个批次 latest_time="2026-05-26 22:02:21" latest_sender=茴字的1970种写法 latest_message="F 哥可以。" stop=false
time=2026-05-26T23:10:26.144+08:00 level=INFO msg=处理完成一个批次 latest_time="2026-05-26 21:54:20" latest_sender=梦星河200602 latest_message=嘻嘻 stop=false
time=2026-05-26T23:10:28.311+08:00 level=INFO msg=处理完成一个批次 latest_time="2026-05-26 21:49:10" latest_sender=粉丝群 latest_message=涉及资金问题请务必提 stop=false
time=2026-05-26T23:10:30.443+08:00 level=INFO msg=处理完成一个批次 latest_time="2026-05-26 21:38:00" latest_sender=梦星河200602 latest_message=「跟着群佬们真的一定 stop=false
time=2026-05-26T23:10:33.686+08:00 level=INFO msg=处理完成一个批次 latest_time="2026-05-26 21:19:47" latest_sender=Jane王师傅 latest_message=分享图片 stop=false
time=2026-05-26T23:10:37.100+08:00 level=INFO msg=处理完成一个批次 latest_time="2026-05-26 20:56:42" latest_sender=茴字的1970种写法 latest_message=阿尼亚甚至想过直接让 stop=false
time=2026-05-26T23:10:39.103+08:00 level=INFO msg=处理完成一个批次 latest_time="2026-05-26 20:47:20" latest_sender=拾人牙慧的复读机 latest_message="拾人牙慧的复读机 撤\xe5\x9b" stop=false
time=2026-05-26T23:10:41.399+08:00 level=INFO msg=处理完成一个批次 latest_time="2026-05-26 20:42:39" latest_sender=tombkeeper latest_message=但我看到过有人佩戴血 stop=false
time=2026-05-26T23:10:43.236+08:00 level=INFO msg=处理完成一个批次 latest_time="2026-05-26 20:38:23" latest_sender=Jane王师傅 latest_message=白醋我都是用来清洗水 stop=false
time=2026-05-26T23:10:45.532+08:00 level=INFO msg=处理完成一个批次 latest_time="2026-05-26 20:33:58" latest_sender=一只方阿 latest_message=我都没烫过，就泡水里 stop=false
time=2026-05-26T23:10:47.438+08:00 level=INFO msg=处理完成一个批次 latest_time="2026-05-26 20:25:31" latest_sender=楼雨晴Lo latest_message=它这个应该有辣度展示 stop=false
time=2026-05-26T23:10:49.120+08:00 level=INFO msg=处理完成一个批次 latest_time="2026-05-26 20:16:25" latest_sender=小大饼 latest_message="「「@大吉利丶:「还好\xe8" stop=false
time=2026-05-26T23:10:50.986+08:00 level=INFO msg=处理完成一个批次 latest_time="2026-05-26 19:48:30" latest_sender=响当当当的铜豌豆 latest_message="「「微博」\n- - - - - - - " stop=false
time=2026-05-26T23:10:54.190+08:00 level=INFO msg=处理完成一个批次 latest_time="2026-05-26 19:44:56" latest_sender=小大饼 latest_message=还好还好，去年有群友 stop=false
time=2026-05-26T23:10:56.381+08:00 level=INFO msg=处理完成一个批次 latest_time="2026-05-26 19:23:55" latest_sender=花小生鱼 latest_message=我自己出了个邮费 stop=false
time=2026-05-26T23:10:58.420+08:00 level=INFO msg=处理完成一个批次 latest_time="2026-05-26 18:39:30" latest_sender=蓦回溯光 latest_message=我现在用的是CMLink stop=false
time=2026-05-26T23:11:00.471+08:00 level=INFO msg=处理完成一个批次 latest_time="2026-05-26 18:24:37" latest_sender=小大饼 latest_message=谁骗我说是账单地址的 stop=false
time=2026-05-26T23:11:02.470+08:00 level=INFO msg=处理完成一个批次 latest_time="2026-05-26 18:04:21" latest_sender=花小生鱼 latest_message=那个是账单地址，填国 stop=false
time=2026-05-26T23:11:04.346+08:00 level=INFO msg=处理完成一个批次 latest_time="2026-05-26 17:35:52" latest_sender=小大饼 latest_message="「「「@花小生鱼:没有\xe5" stop=false
time=2026-05-26T23:11:06.195+08:00 level=INFO msg=处理完成一个批次 latest_time="2026-05-26 17:28:40" latest_sender=花小生鱼 latest_message=他这是寄到澳洲 stop=false
time=2026-05-26T23:11:08.396+08:00 level=INFO msg=处理完成一个批次 latest_time="2026-05-26 17:00:19" latest_sender=万千烦恼胀 latest_message=「估计是个冷门型号， stop=false
time=2026-05-26T23:11:10.877+08:00 level=INFO msg=处理完成一个批次 latest_time="2026-05-26 16:47:13" latest_sender=xelnaga瞭望塔 latest_message=分享图片 stop=false
time=2026-05-26T23:11:13.106+08:00 level=INFO msg=处理完成一个批次 latest_time="2026-05-26 16:31:57" latest_sender=铜冰鉴43228 latest_message=分享图片 stop=false
time=2026-05-26T23:11:14.972+08:00 level=INFO msg=处理完成一个批次 latest_time="2026-05-26 16:20:02" latest_sender=我爱吃肠粉001 latest_message="我爱吃肠粉001 撤回了\xe4\xb8" stop=false
time=2026-05-26T23:11:17.232+08:00 level=INFO msg=处理完成一个批次 latest_time="2026-05-26 15:55:49" latest_sender=羽化的布偶 latest_message=「我都选的红利再投」 stop=false
time=2026-05-26T23:11:19.104+08:00 level=INFO msg=处理完成一个批次 latest_time="2026-05-26 15:42:26" latest_sender=蓦回溯光 latest_message=浙江也会发生这种事吗 stop=false
time=2026-05-26T23:11:26.200+08:00 level=INFO msg=处理完成一个批次 latest_time="2026-05-26 15:31:42" latest_sender=X波段相控阵雷达 latest_message=「有色今天涨这么多」 stop=false
time=2026-05-26T23:11:27.928+08:00 level=INFO msg=处理完成一个批次 latest_time="2026-05-26 15:26:38" latest_sender=粉丝群 latest_message=涉及资金问题请务必提 stop=false
time=2026-05-26T23:11:30.479+08:00 level=INFO msg=处理完成一个批次 latest_time="2026-05-26 15:15:40" latest_sender=粉丝群 latest_message=涉及资金问题请务必提 stop=false
time=2026-05-26T23:11:32.798+08:00 level=INFO msg=处理完成一个批次 latest_time="2026-05-26 15:02:25" latest_sender=疯了一样去流浪 latest_message="查了一下 人工养殖的\xe5\x8f" stop=false
time=2026-05-26T23:11:34.641+08:00 level=INFO msg=处理完成一个批次 latest_time="2026-05-26 14:27:40" latest_sender=清晨清2017 latest_message=「「@清晨清2017:「还割 stop=false
time=2026-05-26T23:11:36.803+08:00 level=INFO msg=处理完成一个批次 latest_time="2026-05-26 14:20:20" latest_sender=粉丝群 latest_message=涉及资金问题请务必提 stop=false
time=2026-05-26T23:11:38.644+08:00 level=INFO msg=处理完成一个批次 latest_time="2026-05-26 14:10:04" latest_sender=nkaifang latest_message=狮子的通富昨天已经板 stop=false
time=2026-05-26T23:11:40.567+08:00 level=INFO msg=处理完成一个批次 latest_time="2026-05-26 13:35:42" latest_sender=茴字的1970种写法 latest_message=http://weibo.com/1401527553/R1 stop=false
time=2026-05-26T23:11:42.194+08:00 level=INFO msg=处理完成一个批次 latest_time="2026-05-26 13:18:26" latest_sender=无脸男最喜欢小千 latest_message="「@____方格:@无脸男最\xe5\x96" stop=false
time=2026-05-26T23:11:44.268+08:00 level=INFO msg=处理完成一个批次 latest_time="2026-05-26 13:12:57" latest_sender=Afeeeer latest_message=处流放 stop=false
time=2026-05-26T23:11:46.212+08:00 level=INFO msg=处理完成一个批次 latest_time="2026-05-26 13:04:22" latest_sender=复数枝桠 latest_message=鸡胸肉熟重大概150g stop=false
time=2026-05-26T23:11:47.931+08:00 level=INFO msg=处理完成一个批次 latest_time="2026-05-26 12:52:37" latest_sender=clone_sheep latest_message=「「家长认真是好事， stop=false
time=2026-05-26T23:11:49.990+08:00 level=INFO msg=处理完成一个批次 latest_time="2026-05-26 12:42:46" latest_sender=四岚1883 latest_message=收紧外汇管控的一个背 stop=false
time=2026-05-26T23:11:52.906+08:00 level=INFO msg=处理完成一个批次 latest_time="2026-05-26 12:28:12" latest_sender=小大饼 latest_message=「哈哈，如果碳基生物 stop=false
time=2026-05-26T23:11:56.141+08:00 level=INFO msg=处理完成一个批次 latest_time="2026-05-26 12:13:34" latest_sender=____方格 latest_message=用苏打水感觉如何 stop=false
time=2026-05-26T23:11:58.464+08:00 level=INFO msg=处理完成一个批次 latest_time="2026-05-26 11:46:29" latest_sender=无脸男最喜欢小千 latest_message=分享图片 stop=false
time=2026-05-26T23:12:00.787+08:00 level=INFO msg=处理完成一个批次 latest_time="2026-05-26 10:58:56" latest_sender=雨石plus latest_message=咱俩有点相似 stop=false
time=2026-05-26T23:12:02.612+08:00 level=INFO msg=处理完成一个批次 latest_time="2026-05-26 10:33:34" latest_sender=万物既渺小又伟大 latest_message=我是因为买多了，占比 stop=false
time=2026-05-26T23:12:04.234+08:00 level=INFO msg=处理完成一个批次 latest_time="2026-05-26 10:01:51" latest_sender=雨石plus latest_message=神舟算什么利好 stop=false
time=2026-05-26T23:12:06.333+08:00 level=INFO msg=处理完成一个批次 latest_time="2026-05-26 10:00:56" latest_sender=Teslabc latest_message=收到红包消息，请在手 stop=false
time=2026-05-26T23:12:08.310+08:00 level=INFO msg=处理完成一个批次 latest_time="2026-05-26 09:33:59" latest_sender=万物既渺小又伟大 latest_message=「「说起来，家里小孩 stop=false
time=2026-05-26T23:12:11.165+08:00 level=INFO msg=处理完成一个批次 latest_time="2026-05-26 08:44:53" latest_sender=黄健楸 latest_message=「@tqtq:茧房爬楼王就是 stop=false
time=2026-05-26T23:12:13.487+08:00 level=INFO msg=处理完成一个批次 latest_time="2026-05-26 08:20:00" latest_sender=花小生鱼 latest_message=就是喝完要及时清洁口 stop=false
time=2026-05-26T23:12:15.552+08:00 level=INFO msg=处理完成一个批次 latest_time="2026-05-26 07:48:42" latest_sender=Drtudao latest_message=早 stop=false
time=2026-05-26T23:12:17.396+08:00 level=INFO msg=处理完成一个批次 latest_time="2026-05-26 07:15:23" latest_sender=拖延-症再见 latest_message=早 stop=false
time=2026-05-26T23:12:34.149+08:00 level=WARN msg="通过响应监听下载 fid 失败，尝试回退到浏览器内 fetch" fid=5302661591335776 err="timeout:Timeout 15000.00ms exceeded."
time=2026-05-26T23:12:34.232+08:00 level=WARN msg="浏览器内 fetch 下载 fid 失败" fid=5302661591335776 url="https://upload.api.weibo.com/2/mss/msget?fid=5302661591335776&source=209678993&imageType=origin&ts=1779808354149" err="TypeError: Failed to fetch"
time=2026-05-26T23:12:34.278+08:00 level=WARN msg="浏览器内 fetch 下载 fid 失败" fid=5302661591335776 url="https://upload.api.weibo.com/2/mss/msget?fid=5302661591335776&touid=4761715839862414&ts=1779808354149" err="TypeError: Failed to fetch"
time=2026-05-26T23:12:34.370+08:00 level=WARN msg="浏览器内 fetch 下载 fid 失败" fid=5302661591335776 url="https://upload.api.weibo.com/2/mss/msget?fid=5302661591335776&source=209678993&touid=4761715839862414&imageType=origin&ts=1779808354149" err="TypeError: Failed to fetch"
time=2026-05-26T23:12:34.370+08:00 level=WARN msg="浏览器内 fid 下载全部失败，尝试直接 HTTP 下载" fid=5302661591335776 err="TypeError: Failed to fetch"
time=2026-05-26T23:12:34.672+08:00 level=INFO msg="fid 媒体已通过直接 HTTP 回退下载成功" fid=5302661591335776 path=/home/duty/weibo_cron/chat_media_downloads/img_5302661591335776_茧房日报260525.pdf
time=2026-05-26T23:12:35.054+08:00 level=INFO msg=处理完成一个批次 latest_time="2026-05-26 06:49:30" latest_sender=叫我小鸡君吧 latest_message=[动画表情] stop=false
time=2026-05-26T23:12:37.017+08:00 level=INFO msg=处理完成一个批次 latest_time="2026-05-26 00:35:12" latest_sender=FFFFVIP latest_message=http://weibo.com/1408734653/R1 stop=true
time=2026-05-26T23:12:37.069+08:00 level=INFO msg=群聊历史抓取完成 new_count=1157 history_dir=/home/duty/weibo_cron/clean_history state_file=/home/duty/weibo_cron/group_chat_state.json
time=2026-05-26T23:12:41.091+08:00 level=INFO msg=群聊摘要推送完成 message_count=1
time=2026-05-27T23:10:03.338+08:00 level=INFO msg=群聊模式配置加载完成 config=config.groupchat.yaml
time=2026-05-27T23:10:07.900+08:00 level=INFO msg=打开微博群聊页面 url="https://api.weibo.com/chat/#/chat?check_gid=4761715839862414&source_from=11" user_data_dir=/home/duty/weibo_cron/weibo_user_data browser_channel=chrome
time=2026-05-27T23:10:08.885+08:00 level=INFO msg=如未登录，请在打开的浏览器中完成登录；程序正在等待群聊消息接口返回
time=2026-05-27T23:10:09.985+08:00 level=INFO msg=群聊页面已加载，开始抓取历史消息
time=2026-05-27T23:10:12.519+08:00 level=INFO msg=处理完成一个批次 latest_time="2026-05-27 23:03:11" latest_sender=铜冰鉴43228 latest_message=分享视频 stop=false
time=2026-05-27T23:10:13.332+08:00 level=INFO msg=处理完成一个批次 latest_time="2026-05-27 22:32:34" latest_sender=Tomelephant latest_message=醋[单身狗] stop=false
time=2026-05-27T23:10:15.903+08:00 level=INFO msg=处理完成一个批次 latest_time="2026-05-27 22:13:39" latest_sender=XMWell latest_message=分享图片 stop=false
time=2026-05-27T23:10:18.594+08:00 level=INFO msg=处理完成一个批次 latest_time="2026-05-27 21:46:28" latest_sender=小大饼 latest_message=女群友要邮费啊 stop=false
time=2026-05-27T23:10:20.777+08:00 level=INFO msg=处理完成一个批次 latest_time="2026-05-27 21:38:34" latest_sender=Jane王师傅 latest_message=反正以前练完浑身疼， stop=false
time=2026-05-27T23:10:23.404+08:00 level=INFO msg=处理完成一个批次 latest_time="2026-05-27 21:26:09" latest_sender=星逸几度秋_ latest_message=富饼哥 stop=false
time=2026-05-27T23:10:25.581+08:00 level=INFO msg=处理完成一个批次 latest_time="2026-05-27 21:15:14" latest_sender=WojakW latest_message=分享图片 stop=false
time=2026-05-27T23:10:27.275+08:00 level=INFO msg=处理完成一个批次 latest_time="2026-05-27 21:01:36" latest_sender=拱bot latest_message=家人们，关注列表定律 stop=false
time=2026-05-27T23:10:29.174+08:00 level=INFO msg=处理完成一个批次 latest_time="2026-05-27 19:53:15" latest_sender=雨石plus latest_message=美光简直夸张 stop=false
time=2026-05-27T23:10:31.008+08:00 level=INFO msg=处理完成一个批次 latest_time="2026-05-27 19:28:47" latest_sender=花小生鱼 latest_message="「@花小生鱼 你发出来\xe8" stop=false
time=2026-05-27T23:10:32.672+08:00 level=INFO msg=处理完成一个批次 latest_time="2026-05-27 19:14:38" latest_sender=ScaryLeopard419 latest_message="盘前才跌6个点，问题\xe4\xb8" stop=false
time=2026-05-27T23:10:34.380+08:00 level=INFO msg=处理完成一个批次 latest_time="2026-05-27 19:08:05" latest_sender=closvz latest_message=「「5月11号申购做了一 stop=false
time=2026-05-27T23:10:36.544+08:00 level=INFO msg=处理完成一个批次 latest_time="2026-05-27 18:56:06" latest_sender=花小生鱼 latest_message="我胆子小一直不敢上[\xe6\xb5" stop=false
time=2026-05-27T23:10:38.302+08:00 level=INFO msg=处理完成一个批次 latest_time="2026-05-27 18:40:06" latest_sender=closvz latest_message="ETF 应该和股票费率是\xe5\x8d" stop=false
time=2026-05-27T23:10:40.352+08:00 level=INFO msg=处理完成一个批次 latest_time="2026-05-27 18:35:50" latest_sender=小大饼 latest_message=我同学也是银河证券的 stop=false
time=2026-05-27T23:10:42.765+08:00 level=INFO msg=处理完成一个批次 latest_time="2026-05-27 18:27:06" latest_sender=叽叽叽叽机叽叽 latest_message=[笑cry][笑cry] stop=false
time=2026-05-27T23:10:44.931+08:00 level=INFO msg=处理完成一个批次 latest_time="2026-05-27 18:22:09" latest_sender=羽化的布偶 latest_message="「我懂了，LOF 是场内\xe5\xa4" stop=false
time=2026-05-27T23:10:46.867+08:00 level=INFO msg=处理完成一个批次 latest_time="2026-05-27 18:17:33" latest_sender=小鹿纯子买咸酸 latest_message=咱们就是要赚这个溢价 stop=false
time=2026-05-27T23:10:48.714+08:00 level=INFO msg=处理完成一个批次 latest_time="2026-05-27 18:14:01" latest_sender=蓦回溯光 latest_message=好吧，当时在忙，没功 stop=false
time=2026-05-27T23:10:51.192+08:00 level=INFO msg=处理完成一个批次 latest_time="2026-05-27 18:11:04" latest_sender=叫我小鸡君吧 latest_message=[哆啦A梦害怕] stop=false
time=2026-05-27T23:10:53.518+08:00 level=INFO msg=处理完成一个批次 latest_time="2026-05-27 18:07:34" latest_sender=小大饼 latest_message=分享图片 stop=false
time=2026-05-27T23:10:55.774+08:00 level=INFO msg=处理完成一个批次 latest_time="2026-05-27 18:00:17" latest_sender=小阿飞_jiro latest_message=饼老师开户了没 stop=false
time=2026-05-27T23:10:57.391+08:00 level=INFO msg=处理完成一个批次 latest_time="2026-05-27 17:55:26" latest_sender=小鹿纯子买咸酸 latest_message=「这是什么意思啊？」 stop=false
time=2026-05-27T23:10:59.273+08:00 level=INFO msg=处理完成一个批次 latest_time="2026-05-27 17:51:18" latest_sender=小大饼 latest_message=分享图片 stop=false
time=2026-05-27T23:11:01.085+08:00 level=INFO msg=处理完成一个批次 latest_time="2026-05-27 17:45:47" latest_sender=ActionKnows- latest_message=分享图片 stop=false
time=2026-05-27T23:11:02.777+08:00 level=INFO msg=处理完成一个批次 latest_time="2026-05-27 17:40:44" latest_sender=万物既渺小又伟大 latest_message="「超大号猪脚饭」\n- - -" stop=false
time=2026-05-27T23:11:04.468+08:00 level=INFO msg=处理完成一个批次 latest_time="2026-05-27 17:35:04" latest_sender=梦星河200602 latest_message="「图片」\n- - - - - - - - -" stop=false
time=2026-05-27T23:11:06.515+08:00 level=INFO msg=处理完成一个批次 latest_time="2026-05-27 17:30:55" latest_sender=我爱吃肠粉001 latest_message=券商好像不行了 stop=false
time=2026-05-27T23:11:08.226+08:00 level=INFO msg=处理完成一个批次 latest_time="2026-05-27 17:27:30" latest_sender=阿航爱喝水呀 latest_message="0.97元，@修蒙的gentle 万" stop=false
time=2026-05-27T23:11:10.445+08:00 level=INFO msg=处理完成一个批次 latest_time="2026-05-27 17:25:42" latest_sender=索尔哈迪斯 latest_message="0.49元，@修蒙的gentle 红" stop=false
time=2026-05-27T23:11:12.237+08:00 level=INFO msg=处理完成一个批次 latest_time="2026-05-27 17:18:17" latest_sender=closvz latest_message=买了3万 stop=false
time=2026-05-27T23:11:14.597+08:00 level=INFO msg=处理完成一个批次 latest_time="2026-05-27 17:11:57" latest_sender=BentleyMicrostationV8i latest_message=跑步前进！ stop=false
time=2026-05-27T23:11:16.699+08:00 level=INFO msg=处理完成一个批次 latest_time="2026-05-27 15:59:10" latest_sender=茴字的1970种写法 latest_message=不一样 stop=false
time=2026-05-27T23:11:19.024+08:00 level=INFO msg=处理完成一个批次 latest_time="2026-05-27 15:25:22" latest_sender=四岚1883 latest_message=分享图片 stop=false
time=2026-05-27T23:11:22.172+08:00 level=INFO msg=处理完成一个批次 latest_time="2026-05-27 14:17:17" latest_sender=万物既渺小又伟大 latest_message="「图片」\n- - - - - - - - -" stop=false
time=2026-05-27T23:11:24.238+08:00 level=INFO msg=处理完成一个批次 latest_time="2026-05-27 13:20:31" latest_sender=X-Ray睿瑞锐 latest_message="「「微博」\n- - - - - - - " stop=false
time=2026-05-27T23:11:26.168+08:00 level=INFO msg=处理完成一个批次 latest_time="2026-05-27 12:31:36" latest_sender=我爱吃肠粉001 latest_message=发图倒是没啥，主要是 stop=false
time=2026-05-27T23:11:28.549+08:00 level=INFO msg=处理完成一个批次 latest_time="2026-05-27 12:02:36" latest_sender=我爱吃肠粉001 latest_message="我觉得vibe coding来做一\xe4" stop=false
time=2026-05-27T23:11:30.674+08:00 level=INFO msg=处理完成一个批次 latest_time="2026-05-27 11:54:09" latest_sender=东坡酒醒还复醉 latest_message=分享图片 stop=false
time=2026-05-27T23:11:32.918+08:00 level=INFO msg=处理完成一个批次 latest_time="2026-05-27 11:34:20" latest_sender=任_朝暮_ latest_message=这个也是打印的吗？ stop=false
time=2026-05-27T23:11:34.832+08:00 level=INFO msg=处理完成一个批次 latest_time="2026-05-27 11:12:03" latest_sender=等下就去吃饭 latest_message=有色跌的挺好 stop=false
time=2026-05-27T23:11:36.488+08:00 level=INFO msg=处理完成一个批次 latest_time="2026-05-27 10:55:02" latest_sender=FFFFVIP latest_message=长期肯定看涨，短期谁 stop=false
time=2026-05-27T23:11:38.723+08:00 level=INFO msg=处理完成一个批次 latest_time="2026-05-27 10:47:51" latest_sender=自由的西瓜L latest_message=中国今年买的黄金总量 stop=false
time=2026-05-27T23:11:40.546+08:00 level=INFO msg=处理完成一个批次 latest_time="2026-05-27 10:32:26" latest_sender=花小生鱼 latest_message=分享图片 stop=false
time=2026-05-27T23:11:42.458+08:00 level=INFO msg=处理完成一个批次 latest_time="2026-05-27 10:21:13" latest_sender=响当当当的铜豌豆 latest_message=「@FFFFVIP:情绪太疯了， stop=false
time=2026-05-27T23:11:44.889+08:00 level=INFO msg=处理完成一个批次 latest_time="2026-05-27 09:36:07" latest_sender=四岚1883 latest_message="不止是提示词，算法/\xe5\xba" stop=false
time=2026-05-27T23:11:46.753+08:00 level=INFO msg=处理完成一个批次 latest_time="2026-05-27 09:01:22" latest_sender=四岚1883 latest_message="grok build好拉，小米mimo\xe9" stop=false
time=2026-05-27T23:11:48.448+08:00 level=INFO msg=处理完成一个批次 latest_time="2026-05-27 08:20:11" latest_sender=小大饼 latest_message=地铁吃鸡蛋确实不好， stop=false
time=2026-05-27T23:12:05.491+08:00 level=WARN msg="通过响应监听下载 fid 失败，尝试回退到浏览器内 fetch" fid=5303090523670275 err="timeout:Timeout 15000.00ms exceeded."
time=2026-05-27T23:12:05.581+08:00 level=WARN msg="浏览器内 fetch 下载 fid 失败" fid=5303090523670275 url="https://upload.api.weibo.com/2/mss/msget?fid=5303090523670275&source=209678993&imageType=origin&ts=1779894725491" err="TypeError: Failed to fetch"
time=2026-05-27T23:12:05.625+08:00 level=WARN msg="浏览器内 fetch 下载 fid 失败" fid=5303090523670275 url="https://upload.api.weibo.com/2/mss/msget?fid=5303090523670275&touid=4761715839862414&ts=1779894725491" err="TypeError: Failed to fetch"
time=2026-05-27T23:12:05.732+08:00 level=WARN msg="浏览器内 fetch 下载 fid 失败" fid=5303090523670275 url="https://upload.api.weibo.com/2/mss/msget?fid=5303090523670275&source=209678993&touid=4761715839862414&imageType=origin&ts=1779894725491" err="TypeError: Failed to fetch"
time=2026-05-27T23:12:05.732+08:00 level=WARN msg="浏览器内 fid 下载全部失败，尝试直接 HTTP 下载" fid=5303090523670275 err="TypeError: Failed to fetch"
time=2026-05-27T23:12:06.069+08:00 level=INFO msg="fid 媒体已通过直接 HTTP 回退下载成功" fid=5303090523670275 path=/home/duty/weibo_cron/chat_media_downloads/img_5303090523670275_茧房日报260526.pdf
time=2026-05-27T23:12:06.070+08:00 level=INFO msg=处理完成一个批次 latest_time="2026-05-27 07:47:19" latest_sender=linearrrr latest_message=我以前也在西医群，感 stop=false
time=2026-05-27T23:12:09.799+08:00 level=INFO msg=处理完成一个批次 latest_time="2026-05-27 07:03:35" latest_sender=Sp1n0za latest_message=早 stop=false
time=2026-05-27T23:12:13.149+08:00 level=INFO msg=处理完成一个批次 latest_time="2026-05-27 05:53:17" latest_sender=ActionKnows- latest_message=早 stop=false
time=2026-05-27T23:12:15.045+08:00 level=INFO msg=处理完成一个批次 latest_time="2026-05-27 00:16:12" latest_sender=Afeeeer latest_message="「@我爱吃肠粉001:「垃\xe5" stop=false
time=2026-05-27T23:12:16.769+08:00 level=INFO msg=处理完成一个批次 latest_time="2026-05-27 00:02:20" latest_sender=神先 latest_message=「「我之前用selsun的二 stop=false
time=2026-05-27T23:12:18.463+08:00 level=INFO msg=处理完成一个批次 latest_time="2026-05-26 23:42:20" latest_sender=樱桃树rani latest_message=洗发水不喜欢或者不适 stop=false
time=2026-05-27T23:12:20.586+08:00 level=INFO msg=处理完成一个批次 latest_time="2026-05-26 23:32:17" latest_sender=梦星河200602 latest_message=二硫化硒洗发水，一周 stop=true
time=2026-05-27T23:12:20.624+08:00 level=INFO msg=群聊历史抓取完成 new_count=1098 history_dir=/home/duty/weibo_cron/clean_history state_file=/home/duty/weibo_cron/group_chat_state.json
time=2026-05-27T23:12:24.868+08:00 level=INFO msg=群聊摘要推送完成 message_count=1
time=2026-05-28T23:10:03.807+08:00 level=INFO msg=群聊模式配置加载完成 config=config.groupchat.yaml
time=2026-05-28T23:10:08.331+08:00 level=INFO msg=打开微博群聊页面 url="https://api.weibo.com/chat/#/chat?check_gid=4761715839862414&source_from=11" user_data_dir=/home/duty/weibo_cron/weibo_user_data browser_channel=chrome
time=2026-05-28T23:10:09.319+08:00 level=INFO msg=如未登录，请在打开的浏览器中完成登录；程序正在等待群聊消息接口返回
time=2026-05-28T23:10:10.485+08:00 level=INFO msg=群聊页面已加载，开始抓取历史消息
time=2026-05-28T23:10:13.877+08:00 level=INFO msg=处理完成一个批次 latest_time="2026-05-28 23:09:43" latest_sender=羽化的布偶 latest_message=「化债应该不是化居民 stop=false
time=2026-05-28T23:10:21.500+08:00 level=INFO msg=处理完成一个批次 latest_time="2026-05-28 22:16:44" latest_sender=十月的米兰 latest_message=广东像火炉 stop=false
time=2026-05-28T23:10:23.209+08:00 level=INFO msg=处理完成一个批次 latest_time="2026-05-28 22:06:35" latest_sender=Nolan_lopez latest_message=（额度-1） stop=false
time=2026-05-28T23:10:24.879+08:00 level=INFO msg=处理完成一个批次 latest_time="2026-05-28 21:58:54" latest_sender=小大饼 latest_message="1_2_1  1_2_1  1_2_1" stop=false
time=2026-05-28T23:10:26.981+08:00 level=INFO msg=处理完成一个批次 latest_time="2026-05-28 21:52:34" latest_sender=xelnaga瞭望塔 latest_message=害怕 stop=false
time=2026-05-28T23:10:28.649+08:00 level=INFO msg=处理完成一个批次 latest_time="2026-05-28 21:49:43" latest_sender=Aurora白White-little-hajimi latest_message=我非要听！ stop=false
time=2026-05-28T23:10:31.329+08:00 level=INFO msg=处理完成一个批次 latest_time="2026-05-28 21:46:07" latest_sender=xelnaga瞭望塔 latest_message="tk 发鹦鹉/小鸟的照片\xe5\xa4" stop=false
time=2026-05-28T23:10:33.062+08:00 level=INFO msg=处理完成一个批次 latest_time="2026-05-28 21:42:53" latest_sender=猛恰三大碗 latest_message=[动画表情] stop=false
time=2026-05-28T23:10:34.736+08:00 level=INFO msg=处理完成一个批次 latest_time="2026-05-28 21:27:51" latest_sender=9527号JoJo latest_message="20个Agent里再设置几个\xe4\xbc" stop=false
time=2026-05-28T23:10:36.743+08:00 level=INFO msg=处理完成一个批次 latest_time="2026-05-28 21:17:20" latest_sender=tombkeeper latest_message=别听啊，听坏了算谁的 stop=false
time=2026-05-28T23:10:39.015+08:00 level=INFO msg=处理完成一个批次 latest_time="2026-05-28 21:04:19" latest_sender=HorcruxerzzZ latest_message=分享图片 stop=false
time=2026-05-28T23:10:41.045+08:00 level=INFO msg=处理完成一个批次 latest_time="2026-05-28 20:57:58" latest_sender=Aurora白White-little-hajimi latest_message=这真的不是奖励吗？ stop=false
time=2026-05-28T23:10:45.710+08:00 level=INFO msg=处理完成一个批次 latest_time="2026-05-28 20:42:27" latest_sender=粉丝群 latest_message=涉及资金问题请务必提 stop=false
time=2026-05-28T23:10:47.423+08:00 level=INFO msg=处理完成一个批次 latest_time="2026-05-28 20:10:56" latest_sender=HorcruxerzzZ latest_message=http://weibo.com/2535898204/R1 stop=false
time=2026-05-28T23:10:49.346+08:00 level=INFO msg=处理完成一个批次 latest_time="2026-05-28 19:58:43" latest_sender=Aurora白White-little-hajimi latest_message=一模一样 stop=false
time=2026-05-28T23:10:51.411+08:00 level=INFO msg=处理完成一个批次 latest_time="2026-05-28 19:35:41" latest_sender=nkaifang latest_message="6.48元，@阿尼亚是安妮\xe4" stop=false
time=2026-05-28T23:10:53.267+08:00 level=INFO msg=处理完成一个批次 latest_time="2026-05-28 19:19:11" latest_sender=小大饼 latest_message=不要假定性别 stop=false
time=2026-05-28T23:10:56.622+08:00 level=INFO msg=处理完成一个批次 latest_time="2026-05-28 18:51:57" latest_sender=Aurora白White-little-hajimi latest_message=确实，这都被你们发现 stop=false
time=2026-05-28T23:10:59.524+08:00 level=INFO msg=处理完成一个批次 latest_time="2026-05-28 18:41:39" latest_sender=o0李筱楼0o latest_message=三分拍，七分美颜 stop=false
time=2026-05-28T23:11:03.014+08:00 level=INFO msg=处理完成一个批次 latest_time="2026-05-28 18:31:13" latest_sender=猛恰三大碗 latest_message=[动画表情] stop=false
time=2026-05-28T23:11:04.866+08:00 level=INFO msg=处理完成一个批次 latest_time="2026-05-28 18:02:38" latest_sender=我爱吃肠粉001 latest_message=[淡淡的] stop=false
time=2026-05-28T23:11:06.534+08:00 level=INFO msg=处理完成一个批次 latest_time="2026-05-28 17:58:03" latest_sender=粉丝群 latest_message=涉及资金问题请务必提 stop=false
time=2026-05-28T23:11:09.179+08:00 level=INFO msg=处理完成一个批次 latest_time="2026-05-28 17:52:30" latest_sender=3ric2hao latest_message=哪个群友搞电商，加四 stop=false
time=2026-05-28T23:11:11.120+08:00 level=INFO msg=处理完成一个批次 latest_time="2026-05-28 17:45:44" latest_sender=___Ray__ latest_message="「「图片」\n- - - - - - - " stop=false
time=2026-05-28T23:11:13.911+08:00 level=INFO msg=处理完成一个批次 latest_time="2026-05-28 17:27:09" latest_sender=小大饼 latest_message=分享图片 stop=false
time=2026-05-28T23:11:15.825+08:00 level=INFO msg=处理完成一个批次 latest_time="2026-05-28 17:01:55" latest_sender=亲爱的L先森 latest_message=分享图片 stop=false
time=2026-05-28T23:11:17.635+08:00 level=INFO msg=处理完成一个批次 latest_time="2026-05-28 16:33:46" latest_sender=四岚1883 latest_message="ETF 咋套？" stop=false
time=2026-05-28T23:11:19.813+08:00 level=INFO msg=处理完成一个批次 latest_time="2026-05-28 16:24:26" latest_sender=达包咩 latest_message=分享图片 stop=false
time=2026-05-28T23:11:21.481+08:00 level=INFO msg=处理完成一个批次 latest_time="2026-05-28 16:10:31" latest_sender=粉丝群 latest_message=涉及资金问题请务必提 stop=false
time=2026-05-28T23:11:23.145+08:00 level=INFO msg=处理完成一个批次 latest_time="2026-05-28 15:55:08" latest_sender=十月的米兰 latest_message=「朋友们，是我搞错了 stop=false
time=2026-05-28T23:11:25.038+08:00 level=INFO msg=处理完成一个批次 latest_time="2026-05-28 15:44:41" latest_sender=粉丝群 latest_message=涉及资金问题请务必提 stop=false
time=2026-05-28T23:11:26.650+08:00 level=INFO msg=处理完成一个批次 latest_time="2026-05-28 15:23:43" latest_sender=叫我花田好了 latest_message=我看去没有发的图是份 stop=false
time=2026-05-28T23:11:29.377+08:00 level=INFO msg=处理完成一个批次 latest_time="2026-05-28 15:03:10" latest_sender=星逸几度秋_ latest_message=3点外根本不能申购啊 stop=false
time=2026-05-28T23:11:31.471+08:00 level=INFO msg=处理完成一个批次 latest_time="2026-05-28 14:26:08" latest_sender=小大饼 latest_message=[震惊][震惊][震惊] stop=false
time=2026-05-28T23:11:33.256+08:00 level=INFO msg=处理完成一个批次 latest_time="2026-05-28 14:15:20" latest_sender=purehol latest_message=「@小大饼:「@purehol:「@ stop=false
time=2026-05-28T23:11:35.286+08:00 level=INFO msg=处理完成一个批次 latest_time="2026-05-28 14:11:21" latest_sender=s3cana latest_message=分享图片 stop=false
time=2026-05-28T23:11:37.138+08:00 level=INFO msg=处理完成一个批次 latest_time="2026-05-28 14:04:14" latest_sender=万物既渺小又伟大 latest_message="「「图片」\n- - - - - - - " stop=false
time=2026-05-28T23:11:39.208+08:00 level=INFO msg=处理完成一个批次 latest_time="2026-05-28 13:26:24" latest_sender=叫我小鸡君吧 latest_message=我在努力[笑cry] stop=false
time=2026-05-28T23:11:42.055+08:00 level=INFO msg=处理完成一个批次 latest_time="2026-05-28 13:01:24" latest_sender=Aurora白White-little-hajimi latest_message=没买防晒手套寻思凑活 stop=false
time=2026-05-28T23:11:43.860+08:00 level=INFO msg=处理完成一个批次 latest_time="2026-05-28 12:55:55" latest_sender=Aurora白White-little-hajimi latest_message=这也能吹！这个群还是 stop=false
time=2026-05-28T23:11:46.274+08:00 level=INFO msg=处理完成一个批次 latest_time="2026-05-28 12:52:39" latest_sender=Aurora白White-little-hajimi latest_message=没有舒服的防晒，化学 stop=false
time=2026-05-28T23:11:48.739+08:00 level=INFO msg=处理完成一个批次 latest_time="2026-05-28 12:46:28" latest_sender=黄健楸 latest_message="「@拾人牙慧的复读机:\xe4" stop=false
time=2026-05-28T23:11:52.055+08:00 level=INFO msg=处理完成一个批次 latest_time="2026-05-28 12:30:04" latest_sender=FFFFVIP latest_message="「微博」\n- - - - - - - - -" stop=false
time=2026-05-28T23:11:54.998+08:00 level=INFO msg=处理完成一个批次 latest_time="2026-05-28 12:08:24" latest_sender=阿尼亚是安妮亞 latest_message=我刚刚发错了，这张才 stop=false
time=2026-05-28T23:11:57.265+08:00 level=INFO msg=处理完成一个批次 latest_time="2026-05-28 11:42:23" latest_sender=四岚1883 latest_message="「@星逸几度秋_:「[流\xe9\xbc" stop=false
time=2026-05-28T23:11:59.210+08:00 level=INFO msg=处理完成一个批次 latest_time="2026-05-28 11:04:14" latest_sender=天青色等烟雨201403 latest_message=我听闻，贤德的人在每 stop=false
time=2026-05-28T23:12:01.764+08:00 level=INFO msg=处理完成一个批次 latest_time="2026-05-28 10:41:37" latest_sender=四岚1883 latest_message="[流鼻血]昨天那个能申\xe8" stop=false
time=2026-05-28T23:12:04.411+08:00 level=INFO msg=处理完成一个批次 latest_time="2026-05-28 10:07:32" latest_sender=Flowerette_Lingering latest_message=「手持蜡烛，好搞笑[/e stop=false
time=2026-05-28T23:12:06.877+08:00 level=INFO msg=处理完成一个批次 latest_time="2026-05-28 09:35:08" latest_sender=东坡酒醒还复醉 latest_message="Codex确实是卖力的，虽\xe7" stop=false
time=2026-05-28T23:12:08.844+08:00 level=INFO msg=处理完成一个批次 latest_time="2026-05-28 09:07:37" latest_sender=小大饼 latest_message=周五才能确认与否呢 stop=false
time=2026-05-28T23:12:11.212+08:00 level=INFO msg=处理完成一个批次 latest_time="2026-05-28 08:53:57" latest_sender=响当当当的铜豌豆 latest_message=分享图片 stop=false
time=2026-05-28T23:12:13.066+08:00 level=INFO msg=处理完成一个批次 latest_time="2026-05-28 08:16:05" latest_sender=庆敦儿 latest_message=「血雨腥风的一天开始 stop=false
time=2026-05-28T23:12:14.979+08:00 level=INFO msg=处理完成一个批次 latest_time="2026-05-28 07:50:02" latest_sender=小码想想 latest_message=早 stop=false
time=2026-05-28T23:12:31.710+08:00 level=WARN msg="通过响应监听下载 fid 失败，尝试回退到浏览器内 fetch" fid=5303385868992631 err="timeout:Timeout 15000.00ms exceeded."
time=2026-05-28T23:12:31.799+08:00 level=WARN msg="浏览器内 fetch 下载 fid 失败" fid=5303385868992631 url="https://upload.api.weibo.com/2/mss/msget?fid=5303385868992631&source=209678993&imageType=origin&ts=1779981151710" err="TypeError: Failed to fetch"
time=2026-05-28T23:12:31.844+08:00 level=WARN msg="浏览器内 fetch 下载 fid 失败" fid=5303385868992631 url="https://upload.api.weibo.com/2/mss/msget?fid=5303385868992631&touid=4761715839862414&ts=1779981151710" err="TypeError: Failed to fetch"
time=2026-05-28T23:12:31.925+08:00 level=WARN msg="浏览器内 fetch 下载 fid 失败" fid=5303385868992631 url="https://upload.api.weibo.com/2/mss/msget?fid=5303385868992631&source=209678993&touid=4761715839862414&imageType=origin&ts=1779981151710" err="TypeError: Failed to fetch"
time=2026-05-28T23:12:31.925+08:00 level=WARN msg="浏览器内 fid 下载全部失败，尝试直接 HTTP 下载" fid=5303385868992631 err="TypeError: Failed to fetch"
time=2026-05-28T23:12:32.221+08:00 level=INFO msg="fid 媒体已通过直接 HTTP 回退下载成功" fid=5303385868992631 path=/home/duty/weibo_cron/chat_media_downloads/img_5303385868992631_茧房日报260527.pdf
time=2026-05-28T23:12:32.221+08:00 level=INFO msg=处理完成一个批次 latest_time="2026-05-28 06:35:42" latest_sender=Mika_Joe latest_message=早 stop=false
time=2026-05-28T23:12:34.563+08:00 level=INFO msg=处理完成一个批次 latest_time="2026-05-28 00:53:20" latest_sender=我爱吃肠粉001 latest_message=刷视频看到有人徒步地 stop=false
time=2026-05-28T23:12:38.392+08:00 level=INFO msg=处理完成一个批次 latest_time="2026-05-27 23:39:39" latest_sender=architect645 latest_message="4T 都装了啥" stop=true
time=2026-05-28T23:12:38.427+08:00 level=INFO msg=群聊历史抓取完成 new_count=1116 history_dir=/home/duty/weibo_cron/clean_history state_file=/home/duty/weibo_cron/group_chat_state.json
time=2026-05-28T23:12:47.921+08:00 level=INFO msg=群聊摘要推送完成 message_count=1
time=2026-05-29T23:10:03.313+08:00 level=INFO msg=群聊模式配置加载完成 config=config.groupchat.yaml
time=2026-05-29T23:10:07.691+08:00 level=INFO msg=打开微博群聊页面 url="https://api.weibo.com/chat/#/chat?check_gid=4761715839862414&source_from=11" user_data_dir=/home/duty/weibo_cron/weibo_user_data browser_channel=chrome
time=2026-05-29T23:10:08.656+08:00 level=INFO msg=如未登录，请在打开的浏览器中完成登录；程序正在等待群聊消息接口返回
time=2026-05-29T23:10:09.706+08:00 level=INFO msg=群聊页面已加载，开始抓取历史消息
time=2026-05-29T23:10:10.907+08:00 level=INFO msg=处理完成一个批次 latest_time="2026-05-29 23:00:08" latest_sender=Jane王师傅 latest_message="「「链接」\n- - - - - - - " stop=false
time=2026-05-29T23:10:11.083+08:00 level=INFO msg=处理完成一个批次 latest_time="2026-05-29 22:04:25" latest_sender=0x指纹 latest_message=「Hermes安装勿忘告乃翁 stop=false
time=2026-05-29T23:10:12.746+08:00 level=INFO msg=处理完成一个批次 latest_time="2026-05-29 21:54:57" latest_sender=At0mrain latest_message="3.46元，@阿尼亚是安妮\xe4" stop=false
time=2026-05-29T23:10:15.138+08:00 level=INFO msg=处理完成一个批次 latest_time="2026-05-29 21:49:43" latest_sender=小大饼 latest_message=今天又赚了点小钱 stop=false
time=2026-05-29T23:10:18.891+08:00 level=INFO msg=处理完成一个批次 latest_time="2026-05-29 20:40:26" latest_sender=Jane王师傅 latest_message=「博士答辩通过了，特 stop=false
time=2026-05-29T23:10:20.799+08:00 level=INFO msg=处理完成一个批次 latest_time="2026-05-29 19:57:40" latest_sender=小大饼 latest_message=卧槽，下班前忘记关代 stop=false
time=2026-05-29T23:10:22.466+08:00 level=INFO msg=处理完成一个批次 latest_time="2026-05-29 19:44:13" latest_sender=nowyoutry latest_message="「@nowyoutry 翻了下hermes\xe6" stop=false
time=2026-05-29T23:10:24.148+08:00 level=INFO msg=处理完成一个批次 latest_time="2026-05-29 19:28:09" latest_sender=小大饼 latest_message=卧槽，害怕 stop=false
time=2026-05-29T23:10:27.321+08:00 level=INFO msg=处理完成一个批次 latest_time="2026-05-29 19:05:31" latest_sender=若晨星同学 latest_message=就是要手机上有信号[/e stop=false
time=2026-05-29T23:10:29.671+08:00 level=INFO msg=处理完成一个批次 latest_time="2026-05-29 18:58:56" latest_sender=Aurora白White-little-hajimi latest_message=不用，我是坡度巨大， stop=false
time=2026-05-29T23:10:32.129+08:00 level=INFO msg=处理完成一个批次 latest_time="2026-05-29 18:51:53" latest_sender=architect645 latest_message=真的猛士，敢于直面惨 stop=false
time=2026-05-29T23:10:37.243+08:00 level=INFO msg=处理完成一个批次 latest_time="2026-05-29 18:05:45" latest_sender=ScaryLeopard419 latest_message=分享图片 stop=false
time=2026-05-29T23:10:39.482+08:00 level=INFO msg=处理完成一个批次 latest_time="2026-05-29 17:19:28" latest_sender=小大饼 latest_message=分享图片 stop=false
time=2026-05-29T23:10:41.119+08:00 level=INFO msg=处理完成一个批次 latest_time="2026-05-29 17:02:53" latest_sender=tqtq latest_message="快手 200 的时候我寻思\xe9" stop=false
time=2026-05-29T23:10:43.749+08:00 level=INFO msg=处理完成一个批次 latest_time="2026-05-29 16:43:58" latest_sender=0x指纹 latest_message="切了flash，回复速度体\xe9" stop=false
time=2026-05-29T23:10:46.164+08:00 level=INFO msg=处理完成一个批次 latest_time="2026-05-29 16:34:53" latest_sender=0x指纹 latest_message=在文档喊部署的hermes来 stop=false
time=2026-05-29T23:10:48.292+08:00 level=INFO msg=处理完成一个批次 latest_time="2026-05-29 16:17:27" latest_sender=nowyoutry latest_message=分享图片 stop=false
time=2026-05-29T23:10:49.959+08:00 level=INFO msg=处理完成一个批次 latest_time="2026-05-29 15:58:18" latest_sender=粉丝群 latest_message=涉及资金问题请务必提 stop=false
time=2026-05-29T23:10:51.688+08:00 level=INFO msg=处理完成一个批次 latest_time="2026-05-29 15:57:27" latest_sender=霍呀_界个月亮好圆- latest_message="1.00元，@想早睡C 你的\xe7\xba" stop=false
time=2026-05-29T23:10:54.482+08:00 level=INFO msg=处理完成一个批次 latest_time="2026-05-29 15:40:24" latest_sender=楼雨晴Lo latest_message=蹲 stop=false
time=2026-05-29T23:10:56.105+08:00 level=INFO msg=处理完成一个批次 latest_time="2026-05-29 15:08:45" latest_sender=等下就去吃饭 latest_message=「还是不能理解拿着比 stop=false
time=2026-05-29T23:10:58.415+08:00 level=INFO msg=处理完成一个批次 latest_time="2026-05-29 14:52:14" latest_sender=亚奇奇洛贝 latest_message="「@有种来中路:「看到\xe8" stop=false
time=2026-05-29T23:11:00.139+08:00 level=INFO msg=处理完成一个批次 latest_time="2026-05-29 14:34:45" latest_sender=Unknown latest_message=现在怎么说，都是牛市 stop=false
time=2026-05-29T23:11:02.271+08:00 level=INFO msg=处理完成一个批次 latest_time="2026-05-29 14:19:09" latest_sender=懒惰的陈某人 latest_message=前几天的基金，买入失 stop=false
time=2026-05-29T23:11:03.955+08:00 level=INFO msg=处理完成一个批次 latest_time="2026-05-29 14:03:39" latest_sender=四岚1883 latest_message="白老师拿10年，就不能\xe7" stop=false
time=2026-05-29T23:11:05.851+08:00 level=INFO msg=处理完成一个批次 latest_time="2026-05-29 13:32:14" latest_sender=我就是红红啊 latest_message="我就是红红啊 撤回了\xe4\xb8" stop=false
time=2026-05-29T23:11:07.523+08:00 level=INFO msg=处理完成一个批次 latest_time="2026-05-29 13:19:02" latest_sender=火车是夜晚的鲸鱼22 latest_message=哈哈哈 stop=false
time=2026-05-29T23:11:09.236+08:00 level=INFO msg=处理完成一个批次 latest_time="2026-05-29 13:12:54" latest_sender=Aurora白White-little-hajimi latest_message="我拿10年，立帖为证，\xe8" stop=false
time=2026-05-29T23:11:11.163+08:00 level=INFO msg=处理完成一个批次 latest_time="2026-05-29 12:52:45" latest_sender=Afeeeer latest_message="「微博」\n- - - - - - - - -" stop=false
time=2026-05-29T23:11:12.982+08:00 level=INFO msg=处理完成一个批次 latest_time="2026-05-29 12:26:13" latest_sender=GrittySisyphus latest_message=分享图片 stop=false
time=2026-05-29T23:11:15.792+08:00 level=INFO msg=处理完成一个批次 latest_time="2026-05-29 12:11:04" latest_sender=Nolan_lopez latest_message=分享图片 stop=false
time=2026-05-29T23:11:18.321+08:00 level=INFO msg=处理完成一个批次 latest_time="2026-05-29 11:47:00" latest_sender=Seaces latest_message=分享图片 stop=false
time=2026-05-29T23:11:20.491+08:00 level=INFO msg=处理完成一个批次 latest_time="2026-05-29 11:38:00" latest_sender=一团意大利面 latest_message=「昨天还看了一眼，关 stop=false
time=2026-05-29T23:11:22.355+08:00 level=INFO msg=处理完成一个批次 latest_time="2026-05-29 11:35:49" latest_sender=步小想 latest_message="2.49元，@時光的口吻- \xe6\x9c" stop=false
time=2026-05-29T23:11:24.621+08:00 level=INFO msg=处理完成一个批次 latest_time="2026-05-29 11:32:42" latest_sender=___Ray__ latest_message=当时应该是有一份pdf发 stop=false
time=2026-05-29T23:11:26.881+08:00 level=INFO msg=处理完成一个批次 latest_time="2026-05-29 11:18:56" latest_sender=梦星河200602 latest_message=都是面哥牛皮，不是我 stop=false
time=2026-05-29T23:11:29.910+08:00 level=INFO msg=处理完成一个批次 latest_time="2026-05-29 10:59:19" latest_sender=CADgen的肉身 latest_message="@花小生鱼 会卖才是高\xe6" stop=false
time=2026-05-29T23:11:31.751+08:00 level=INFO msg=处理完成一个批次 latest_time="2026-05-29 10:36:08" latest_sender=小阿飞_jiro latest_message="「图片」\n- - - - - - - - -" stop=false
time=2026-05-29T23:11:33.876+08:00 level=INFO msg=处理完成一个批次 latest_time="2026-05-29 10:22:38" latest_sender=vb____ latest_message="1.49元，@一团意大利面 " stop=false
time=2026-05-29T23:11:35.999+08:00 level=INFO msg=处理完成一个批次 latest_time="2026-05-29 10:13:52" latest_sender=小大饼 latest_message="「@3ric2hao:「@阿尼亚是\xe5" stop=false
time=2026-05-29T23:11:37.620+08:00 level=INFO msg=处理完成一个批次 latest_time="2026-05-29 10:02:13" latest_sender=蓦回溯光 latest_message=现在都可以具体到个人 stop=false
time=2026-05-29T23:11:39.802+08:00 level=INFO msg=处理完成一个批次 latest_time="2026-05-29 09:48:16" latest_sender=黄健楸 latest_message=600G一人 stop=false
time=2026-05-29T23:11:42.229+08:00 level=INFO msg=处理完成一个批次 latest_time="2026-05-29 09:15:06" latest_sender=铜冰鉴43228 latest_message=「为啥截别人的图也要 stop=false
time=2026-05-29T23:11:43.847+08:00 level=INFO msg=处理完成一个批次 latest_time="2026-05-29 08:50:17" latest_sender=小顾的观察日记 latest_message=早 stop=false
time=2026-05-29T23:11:45.509+08:00 level=INFO msg=处理完成一个批次 latest_time="2026-05-29 08:18:05" latest_sender=16494995649sss latest_message=早 stop=false
time=2026-05-29T23:12:02.347+08:00 level=WARN msg="通过响应监听下载 fid 失败，尝试回退到浏览器内 fetch" fid=5303748255809696 err="timeout:Timeout 15000.00ms exceeded."
time=2026-05-29T23:12:02.441+08:00 level=WARN msg="浏览器内 fetch 下载 fid 失败" fid=5303748255809696 url="https://upload.api.weibo.com/2/mss/msget?fid=5303748255809696&source=209678993&imageType=origin&ts=1780067522347" err="TypeError: Failed to fetch"
time=2026-05-29T23:12:02.481+08:00 level=WARN msg="浏览器内 fetch 下载 fid 失败" fid=5303748255809696 url="https://upload.api.weibo.com/2/mss/msget?fid=5303748255809696&touid=4761715839862414&ts=1780067522347" err="TypeError: Failed to fetch"
time=2026-05-29T23:12:03.361+08:00 level=WARN msg="浏览器内 fetch 下载 fid 失败" fid=5303748255809696 url="https://upload.api.weibo.com/2/mss/msget?fid=5303748255809696&source=209678993&touid=4761715839862414&imageType=origin&ts=1780067522347" err="TypeError: Failed to fetch"
time=2026-05-29T23:12:03.361+08:00 level=WARN msg="浏览器内 fid 下载全部失败，尝试直接 HTTP 下载" fid=5303748255809696 err="TypeError: Failed to fetch"
time=2026-05-29T23:12:03.724+08:00 level=INFO msg="fid 媒体已通过直接 HTTP 回退下载成功" fid=5303748255809696 path=/home/duty/weibo_cron/chat_media_downloads/img_5303748255809696_茧房日报260528.pdf
time=2026-05-29T23:12:03.724+08:00 level=INFO msg=处理完成一个批次 latest_time="2026-05-29 06:45:12" latest_sender=ActionKnows- latest_message=早 stop=false
time=2026-05-29T23:12:06.269+08:00 level=INFO msg=处理完成一个批次 latest_time="2026-05-29 01:10:21" latest_sender=不吃西红柿会死星人 latest_message="opus 4.8 了，看gpt啥时候" stop=false
time=2026-05-29T23:12:08.591+08:00 level=INFO msg=处理完成一个批次 latest_time="2026-05-28 23:29:22" latest_sender=一只方阿 latest_message=分享图片 stop=false
time=2026-05-29T23:12:10.758+08:00 level=INFO msg=处理完成一个批次 latest_time="2026-05-28 23:18:59" latest_sender=万物既渺小又伟大 latest_message=持仓真的是要有耐心， stop=true
time=2026-05-29T23:12:10.788+08:00 level=INFO msg=群聊历史抓取完成 new_count=963 history_dir=/home/duty/weibo_cron/clean_history state_file=/home/duty/weibo_cron/group_chat_state.json
time=2026-05-29T23:12:17.230+08:00 level=INFO msg=群聊摘要推送完成 message_count=1
time=2026-05-30T23:10:03.316+08:00 level=INFO msg=群聊模式配置加载完成 config=config.groupchat.yaml
time=2026-05-30T23:10:07.632+08:00 level=INFO msg=打开微博群聊页面 url="https://api.weibo.com/chat/#/chat?check_gid=4761715839862414&source_from=11" user_data_dir=/home/duty/weibo_cron/weibo_user_data browser_channel=chrome
time=2026-05-30T23:10:08.531+08:00 level=INFO msg=如未登录，请在打开的浏览器中完成登录；程序正在等待群聊消息接口返回
time=2026-05-30T23:10:09.661+08:00 level=INFO msg=群聊页面已加载，开始抓取历史消息
time=2026-05-30T23:10:09.885+08:00 level=INFO msg=处理完成一个批次 latest_time="2026-05-30 23:09:09" latest_sender=古拉TE latest_message=http://t.cn/AX6Fzgee stop=false
time=2026-05-30T23:10:10.652+08:00 level=INFO msg=处理完成一个批次 latest_time="2026-05-30 22:28:34" latest_sender=茴字的1970种写法 latest_message=人体两大授时组织，视 stop=false
time=2026-05-30T23:10:15.439+08:00 level=INFO msg=处理完成一个批次 latest_time="2026-05-30 21:33:00" latest_sender=Aurora白White-little-hajimi latest_message=分享图片 stop=false
time=2026-05-30T23:10:17.340+08:00 level=INFO msg=处理完成一个批次 latest_time="2026-05-30 21:11:14" latest_sender=拱bot latest_message=惹 stop=false
time=2026-05-30T23:10:19.052+08:00 level=INFO msg=处理完成一个批次 latest_time="2026-05-30 20:48:14" latest_sender=Hollyw00d latest_message="吃了VD会兴奋，得早上\xe5" stop=false
time=2026-05-30T23:10:21.152+08:00 level=INFO msg=处理完成一个批次 latest_time="2026-05-30 19:51:19" latest_sender=一只方阿 latest_message=她的成绩没眼看[允悲] stop=false
time=2026-05-30T23:10:26.601+08:00 level=INFO msg=处理完成一个批次 latest_time="2026-05-30 18:52:13" latest_sender=fuhku latest_message=鸡要有鸡味 stop=false
time=2026-05-30T23:10:28.682+08:00 level=INFO msg=处理完成一个批次 latest_time="2026-05-30 17:40:01" latest_sender=SnowChou latest_message="「hamburger！」\n- - - - - -" stop=false
time=2026-05-30T23:10:30.880+08:00 level=INFO msg=处理完成一个批次 latest_time="2026-05-30 16:19:26" latest_sender=fuhku latest_message="「图片」\n- - - - - - - - -" stop=false
time=2026-05-30T23:10:34.624+08:00 level=INFO msg=处理完成一个批次 latest_time="2026-05-30 15:13:03" latest_sender=阿尼亚是安妮亞 latest_message=分享图片 stop=false
time=2026-05-30T23:10:37.616+08:00 level=INFO msg=处理完成一个批次 latest_time="2026-05-30 15:02:17" latest_sender=tombkeeper latest_message=分享图片 stop=false
time=2026-05-30T23:10:40.152+08:00 level=INFO msg=处理完成一个批次 latest_time="2026-05-30 14:52:08" latest_sender=阿特拉在雪山 latest_message=15.5merinofine stop=false
time=2026-05-30T23:10:41.904+08:00 level=INFO msg=处理完成一个批次 latest_time="2026-05-30 14:21:36" latest_sender=一只劒鯮 latest_message=[淡淡的] stop=false
time=2026-05-30T23:10:44.511+08:00 level=INFO msg=处理完成一个批次 latest_time="2026-05-30 13:38:07" latest_sender=十月的米兰 latest_message=有没有哪个视频号做医 stop=false
time=2026-05-30T23:10:46.313+08:00 level=INFO msg=处理完成一个批次 latest_time="2026-05-30 12:51:52" latest_sender=小大饼 latest_message=喜欢的女同事原来还开 stop=false
time=2026-05-30T23:10:48.281+08:00 level=INFO msg=处理完成一个批次 latest_time="2026-05-30 12:24:00" latest_sender=Hollyw00d latest_message=我也是，看到那句上下 stop=false
time=2026-05-30T23:10:50.352+08:00 level=INFO msg=处理完成一个批次 latest_time="2026-05-30 11:38:10" latest_sender=持续微调 latest_message="我们吃的伊可新的 ad，" stop=false
time=2026-05-30T23:10:52.362+08:00 level=INFO msg=处理完成一个批次 latest_time="2026-05-30 11:26:21" latest_sender=羽化的布偶 latest_message=我是JD这家买的 stop=false
time=2026-05-30T23:10:55.768+08:00 level=INFO msg=处理完成一个批次 latest_time="2026-05-30 11:10:44" latest_sender=拾人牙慧的复读机 latest_message="「「图片」\n- - - - - - - " stop=false
time=2026-05-30T23:10:57.638+08:00 level=INFO msg=处理完成一个批次 latest_time="2026-05-30 10:42:48" latest_sender=想早睡C latest_message=分享图片 stop=false
time=2026-05-30T23:10:59.672+08:00 level=INFO msg=处理完成一个批次 latest_time="2026-05-30 10:25:13" latest_sender=想早睡C latest_message=有些奶粉里本身就够的 stop=false
time=2026-05-30T23:11:17.353+08:00 level=WARN msg="通过响应监听下载 fid 失败，尝试回退到浏览器内 fetch" fid=5304209739351880 err="timeout:Timeout 15000.00ms exceeded."
time=2026-05-30T23:11:17.448+08:00 level=WARN msg="浏览器内 fetch 下载 fid 失败" fid=5304209739351880 url="https://upload.api.weibo.com/2/mss/msget?fid=5304209739351880&source=209678993&imageType=origin&ts=1780153877353" err="TypeError: Failed to fetch"
time=2026-05-30T23:11:17.490+08:00 level=WARN msg="浏览器内 fetch 下载 fid 失败" fid=5304209739351880 url="https://upload.api.weibo.com/2/mss/msget?fid=5304209739351880&touid=4761715839862414&ts=1780153877353" err="TypeError: Failed to fetch"
time=2026-05-30T23:11:17.632+08:00 level=WARN msg="浏览器内 fetch 下载 fid 失败" fid=5304209739351880 url="https://upload.api.weibo.com/2/mss/msget?fid=5304209739351880&source=209678993&touid=4761715839862414&imageType=origin&ts=1780153877353" err="TypeError: Failed to fetch"
time=2026-05-30T23:11:17.632+08:00 level=WARN msg="浏览器内 fid 下载全部失败，尝试直接 HTTP 下载" fid=5304209739351880 err="TypeError: Failed to fetch"
time=2026-05-30T23:11:17.921+08:00 level=INFO msg="fid 媒体已通过直接 HTTP 回退下载成功" fid=5304209739351880 path=/home/duty/weibo_cron/chat_media_downloads/img_5304209739351880_茧房日报260529.pdf
time=2026-05-30T23:11:20.381+08:00 level=INFO msg=处理完成一个批次 latest_time="2026-05-30 10:19:45" latest_sender=黄健楸 latest_message="「「「@登的厉害:我喝\xe4" stop=false
time=2026-05-30T23:11:23.991+08:00 level=INFO msg=处理完成一个批次 latest_time="2026-05-30 08:56:22" latest_sender=一只方阿 latest_message=来给生活比个耶[/ee8091. stop=false
time=2026-05-30T23:11:25.871+08:00 level=INFO msg=处理完成一个批次 latest_time="2026-05-30 08:15:26" latest_sender=楼雨晴Lo latest_message=http://weibo.com/7746750422/R1 stop=false
time=2026-05-30T23:11:28.116+08:00 level=INFO msg=处理完成一个批次 latest_time="2026-05-30 07:53:20" latest_sender=叫我小鸡君吧 latest_message=[动画表情] stop=false
time=2026-05-30T23:11:30.353+08:00 level=INFO msg=处理完成一个批次 latest_time="2026-05-30 06:05:09" latest_sender=一只劒鯮 latest_message=早 stop=true
time=2026-05-30T23:11:30.374+08:00 level=INFO msg=群聊历史抓取完成 new_count=517 history_dir=/home/duty/weibo_cron/clean_history state_file=/home/duty/weibo_cron/group_chat_state.json
time=2026-05-30T23:11:46.536+08:00 level=INFO msg=群聊摘要推送完成 message_count=1
time=2026-05-31T23:10:03.671+08:00 level=INFO msg=群聊模式配置加载完成 config=config.groupchat.yaml
time=2026-05-31T23:10:08.382+08:00 level=INFO msg=打开微博群聊页面 url="https://api.weibo.com/chat/#/chat?check_gid=4761715839862414&source_from=11" user_data_dir=/home/duty/weibo_cron/weibo_user_data browser_channel=chrome
time=2026-05-31T23:10:09.821+08:00 level=INFO msg=如未登录，请在打开的浏览器中完成登录；程序正在等待群聊消息接口返回
time=2026-05-31T23:10:10.862+08:00 level=INFO msg=群聊页面已加载，开始抓取历史消息
time=2026-05-31T23:10:12.211+08:00 level=INFO msg=处理完成一个批次 latest_time="2026-05-31 22:53:31" latest_sender=黄健楸 latest_message=现在5090D也配叫满血了[ stop=false
time=2026-05-31T23:10:16.263+08:00 level=INFO msg=处理完成一个批次 latest_time="2026-05-31 22:11:37" latest_sender=SnowChou latest_message="「图片」\n- - - - - - - - -" stop=false
time=2026-05-31T23:10:20.208+08:00 level=INFO msg=处理完成一个批次 latest_time="2026-05-31 20:42:28" latest_sender=黄健楸 latest_message=5090两万是批发价吧[doge stop=false
time=2026-05-31T23:10:22.293+08:00 level=INFO msg=处理完成一个批次 latest_time="2026-05-31 19:57:54" latest_sender=Mika_Joe latest_message="0.24元，@阿尼亚是安妮\xe4" stop=false
time=2026-05-31T23:10:24.425+08:00 level=INFO msg=处理完成一个批次 latest_time="2026-05-31 19:43:47" latest_sender=南洋水师 latest_message="「我是妹妹噜」\n- - - - " stop=false
time=2026-05-31T23:10:28.232+08:00 level=INFO msg=处理完成一个批次 latest_time="2026-05-31 19:06:13" latest_sender=SnowChou latest_message="「@SnowChou 连续签到可\xe5\x8a" stop=false
time=2026-05-31T23:10:31.223+08:00 level=INFO msg=处理完成一个批次 latest_time="2026-05-31 18:43:05" latest_sender=拱bot latest_message=看来经济下行滋生邪教 stop=false
time=2026-05-31T23:10:33.364+08:00 level=INFO msg=处理完成一个批次 latest_time="2026-05-31 17:43:05" latest_sender=小大饼 latest_message=要上网的话，还是先个 stop=false
time=2026-05-31T23:10:50.133+08:00 level=WARN msg="通过响应监听下载 fid 失败，尝试回退到浏览器内 fetch" fid=5304663039804208 err="timeout:Timeout 15000.00ms exceeded."
time=2026-05-31T23:10:50.221+08:00 level=WARN msg="浏览器内 fetch 下载 fid 失败" fid=5304663039804208 url="https://upload.api.weibo.com/2/mss/msget?fid=5304663039804208&source=209678993&imageType=origin&ts=1780240250133" err="TypeError: Failed to fetch"
time=2026-05-31T23:10:50.266+08:00 level=WARN msg="浏览器内 fetch 下载 fid 失败" fid=5304663039804208 url="https://upload.api.weibo.com/2/mss/msget?fid=5304663039804208&touid=4761715839862414&ts=1780240250133" err="TypeError: Failed to fetch"
time=2026-05-31T23:10:50.380+08:00 level=WARN msg="浏览器内 fetch 下载 fid 失败" fid=5304663039804208 url="https://upload.api.weibo.com/2/mss/msget?fid=5304663039804208&source=209678993&touid=4761715839862414&imageType=origin&ts=1780240250133" err="TypeError: Failed to fetch"
time=2026-05-31T23:10:50.380+08:00 level=WARN msg="浏览器内 fid 下载全部失败，尝试直接 HTTP 下载" fid=5304663039804208 err="TypeError: Failed to fetch"
time=2026-05-31T23:10:50.600+08:00 level=INFO msg="fid 媒体已通过直接 HTTP 回退下载成功" fid=5304663039804208 path="/home/duty/weibo_cron/chat_media_downloads/img_5304663039804208_How to improve your sleep.docx"
time=2026-05-31T23:10:52.103+08:00 level=INFO msg=处理完成一个批次 latest_time="2026-05-31 16:21:02" latest_sender=黄健楸 latest_message="「@nowyoutry:一月的时候\xef" stop=false
time=2026-05-31T23:10:54.017+08:00 level=INFO msg=处理完成一个批次 latest_time="2026-05-31 15:46:02" latest_sender=荣皖 latest_message="白老师，Dr.Matthew Walker\xe5" stop=false
time=2026-05-31T23:10:57.647+08:00 level=INFO msg=处理完成一个批次 latest_time="2026-05-31 15:15:50" latest_sender=tombkeeper latest_message="「@nowyoutry:不蠢，今天\xe5" stop=false
time=2026-05-31T23:10:59.980+08:00 level=INFO msg=处理完成一个批次 latest_time="2026-05-31 14:38:22" latest_sender=小大饼 latest_message="「微博」\n- - - - - - - - -" stop=false
time=2026-05-31T23:11:07.416+08:00 level=INFO msg=处理完成一个批次 latest_time="2026-05-31 14:33:12" latest_sender=干拌面过冷水 latest_message=买两个香肠亲一下？ stop=false
time=2026-05-31T23:11:09.573+08:00 level=INFO msg=处理完成一个批次 latest_time="2026-05-31 14:17:47" latest_sender=粉丝群 latest_message=涉及资金问题请务必提 stop=false
time=2026-05-31T23:11:12.426+08:00 level=INFO msg=处理完成一个批次 latest_time="2026-05-31 13:37:59" latest_sender=小大饼 latest_message=分享图片 stop=false
time=2026-05-31T23:11:14.328+08:00 level=INFO msg=处理完成一个批次 latest_time="2026-05-31 12:52:09" latest_sender=小大饼 latest_message=我还没找到准确的图片 stop=false
time=2026-05-31T23:11:16.734+08:00 level=INFO msg=处理完成一个批次 latest_time="2026-05-31 12:15:38" latest_sender=有种来中路 latest_message=歌手都开始做程序员了 stop=false
time=2026-05-31T23:11:19.499+08:00 level=INFO msg=处理完成一个批次 latest_time="2026-05-31 11:37:50" latest_sender=星逸几度秋_ latest_message=果然是浪漫的土耳其 stop=false
time=2026-05-31T23:11:21.184+08:00 level=INFO msg=处理完成一个批次 latest_time="2026-05-31 11:21:57" latest_sender=koali123 latest_message=我一般睡前半小时左右 stop=false
time=2026-05-31T23:11:23.029+08:00 level=INFO msg=处理完成一个批次 latest_time="2026-05-31 10:53:18" latest_sender=Aurora白White-little-hajimi latest_message="Sony我的挚爱，但是不\xe9\x80" stop=false
time=2026-05-31T23:11:24.942+08:00 level=INFO msg=处理完成一个批次 latest_time="2026-05-31 10:44:19" latest_sender=Aurora白White-little-hajimi latest_message=谁懂那种睡够了浑身使 stop=false
time=2026-05-31T23:11:26.682+08:00 level=INFO msg=处理完成一个批次 latest_time="2026-05-31 09:03:55" latest_sender=努力让老婆变成阔太太 latest_message=早w stop=false
time=2026-05-31T23:11:43.503+08:00 level=WARN msg="通过响应监听下载 fid 失败，尝试回退到浏览器内 fetch" fid=5304472294655889 err="timeout:Timeout 15000.00ms exceeded."
time=2026-05-31T23:11:43.585+08:00 level=WARN msg="浏览器内 fetch 下载 fid 失败" fid=5304472294655889 url="https://upload.api.weibo.com/2/mss/msget?fid=5304472294655889&source=209678993&imageType=origin&ts=1780240303503" err="TypeError: Failed to fetch"
time=2026-05-31T23:11:43.626+08:00 level=WARN msg="浏览器内 fetch 下载 fid 失败" fid=5304472294655889 url="https://upload.api.weibo.com/2/mss/msget?fid=5304472294655889&touid=4761715839862414&ts=1780240303503" err="TypeError: Failed to fetch"
time=2026-05-31T23:11:43.753+08:00 level=WARN msg="浏览器内 fetch 下载 fid 失败" fid=5304472294655889 url="https://upload.api.weibo.com/2/mss/msget?fid=5304472294655889&source=209678993&touid=4761715839862414&imageType=origin&ts=1780240303503" err="TypeError: Failed to fetch"
time=2026-05-31T23:11:43.753+08:00 level=WARN msg="浏览器内 fid 下载全部失败，尝试直接 HTTP 下载" fid=5304472294655889 err="TypeError: Failed to fetch"
time=2026-05-31T23:11:43.943+08:00 level=INFO msg="fid 媒体已通过直接 HTTP 回退下载成功" fid=5304472294655889 path=/home/duty/weibo_cron/chat_media_downloads/img_5304472294655889_茧房日报260530.pdf
time=2026-05-31T23:11:44.119+08:00 level=INFO msg=处理完成一个批次 latest_time="2026-05-31 07:24:22" latest_sender=花小生鱼 latest_message=[动画表情] stop=false
time=2026-05-31T23:11:45.734+08:00 level=INFO msg=处理完成一个批次 latest_time="2026-05-31 00:58:41" latest_sender=一只劒鯮 latest_message=[苦涩] stop=false
time=2026-05-31T23:11:47.408+08:00 level=INFO msg=处理完成一个批次 latest_time="2026-05-31 00:50:39" latest_sender=一只劒鯮 latest_message=但这药吃了一天后还真 stop=false
time=2026-05-31T23:11:49.647+08:00 level=INFO msg=处理完成一个批次 latest_time="2026-05-31 00:46:04" latest_sender=一蓑烟雨任平生WB latest_message=电热水器漏电～水流～ stop=false
time=2026-05-31T23:11:53.536+08:00 level=INFO msg=处理完成一个批次 latest_time="2026-05-31 00:23:36" latest_sender=古拉TE latest_message=闵行地区在距今四千年 stop=false
time=2026-05-31T23:11:55.298+08:00 level=INFO msg=处理完成一个批次 latest_time="2026-05-30 23:49:47" latest_sender=我爱吃肠粉001 latest_message=原来如此 stop=true
time=2026-05-31T23:11:55.316+08:00 level=INFO msg=群聊历史抓取完成 new_count=559 history_dir=/home/duty/weibo_cron/clean_history state_file=/home/duty/weibo_cron/group_chat_state.json
time=2026-05-31T23:12:09.284+08:00 level=INFO msg=群聊摘要推送完成 message_count=1
time=2026-06-01T23:10:03.415+08:00 level=INFO msg=群聊模式配置加载完成 config=config.groupchat.yaml
time=2026-06-01T23:10:07.928+08:00 level=INFO msg=打开微博群聊页面 url="https://api.weibo.com/chat/#/chat?check_gid=4761715839862414&source_from=11" user_data_dir=/home/duty/weibo_cron/weibo_user_data browser_channel=chrome
time=2026-06-01T23:10:08.880+08:00 level=INFO msg=如未登录，请在打开的浏览器中完成登录；程序正在等待群聊消息接口返回
time=2026-06-01T23:10:10.037+08:00 level=INFO msg=群聊页面已加载，开始抓取历史消息
time=2026-06-01T23:10:21.043+08:00 level=INFO msg=处理完成一个批次 latest_time="2026-06-01 23:06:37" latest_sender=星逸几度秋_ latest_message="「b.closeai.moe」\n- - - - - " stop=false
time=2026-06-01T23:10:22.604+08:00 level=INFO msg=处理完成一个批次 latest_time="2026-06-01 22:21:30" latest_sender=胖达心态要好 latest_message=分享图片 stop=false
time=2026-06-01T23:10:24.367+08:00 level=INFO msg=处理完成一个批次 latest_time="2026-06-01 21:55:13" latest_sender=神先 latest_message="6.10元，@阿尼亚是安妮\xe4" stop=false
time=2026-06-01T23:10:28.203+08:00 level=INFO msg=处理完成一个批次 latest_time="2026-06-01 21:32:07" latest_sender=天青色等烟雨201403 latest_message="大a现在想搞喝酒吃药\xe8\xa1" stop=false
time=2026-06-01T23:10:30.585+08:00 level=INFO msg=处理完成一个批次 latest_time="2026-06-01 20:46:44" latest_sender=茴字的1970种写法 latest_message=「这周不用出差，又可 stop=false
time=2026-06-01T23:10:32.355+08:00 level=INFO msg=处理完成一个批次 latest_time="2026-06-01 19:29:36" latest_sender=我爱吃肠粉001 latest_message=http://weibo.com/1401527553/R2 stop=false
time=2026-06-01T23:10:34.483+08:00 level=INFO msg=处理完成一个批次 latest_time="2026-06-01 19:07:46" latest_sender=深蹲三下就晕 latest_message=是的，用其他的设备是 stop=false
time=2026-06-01T23:10:36.829+08:00 level=INFO msg=处理完成一个批次 latest_time="2026-06-01 18:39:48" latest_sender=肥圆真君_WWW latest_message=堂下何人状告🤔 stop=false
time=2026-06-01T23:10:39.267+08:00 level=INFO msg=处理完成一个批次 latest_time="2026-06-01 17:46:21" latest_sender=咚咚呛2019 latest_message=是的，在广发基金App买 stop=false
time=2026-06-01T23:10:41.088+08:00 level=INFO msg=处理完成一个批次 latest_time="2026-06-01 17:30:43" latest_sender=星逸几度秋_ latest_message=「对的，享受东大低物 stop=false
time=2026-06-01T23:10:42.795+08:00 level=INFO msg=处理完成一个批次 latest_time="2026-06-01 17:20:09" latest_sender=tk今天盲猜关注列表了吗 latest_message=「「推特有自动翻译后 stop=false
time=2026-06-01T23:10:44.484+08:00 level=INFO msg=处理完成一个批次 latest_time="2026-06-01 17:12:19" latest_sender=梦星河200602 latest_message=至于买纳指是不是追高 stop=false
time=2026-06-01T23:10:46.293+08:00 level=INFO msg=处理完成一个批次 latest_time="2026-06-01 16:24:33" latest_sender=干拌面过冷水 latest_message=我做推的动作，有时候 stop=false
time=2026-06-01T23:10:48.001+08:00 level=INFO msg=处理完成一个批次 latest_time="2026-06-01 16:13:35" latest_sender=伽俐详 latest_message="「答疑的多吗？」\n- - -" stop=false
time=2026-06-01T23:10:49.816+08:00 level=INFO msg=处理完成一个批次 latest_time="2026-06-01 16:07:00" latest_sender=xelnaga瞭望塔 latest_message="xelnaga瞭望塔 撤回了一\xe6" stop=false
time=2026-06-01T23:10:51.722+08:00 level=INFO msg=处理完成一个批次 latest_time="2026-06-01 15:46:59" latest_sender=茴字的1970种写法 latest_message=http://weibo.com/2365961811/Ql stop=false
time=2026-06-01T23:10:53.460+08:00 level=INFO msg=处理完成一个批次 latest_time="2026-06-01 15:31:45" latest_sender=茴字的1970种写法 latest_message="「[流鼻血]大饼如果是\xe6" stop=false
time=2026-06-01T23:10:55.383+08:00 level=INFO msg=处理完成一个批次 latest_time="2026-06-01 15:14:37" latest_sender=干拌面过冷水 latest_message=图偷了 stop=false
time=2026-06-01T23:10:57.333+08:00 level=INFO msg=处理完成一个批次 latest_time="2026-06-01 15:01:22" latest_sender=小阿飞_jiro latest_message="华宝APP可以买100w，代\xe9\x94" stop=false
time=2026-06-01T23:10:58.998+08:00 level=INFO msg=处理完成一个批次 latest_time="2026-06-01 14:45:52" latest_sender=四岚1883 latest_message=美股没涨，国内的美股 stop=false
time=2026-06-01T23:11:00.722+08:00 level=INFO msg=处理完成一个批次 latest_time="2026-06-01 14:29:25" latest_sender=小大饼 latest_message=怎么防止大家交头接耳 stop=false
time=2026-06-01T23:11:02.667+08:00 level=INFO msg=处理完成一个批次 latest_time="2026-06-01 14:00:39" latest_sender=Jane王师傅 latest_message="「「@tombkeeper 我很小的" stop=false
time=2026-06-01T23:11:04.372+08:00 level=INFO msg=处理完成一个批次 latest_time="2026-06-01 13:44:14" latest_sender=茴字的1970种写法 latest_message=创收用的，卖铲子。 stop=false
time=2026-06-01T23:11:06.272+08:00 level=INFO msg=处理完成一个批次 latest_time="2026-06-01 13:40:25" latest_sender=干拌面过冷水 latest_message=只用交一万多 stop=false
time=2026-06-01T23:11:08.808+08:00 level=INFO msg=处理完成一个批次 latest_time="2026-06-01 13:31:45" latest_sender=拱bot latest_message="「微博」\n- - - - - - - - -" stop=false
time=2026-06-01T23:11:10.506+08:00 level=INFO msg=处理完成一个批次 latest_time="2026-06-01 13:25:05" latest_sender=蓦回溯光 latest_message=我还打算过两年去香港 stop=false
time=2026-06-01T23:11:12.182+08:00 level=INFO msg=处理完成一个批次 latest_time="2026-06-01 13:15:52" latest_sender=Jane王师傅 latest_message=我好刚。。。 stop=false
time=2026-06-01T23:11:14.347+08:00 level=INFO msg=处理完成一个批次 latest_time="2026-06-01 12:55:34" latest_sender=雨石plus latest_message=http://weibo.com/1401527553/R2 stop=false
time=2026-06-01T23:11:16.565+08:00 level=INFO msg=处理完成一个批次 latest_time="2026-06-01 12:41:48" latest_sender=HelloWildWorld latest_message=山西同事带的特产，每 stop=false
time=2026-06-01T23:11:18.204+08:00 level=INFO msg=处理完成一个批次 latest_time="2026-06-01 12:36:52" latest_sender=黄健楸 latest_message=搞苹果醋之前，可以考 stop=false
time=2026-06-01T23:11:20.281+08:00 level=INFO msg=处理完成一个批次 latest_time="2026-06-01 12:31:28" latest_sender=铜冰鉴43228 latest_message=分享图片 stop=false
time=2026-06-01T23:11:22.114+08:00 level=INFO msg=处理完成一个批次 latest_time="2026-06-01 12:22:43" latest_sender=SnowChou latest_message=「我朋友昨天路上遇到 stop=false
time=2026-06-01T23:11:23.923+08:00 level=INFO msg=处理完成一个批次 latest_time="2026-06-01 12:12:59" latest_sender=WojakW latest_message="「「@WojakW 这玩意有没\xe6" stop=false
time=2026-06-01T23:11:26.415+08:00 level=INFO msg=处理完成一个批次 latest_time="2026-06-01 12:06:14" latest_sender=微雨web latest_message=http://t.cn/AXXwryvp stop=false
time=2026-06-01T23:11:28.344+08:00 level=INFO msg=处理完成一个批次 latest_time="2026-06-01 11:55:41" latest_sender=小大饼 latest_message=吃饭饭惹 stop=false
time=2026-06-01T23:11:30.038+08:00 level=INFO msg=处理完成一个批次 latest_time="2026-06-01 11:44:07" latest_sender=羽化的布偶 latest_message=穿粉色衣服的经常违章 stop=false
time=2026-06-01T23:11:32.408+08:00 level=INFO msg=处理完成一个批次 latest_time="2026-06-01 11:38:36" latest_sender=拾人牙慧的复读机 latest_message=你被罚了？ stop=false
time=2026-06-01T23:11:34.036+08:00 level=INFO msg=处理完成一个批次 latest_time="2026-06-01 10:39:24" latest_sender=粉丝群 latest_message=涉及资金问题请务必提 stop=false
time=2026-06-01T23:11:36.616+08:00 level=INFO msg=处理完成一个批次 latest_time="2026-06-01 10:14:13" latest_sender=四岚1883 latest_message="四岚1883 撤回了一条消\xe6" stop=false
time=2026-06-01T23:11:39.275+08:00 level=INFO msg=处理完成一个批次 latest_time="2026-06-01 08:59:03" latest_sender=seekwind_ latest_message=分享图片 stop=false
time=2026-06-01T23:11:41.252+08:00 level=INFO msg=处理完成一个批次 latest_time="2026-06-01 07:48:52" latest_sender=花小生鱼 latest_message=[动画表情] stop=false
time=2026-06-01T23:11:57.992+08:00 level=WARN msg="通过响应监听下载 fid 失败，尝试回退到浏览器内 fetch" fid=5304834322071671 err="timeout:Timeout 15000.00ms exceeded."
time=2026-06-01T23:11:58.079+08:00 level=WARN msg="浏览器内 fetch 下载 fid 失败" fid=5304834322071671 url="https://upload.api.weibo.com/2/mss/msget?fid=5304834322071671&source=209678993&imageType=origin&ts=1780326717992" err="TypeError: Failed to fetch"
time=2026-06-01T23:11:58.120+08:00 level=WARN msg="浏览器内 fetch 下载 fid 失败" fid=5304834322071671 url="https://upload.api.weibo.com/2/mss/msget?fid=5304834322071671&touid=4761715839862414&ts=1780326717992" err="TypeError: Failed to fetch"
time=2026-06-01T23:11:58.249+08:00 level=WARN msg="浏览器内 fetch 下载 fid 失败" fid=5304834322071671 url="https://upload.api.weibo.com/2/mss/msget?fid=5304834322071671&source=209678993&touid=4761715839862414&imageType=origin&ts=1780326717992" err="TypeError: Failed to fetch"
time=2026-06-01T23:11:58.249+08:00 level=WARN msg="浏览器内 fid 下载全部失败，尝试直接 HTTP 下载" fid=5304834322071671 err="TypeError: Failed to fetch"
time=2026-06-01T23:11:58.524+08:00 level=INFO msg="fid 媒体已通过直接 HTTP 回退下载成功" fid=5304834322071671 path=/home/duty/weibo_cron/chat_media_downloads/img_5304834322071671_茧房日报260531.pdf
time=2026-06-01T23:11:58.524+08:00 level=INFO msg=处理完成一个批次 latest_time="2026-06-01 07:05:01" latest_sender=你猜家 latest_message=早 stop=false
time=2026-06-01T23:12:00.153+08:00 level=INFO msg=处理完成一个批次 latest_time="2026-06-01 01:00:18" latest_sender=是包包捏 latest_message=想把这种父母抓来当地 stop=false
time=2026-06-01T23:12:17.079+08:00 level=WARN msg="通过响应监听下载 fid 失败，尝试回退到浏览器内 fetch" fid=5304784968220863 err="timeout:Timeout 15000.00ms exceeded."
time=2026-06-01T23:12:17.141+08:00 level=WARN msg="浏览器内 fetch 下载 fid 失败" fid=5304784968220863 url="https://upload.api.weibo.com/2/mss/msget?fid=5304784968220863&source=209678993&imageType=origin&ts=1780326737079" err="TypeError: Failed to fetch"
time=2026-06-01T23:12:17.186+08:00 level=WARN msg="浏览器内 fetch 下载 fid 失败" fid=5304784968220863 url="https://upload.api.weibo.com/2/mss/msget?fid=5304784968220863&touid=4761715839862414&ts=1780326737079" err="TypeError: Failed to fetch"
time=2026-06-01T23:12:17.253+08:00 level=WARN msg="浏览器内 fetch 下载 fid 失败" fid=5304784968220863 url="https://upload.api.weibo.com/2/mss/msget?fid=5304784968220863&source=209678993&touid=4761715839862414&imageType=origin&ts=1780326737079" err="TypeError: Failed to fetch"
time=2026-06-01T23:12:17.254+08:00 level=WARN msg="浏览器内 fid 下载全部失败，尝试直接 HTTP 下载" fid=5304784968220863 err="TypeError: Failed to fetch"
time=2026-06-01T23:12:17.419+08:00 level=INFO msg="fid 媒体已通过直接 HTTP 回退下载成功" fid=5304784968220863 path=/home/duty/weibo_cron/chat_media_downloads/img_5304784968220863_中国成人失眠诊断与治疗指南（2023版）.pdf
time=2026-06-01T23:12:17.420+08:00 level=INFO msg=处理完成一个批次 latest_time="2026-06-01 00:15:59" latest_sender=星逸几度秋_ latest_message=杨永信好像没有被打倒 stop=false
time=2026-06-01T23:12:34.348+08:00 level=WARN msg="通过响应监听下载 fid 失败，尝试回退到浏览器内 fetch" fid=5304783729860767 err="timeout:Timeout 15000.00ms exceeded."
time=2026-06-01T23:12:34.591+08:00 level=WARN msg="浏览器内 fetch 下载 fid 失败" fid=5304783729860767 url="https://upload.api.weibo.com/2/mss/msget?fid=5304783729860767&source=209678993&imageType=origin&ts=1780326754348" err="TypeError: Failed to fetch"
time=2026-06-01T23:12:34.648+08:00 level=WARN msg="浏览器内 fetch 下载 fid 失败" fid=5304783729860767 url="https://upload.api.weibo.com/2/mss/msget?fid=5304783729860767&touid=4761715839862414&ts=1780326754348" err="TypeError: Failed to fetch"
time=2026-06-01T23:12:34.885+08:00 level=WARN msg="浏览器内 fetch 下载 fid 失败" fid=5304783729860767 url="https://upload.api.weibo.com/2/mss/msget?fid=5304783729860767&source=209678993&touid=4761715839862414&imageType=origin&ts=1780326754348" err="TypeError: Failed to fetch"
time=2026-06-01T23:12:34.886+08:00 level=WARN msg="浏览器内 fid 下载全部失败，尝试直接 HTTP 下载" fid=5304783729860767 err="TypeError: Failed to fetch"
time=2026-06-01T23:12:35.224+08:00 level=INFO msg="fid 媒体已通过直接 HTTP 回退下载成功" fid=5304783729860767 path=/home/duty/weibo_cron/chat_media_downloads/img_5304783729860767_七日丝_260531.pdf
time=2026-06-01T23:12:35.708+08:00 level=INFO msg=处理完成一个批次 latest_time="2026-05-31 23:52:14" latest_sender=Maple丶leaf_292 latest_message=好的，谢谢你 stop=true
time=2026-06-01T23:12:35.735+08:00 level=INFO msg=群聊历史抓取完成 new_count=892 history_dir=/home/duty/weibo_cron/clean_history state_file=/home/duty/weibo_cron/group_chat_state.json
time=2026-06-01T23:12:38.003+08:00 level=INFO msg=群聊摘要推送完成 message_count=1
time=2026-06-02T23:10:04.008+08:00 level=INFO msg=群聊模式配置加载完成 config=config.groupchat.yaml
time=2026-06-02T23:10:08.448+08:00 level=INFO msg=打开微博群聊页面 url="https://api.weibo.com/chat/#/chat?check_gid=4761715839862414&source_from=11" user_data_dir=/home/duty/weibo_cron/weibo_user_data browser_channel=chrome
time=2026-06-02T23:10:09.454+08:00 level=INFO msg=如未登录，请在打开的浏览器中完成登录；程序正在等待群聊消息接口返回
time=2026-06-02T23:10:10.632+08:00 level=INFO msg=群聊页面已加载，开始抓取历史消息
time=2026-06-02T23:10:11.247+08:00 level=INFO msg=处理完成一个批次 latest_time="2026-06-02 23:06:24" latest_sender=黄健楸 latest_message=这个画风怪怪的 stop=false
time=2026-06-02T23:10:12.777+08:00 level=INFO msg=处理完成一个批次 latest_time="2026-06-02 22:57:00" latest_sender=一只劒鯮 latest_message="「图片」\n- - - - - - - - -" stop=false
time=2026-06-02T23:10:15.268+08:00 level=INFO msg=处理完成一个批次 latest_time="2026-06-02 22:46:30" latest_sender=阿尼亚是安妮亞 latest_message=对哦，之前是Gemini画的 stop=false
time=2026-06-02T23:10:17.938+08:00 level=INFO msg=处理完成一个批次 latest_time="2026-06-02 22:34:55" latest_sender=HorcruxerzzZ latest_message=分享图片 stop=false
time=2026-06-02T23:10:19.635+08:00 level=INFO msg=处理完成一个批次 latest_time="2026-06-02 22:31:00" latest_sender=一只劒鯮 latest_message=[春游家族] stop=false
time=2026-06-02T23:10:22.001+08:00 level=INFO msg=处理完成一个批次 latest_time="2026-06-02 22:23:12" latest_sender=tombkeeper latest_message=分享图片 stop=false
time=2026-06-02T23:10:24.106+08:00 level=INFO msg=处理完成一个批次 latest_time="2026-06-02 21:49:16" latest_sender=楼雨晴Lo latest_message=http://weibo.com/2162169185/R1 stop=false
time=2026-06-02T23:10:26.277+08:00 level=INFO msg=处理完成一个批次 latest_time="2026-06-02 21:39:09" latest_sender=楼雨晴Lo latest_message="3.49元，@阿尼亚是安妮\xe4" stop=false
time=2026-06-02T23:10:28.185+08:00 level=INFO msg=处理完成一个批次 latest_time="2026-06-02 21:28:50" latest_sender=金陵琥珀雪 latest_message=我的电磁炉配套不粘锅 stop=false
time=2026-06-02T23:10:30.875+08:00 level=INFO msg=处理完成一个批次 latest_time="2026-06-02 21:16:54" latest_sender=四岚1883 latest_message=这是又一个超级大佬， stop=false
time=2026-06-02T23:10:32.975+08:00 level=INFO msg=处理完成一个批次 latest_time="2026-06-02 21:03:28" latest_sender=龙彪的微博 latest_message=就是不知道纯钛的跟特 stop=false
time=2026-06-02T23:10:35.149+08:00 level=INFO msg=处理完成一个批次 latest_time="2026-06-02 20:50:25" latest_sender=fuhku latest_message="「gg卡好用，接验证码\xe4" stop=false
time=2026-06-02T23:10:36.836+08:00 level=INFO msg=处理完成一个批次 latest_time="2026-06-02 20:37:51" latest_sender=一只劒鯮 latest_message="「「「红包」\n- - - - - -" stop=false
time=2026-06-02T23:10:38.769+08:00 level=INFO msg=处理完成一个批次 latest_time="2026-06-02 20:33:56" latest_sender=春天小羚羊 latest_message="0.87元，@iiiilic 有钱，\xe5\xb0" stop=false
time=2026-06-02T23:10:43.522+08:00 level=INFO msg=处理完成一个批次 latest_time="2026-06-02 20:10:50" latest_sender=孟昭俊 latest_message=像指纹哥认真做事的态 stop=false
time=2026-06-02T23:10:45.744+08:00 level=INFO msg=处理完成一个批次 latest_time="2026-06-02 19:48:10" latest_sender=tombkeeper latest_message=否则就买纯钛的 stop=false
time=2026-06-02T23:10:47.436+08:00 level=INFO msg=处理完成一个批次 latest_time="2026-06-02 19:19:09" latest_sender=梦星河200602 latest_message=「撞大运，前两天买了 stop=false
time=2026-06-02T23:10:52.506+08:00 level=INFO msg=处理完成一个批次 latest_time="2026-06-02 19:01:18" latest_sender=0x指纹 latest_message=再给大家展示下效果 stop=false
time=2026-06-02T23:10:54.367+08:00 level=INFO msg=处理完成一个批次 latest_time="2026-06-02 18:50:23" latest_sender=拱bot latest_message=「「顺手发现的漏洞， stop=false
time=2026-06-02T23:10:56.029+08:00 level=INFO msg=处理完成一个批次 latest_time="2026-06-02 18:37:21" latest_sender=Hollyw00d latest_message=[哆啦A梦吃惊]三不管地 stop=false
time=2026-06-02T23:10:57.922+08:00 level=INFO msg=处理完成一个批次 latest_time="2026-06-02 18:31:54" latest_sender=黄健楸 latest_message=聊天好像不是核心业务 stop=false
time=2026-06-02T23:11:14.711+08:00 level=WARN msg="通过响应监听下载 fid 失败，尝试回退到浏览器内 fetch" fid=5305427207128681 err="timeout:Timeout 15000.00ms exceeded."
time=2026-06-02T23:11:14.797+08:00 level=WARN msg="浏览器内 fetch 下载 fid 失败" fid=5305427207128681 url="https://upload.api.weibo.com/2/mss/msget?fid=5305427207128681&source=209678993&imageType=origin&ts=1780413074711" err="TypeError: Failed to fetch"
time=2026-06-02T23:11:14.833+08:00 level=WARN msg="浏览器内 fetch 下载 fid 失败" fid=5305427207128681 url="https://upload.api.weibo.com/2/mss/msget?fid=5305427207128681&touid=4761715839862414&ts=1780413074711" err="TypeError: Failed to fetch"
time=2026-06-02T23:11:15.026+08:00 level=WARN msg="浏览器内 fetch 下载 fid 失败" fid=5305427207128681 url="https://upload.api.weibo.com/2/mss/msget?fid=5305427207128681&source=209678993&touid=4761715839862414&imageType=origin&ts=1780413074711" err="TypeError: Failed to fetch"
time=2026-06-02T23:11:15.026+08:00 level=WARN msg="浏览器内 fid 下载全部失败，尝试直接 HTTP 下载" fid=5305427207128681 err="TypeError: Failed to fetch"
time=2026-06-02T23:11:15.273+08:00 level=INFO msg="fid 媒体已通过直接 HTTP 回退下载成功" fid=5305427207128681 path=/home/duty/weibo_cron/chat_media_downloads/img_5305427207128681_screenshot20260602182438.png
time=2026-06-02T23:11:15.273+08:00 level=INFO msg=处理完成一个批次 latest_time="2026-06-02 18:24:39" latest_sender=tombkeeper latest_message=分享图片 stop=false
time=2026-06-02T23:11:17.383+08:00 level=INFO msg=处理完成一个批次 latest_time="2026-06-02 18:22:07" latest_sender=tombkeeper latest_message="\U0001fac6给发现了微博的一\xe4\xb8" stop=false
time=2026-06-02T23:11:19.299+08:00 level=INFO msg=处理完成一个批次 latest_time="2026-06-02 18:10:13" latest_sender=我爱吃肠粉001 latest_message="「ah 越涨越买」\n- - - - " stop=false
time=2026-06-02T23:11:20.977+08:00 level=INFO msg=处理完成一个批次 latest_time="2026-06-02 17:58:29" latest_sender=梦星河200602 latest_message=黄金又不限购的，你定 stop=false
time=2026-06-02T23:11:22.692+08:00 level=INFO msg=处理完成一个批次 latest_time="2026-06-02 17:45:18" latest_sender=书包会唱歌呀 latest_message=昨天刚清了800块的恒科 stop=false
time=2026-06-02T23:11:25.366+08:00 level=INFO msg=处理完成一个批次 latest_time="2026-06-02 17:31:30" latest_sender=小大饼 latest_message=我更没钱了 stop=false
time=2026-06-02T23:11:40.640+08:00 level=INFO msg=处理完成一个批次 latest_time="2026-06-02 16:59:11" latest_sender=万物既渺小又伟大 latest_message=分享图片 stop=false
time=2026-06-02T23:11:42.417+08:00 level=INFO msg=处理完成一个批次 latest_time="2026-06-02 16:41:09" latest_sender=粉丝群 latest_message=涉及资金问题请务必提 stop=false
time=2026-06-02T23:11:44.142+08:00 level=INFO msg=处理完成一个批次 latest_time="2026-06-02 16:33:54" latest_sender=梦星河200602 latest_message=腾子投了很多国产芯片 stop=false
time=2026-06-02T23:11:46.074+08:00 level=INFO msg=处理完成一个批次 latest_time="2026-06-02 16:22:46" latest_sender=黄健楸 latest_message="黄健楸 撤回了一条消\xe6\x81" stop=false
time=2026-06-02T23:11:48.598+08:00 level=INFO msg=处理完成一个批次 latest_time="2026-06-02 15:53:23" latest_sender=花小生鱼 latest_message=「「老乡别跑，会回本 stop=false
time=2026-06-02T23:11:50.253+08:00 level=INFO msg=处理完成一个批次 latest_time="2026-06-02 15:20:30" latest_sender=四岚1883 latest_message=Google也不能无限增发股 stop=false
time=2026-06-02T23:11:52.256+08:00 level=INFO msg=处理完成一个批次 latest_time="2026-06-02 14:19:23" latest_sender=亚奇奇洛贝 latest_message="「@梦星河200602:要么成\xe4" stop=false
time=2026-06-02T23:11:54.620+08:00 level=INFO msg=处理完成一个批次 latest_time="2026-06-02 13:30:21" latest_sender=我爱吃肠粉001 latest_message=看看到时候是什么样子 stop=false
time=2026-06-02T23:11:56.554+08:00 level=INFO msg=处理完成一个批次 latest_time="2026-06-02 12:34:19" latest_sender=胖子快醒醒 latest_message=「用京东的友友们记得 stop=false
time=2026-06-02T23:11:58.912+08:00 level=INFO msg=处理完成一个批次 latest_time="2026-06-02 12:21:27" latest_sender=我爱吃肠粉001 latest_message=噢噢噢和我一样[作揖] stop=false
time=2026-06-02T23:12:00.635+08:00 level=INFO msg=处理完成一个批次 latest_time="2026-06-02 12:12:28" latest_sender=开开kk1 latest_message=每次感染我都记录了， stop=false
time=2026-06-02T23:12:03.493+08:00 level=INFO msg=处理完成一个批次 latest_time="2026-06-02 12:02:43" latest_sender=星逸几度秋_ latest_message="「「华宝马上又要1000\xe4\xba" stop=false
time=2026-06-02T23:12:05.349+08:00 level=INFO msg=处理完成一个批次 latest_time="2026-06-02 11:43:05" latest_sender=四岚1883 latest_message=一开始我觉得他们总不 stop=false
time=2026-06-02T23:12:08.822+08:00 level=INFO msg=处理完成一个批次 latest_time="2026-06-02 11:17:05" latest_sender=一只方阿 latest_message=那我都是晚上买 stop=false
time=2026-06-02T23:12:10.908+08:00 level=INFO msg=处理完成一个批次 latest_time="2026-06-02 10:55:34" latest_sender=0x指纹 latest_message="一个研究员放出 6 个 0-" stop=false
time=2026-06-02T23:12:12.798+08:00 level=INFO msg=处理完成一个批次 latest_time="2026-06-02 10:28:17" latest_sender=花小生鱼 latest_message=「小心点没错的。http:/ stop=false
time=2026-06-02T23:12:14.932+08:00 level=INFO msg=处理完成一个批次 latest_time="2026-06-02 09:40:27" latest_sender=我爱吃肠粉001 latest_message="「「@我爱吃肠粉001:「\xe5" stop=false
time=2026-06-02T23:12:17.049+08:00 level=INFO msg=处理完成一个批次 latest_time="2026-06-02 09:31:53" latest_sender=西瓜大王瓜西西 latest_message=突然发现抄作业抄错了 stop=false
time=2026-06-02T23:12:19.676+08:00 level=INFO msg=处理完成一个批次 latest_time="2026-06-02 09:21:01" latest_sender=梦星河200602 latest_message="「纯光etf终于有了」\n- " stop=false
time=2026-06-02T23:12:21.319+08:00 level=INFO msg=处理完成一个批次 latest_time="2026-06-02 08:41:47" latest_sender=四月是你的满分作文101 latest_message=早 stop=false
time=2026-06-02T23:12:23.022+08:00 level=INFO msg=处理完成一个批次 latest_time="2026-06-02 07:31:38" latest_sender=持续微调 latest_message=早 stop=false
time=2026-06-02T23:12:39.800+08:00 level=WARN msg="通过响应监听下载 fid 失败，尝试回退到浏览器内 fetch" fid=5305198295908937 err="timeout:Timeout 15000.00ms exceeded."
time=2026-06-02T23:12:39.903+08:00 level=WARN msg="浏览器内 fetch 下载 fid 失败" fid=5305198295908937 url="https://upload.api.weibo.com/2/mss/msget?fid=5305198295908937&source=209678993&imageType=origin&ts=1780413159800" err="TypeError: Failed to fetch"
time=2026-06-02T23:12:39.948+08:00 level=WARN msg="浏览器内 fetch 下载 fid 失败" fid=5305198295908937 url="https://upload.api.weibo.com/2/mss/msget?fid=5305198295908937&touid=4761715839862414&ts=1780413159800" err="TypeError: Failed to fetch"
time=2026-06-02T23:12:40.085+08:00 level=WARN msg="浏览器内 fetch 下载 fid 失败" fid=5305198295908937 url="https://upload.api.weibo.com/2/mss/msget?fid=5305198295908937&source=209678993&touid=4761715839862414&imageType=origin&ts=1780413159800" err="TypeError: Failed to fetch"
time=2026-06-02T23:12:40.085+08:00 level=WARN msg="浏览器内 fid 下载全部失败，尝试直接 HTTP 下载" fid=5305198295908937 err="TypeError: Failed to fetch"
time=2026-06-02T23:12:40.307+08:00 level=INFO msg="fid 媒体已通过直接 HTTP 回退下载成功" fid=5305198295908937 path=/home/duty/weibo_cron/chat_media_downloads/img_5305198295908937_茧房日报260601.pdf
time=2026-06-02T23:12:41.035+08:00 level=INFO msg=处理完成一个批次 latest_time="2026-06-02 05:56:03" latest_sender=一只劒鯮 latest_message=早 stop=false
time=2026-06-02T23:12:43.793+08:00 level=INFO msg=处理完成一个批次 latest_time="2026-06-02 00:54:20" latest_sender=古拉TE latest_message=可以测序了 stop=false
time=2026-06-02T23:12:45.774+08:00 level=INFO msg=处理完成一个批次 latest_time="2026-06-01 23:12:06" latest_sender=At0mrain latest_message=🙊🙊🙊 stop=true
time=2026-06-02T23:12:45.834+08:00 level=INFO msg=群聊历史抓取完成 new_count=1004 history_dir=/home/duty/weibo_cron/clean_history state_file=/home/duty/weibo_cron/group_chat_state.json
time=2026-06-02T23:12:56.328+08:00 level=INFO msg=群聊摘要推送完成 message_count=1
time=2026-06-03T23:10:03.295+08:00 level=INFO msg=群聊模式配置加载完成 config=config.groupchat.yaml
time=2026-06-03T23:10:08.006+08:00 level=INFO msg=打开微博群聊页面 url="https://api.weibo.com/chat/#/chat?check_gid=4761715839862414&source_from=11" user_data_dir=/home/duty/weibo_cron/weibo_user_data browser_channel=chrome
time=2026-06-03T23:10:08.961+08:00 level=INFO msg=如未登录，请在打开的浏览器中完成登录；程序正在等待群聊消息接口返回
time=2026-06-03T23:10:10.164+08:00 level=INFO msg=群聊页面已加载，开始抓取历史消息
time=2026-06-03T23:10:10.649+08:00 level=INFO msg=处理完成一个批次 latest_time="2026-06-03 23:10:04" latest_sender=Monkey_D_Law latest_message=「「「去年是谁给我推 stop=false
time=2026-06-03T23:10:11.015+08:00 level=INFO msg=处理完成一个批次 latest_time="2026-06-03 23:01:20" latest_sender=我爱吃肠粉001 latest_message=「我要穿宽楦，硬底一 stop=false
time=2026-06-03T23:10:12.781+08:00 level=INFO msg=处理完成一个批次 latest_time="2026-06-03 22:55:51" latest_sender=梦星河200602 latest_message="「滔博要卖 快 700 块钱" stop=false
time=2026-06-03T23:10:14.910+08:00 level=INFO msg=处理完成一个批次 latest_time="2026-06-03 22:49:10" latest_sender=HorcruxerzzZ latest_message="「图片」\n- - - - - - - - -" stop=false
time=2026-06-03T23:10:17.305+08:00 level=INFO msg=处理完成一个批次 latest_time="2026-06-03 22:35:29" latest_sender=梦星河200602 latest_message=新主席沃什最看重的截 stop=false
time=2026-06-03T23:10:19.738+08:00 level=INFO msg=处理完成一个批次 latest_time="2026-06-03 22:28:25" latest_sender=花小生鱼 latest_message="「图片」\n- - - - - - - - -" stop=false
time=2026-06-03T23:10:21.856+08:00 level=INFO msg=处理完成一个批次 latest_time="2026-06-03 22:11:22" latest_sender=黑眼圈要减肥Hyc latest_message=这不对吧 stop=false
time=2026-06-03T23:10:24.083+08:00 level=INFO msg=处理完成一个批次 latest_time="2026-06-03 21:33:04" latest_sender=梦星河200602 latest_message=http://weibo.com/1700720163/R1 stop=false
time=2026-06-03T23:10:26.123+08:00 level=INFO msg=处理完成一个批次 latest_time="2026-06-03 21:03:46" latest_sender=CZW2025 latest_message=http://weibo.com/1926909715/R2 stop=false
time=2026-06-03T23:10:28.207+08:00 level=INFO msg=处理完成一个批次 latest_time="2026-06-03 20:47:33" latest_sender=巴比龙1973 latest_message=「「@巴比龙1973:求助： stop=false
time=2026-06-03T23:10:36.058+08:00 level=INFO msg=处理完成一个批次 latest_time="2026-06-03 20:36:46" latest_sender=目兮0904 latest_message=分享图片 stop=false
time=2026-06-03T23:10:37.730+08:00 level=INFO msg=处理完成一个批次 latest_time="2026-06-03 20:00:33" latest_sender=茴字的1970种写法 latest_message=现实顶级一点的，你护 stop=false
time=2026-06-03T23:10:39.402+08:00 level=INFO msg=处理完成一个批次 latest_time="2026-06-03 19:49:11" latest_sender=fuhku latest_message=请教一下，有没有特别 stop=false
time=2026-06-03T23:10:41.423+08:00 level=INFO msg=处理完成一个批次 latest_time="2026-06-03 19:32:32" latest_sender=小大饼 latest_message=不这样写，店铺很快就 stop=false
time=2026-06-03T23:10:43.209+08:00 level=INFO msg=处理完成一个批次 latest_time="2026-06-03 19:21:48" latest_sender=胖达心态要好 latest_message=确实涨价了，翻倍了 stop=false
time=2026-06-03T23:10:45.420+08:00 level=INFO msg=处理完成一个批次 latest_time="2026-06-03 19:16:15" latest_sender=小大饼 latest_message=靠，我觉得商家应该给 stop=false
time=2026-06-03T23:10:47.788+08:00 level=INFO msg=处理完成一个批次 latest_time="2026-06-03 19:06:56" latest_sender=我爱吃肠粉001 latest_message="「图片」\n- - - - - - - - -" stop=false
time=2026-06-03T23:10:51.295+08:00 level=INFO msg=处理完成一个批次 latest_time="2026-06-03 18:49:33" latest_sender=___Ray__ latest_message=至于是更健康还是更不 stop=false
time=2026-06-03T23:10:53.248+08:00 level=INFO msg=处理完成一个批次 latest_time="2026-06-03 18:31:05" latest_sender=拾人牙慧的复读机 latest_message="我一天才15ml，这么难\xe5\x96" stop=false
time=2026-06-03T23:10:54.928+08:00 level=INFO msg=处理完成一个批次 latest_time="2026-06-03 17:51:31" latest_sender=拱bot latest_message=「「@茴字的1970种写法: stop=false
time=2026-06-03T23:10:57.202+08:00 level=INFO msg=处理完成一个批次 latest_time="2026-06-03 17:26:54" latest_sender=星逸几度秋_ latest_message=提纲 stop=false
time=2026-06-03T23:10:59.330+08:00 level=INFO msg=处理完成一个批次 latest_time="2026-06-03 17:02:48" latest_sender=羽化的布偶 latest_message="羽化的布偶 撤回了一\xe6\x9d" stop=false
time=2026-06-03T23:11:02.291+08:00 level=INFO msg=处理完成一个批次 latest_time="2026-06-03 16:45:10" latest_sender=tombkeeper latest_message=你想，上海的东西，能 stop=false
time=2026-06-03T23:11:04.514+08:00 level=INFO msg=处理完成一个批次 latest_time="2026-06-03 16:37:32" latest_sender=艾卡西亚今天下暴雨了吗 latest_message=六婆 stop=false
time=2026-06-03T23:11:06.966+08:00 level=INFO msg=处理完成一个批次 latest_time="2026-06-03 16:23:54" latest_sender=一蓑烟雨任平生WB latest_message=没那么好吃 stop=false
time=2026-06-03T23:11:09.012+08:00 level=INFO msg=处理完成一个批次 latest_time="2026-06-03 16:10:52" latest_sender=小大饼 latest_message=分享图片 stop=false
time=2026-06-03T23:11:10.669+08:00 level=INFO msg=处理完成一个批次 latest_time="2026-06-03 16:01:40" latest_sender=linearrrr latest_message=我吃碳水（米面块茎豆 stop=false
time=2026-06-03T23:11:12.899+08:00 level=INFO msg=处理完成一个批次 latest_time="2026-06-03 15:55:57" latest_sender=蓦回溯光 latest_message=分享图片 stop=false
time=2026-06-03T23:11:14.793+08:00 level=INFO msg=处理完成一个批次 latest_time="2026-06-03 15:38:22" latest_sender=我亦擅绘 latest_message=分享图片 stop=false
time=2026-06-03T23:11:18.096+08:00 level=INFO msg=处理完成一个批次 latest_time="2026-06-03 15:27:15" latest_sender=蓦回溯光 latest_message="「「图片」\n- - - - - - - " stop=false
time=2026-06-03T23:11:19.993+08:00 level=INFO msg=处理完成一个批次 latest_time="2026-06-03 15:19:40" latest_sender=小大饼 latest_message=浓度高，便宜，一小勺 stop=false
time=2026-06-03T23:11:21.648+08:00 level=INFO msg=处理完成一个批次 latest_time="2026-06-03 14:40:14" latest_sender=万物既渺小又伟大 latest_message=这些东西都需要中间件 stop=false
time=2026-06-03T23:11:23.555+08:00 level=INFO msg=处理完成一个批次 latest_time="2026-06-03 14:28:09" latest_sender=xelnaga瞭望塔 latest_message=好吧，我聊岔了 stop=false
time=2026-06-03T23:11:28.621+08:00 level=INFO msg=处理完成一个批次 latest_time="2026-06-03 13:28:16" latest_sender=想到草原打个滚 latest_message=看起来不错，普通老人 stop=false
time=2026-06-03T23:11:30.522+08:00 level=INFO msg=处理完成一个批次 latest_time="2026-06-03 13:09:54" latest_sender=梦星河200602 latest_message="「这个没碳水」\n- - - - " stop=false
time=2026-06-03T23:11:33.032+08:00 level=INFO msg=处理完成一个批次 latest_time="2026-06-03 12:47:23" latest_sender=一只方阿 latest_message=我们叫冰草 stop=false
time=2026-06-03T23:11:35.992+08:00 level=INFO msg=处理完成一个批次 latest_time="2026-06-03 12:18:05" latest_sender=咕噜o_O鸟 latest_message=油盐超标 stop=false
time=2026-06-03T23:11:40.449+08:00 level=INFO msg=处理完成一个批次 latest_time="2026-06-03 12:08:59" latest_sender=我爱吃肠粉001 latest_message="「图片」\n- - - - - - - - -" stop=false
time=2026-06-03T23:11:47.760+08:00 level=INFO msg=处理完成一个批次 latest_time="2026-06-03 11:46:09" latest_sender=羽化的布偶 latest_message=http://weibo.com/1902256024/R2 stop=false
time=2026-06-03T23:11:49.963+08:00 level=INFO msg=处理完成一个批次 latest_time="2026-06-03 11:22:26" latest_sender=粉丝群 latest_message=涉及资金问题请务必提 stop=false
time=2026-06-03T23:11:51.608+08:00 level=INFO msg=处理完成一个批次 latest_time="2026-06-03 11:18:08" latest_sender=粉丝群 latest_message=涉及资金问题请务必提 stop=false
time=2026-06-03T23:11:53.300+08:00 level=INFO msg=处理完成一个批次 latest_time="2026-06-03 11:10:59" latest_sender=粉丝群 latest_message=涉及资金问题请务必提 stop=false
time=2026-06-03T23:11:55.972+08:00 level=INFO msg=处理完成一个批次 latest_time="2026-06-03 10:50:17" latest_sender=黄健楸 latest_message=只是手机号流出不至于 stop=false
time=2026-06-03T23:11:58.290+08:00 level=INFO msg=处理完成一个批次 latest_time="2026-06-03 10:30:26" latest_sender=我爱吃肠粉001 latest_message="@花小生鱼 抛弃恒科买\xe5" stop=false
time=2026-06-03T23:12:00.391+08:00 level=INFO msg=处理完成一个批次 latest_time="2026-06-03 10:06:10" latest_sender=花小生鱼 latest_message=[动画表情] stop=false
time=2026-06-03T23:12:03.674+08:00 level=INFO msg=处理完成一个批次 latest_time="2026-06-03 09:40:33" latest_sender=花小生鱼 latest_message=今天早上第一财经发了 stop=false
time=2026-06-03T23:12:06.270+08:00 level=INFO msg=处理完成一个批次 latest_time="2026-06-03 09:24:21" latest_sender=粉丝群 latest_message=涉及资金问题请务必提 stop=false
time=2026-06-03T23:12:08.490+08:00 level=INFO msg=处理完成一个批次 latest_time="2026-06-03 09:12:02" latest_sender=小大饼 latest_message=这就挂失有点浪费精力 stop=false
time=2026-06-03T23:12:10.160+08:00 level=INFO msg=处理完成一个批次 latest_time="2026-06-03 08:54:52" latest_sender=小大饼 latest_message="恭喜群友们赚大钱惹~\xe6\x88" stop=false
time=2026-06-03T23:12:11.870+08:00 level=INFO msg=处理完成一个批次 latest_time="2026-06-03 07:42:08" latest_sender=目兮0904 latest_message=早 stop=false
time=2026-06-03T23:12:28.657+08:00 level=WARN msg="通过响应监听下载 fid 失败，尝试回退到浏览器内 fetch" fid=5305561426166223 err="timeout:Timeout 15000.00ms exceeded."
time=2026-06-03T23:12:28.767+08:00 level=WARN msg="浏览器内 fetch 下载 fid 失败" fid=5305561426166223 url="https://upload.api.weibo.com/2/mss/msget?fid=5305561426166223&source=209678993&imageType=origin&ts=1780499548658" err="TypeError: Failed to fetch"
time=2026-06-03T23:12:28.810+08:00 level=WARN msg="浏览器内 fetch 下载 fid 失败" fid=5305561426166223 url="https://upload.api.weibo.com/2/mss/msget?fid=5305561426166223&touid=4761715839862414&ts=1780499548658" err="TypeError: Failed to fetch"
time=2026-06-03T23:12:28.943+08:00 level=WARN msg="浏览器内 fetch 下载 fid 失败" fid=5305561426166223 url="https://upload.api.weibo.com/2/mss/msget?fid=5305561426166223&source=209678993&touid=4761715839862414&imageType=origin&ts=1780499548658" err="TypeError: Failed to fetch"
time=2026-06-03T23:12:28.943+08:00 level=WARN msg="浏览器内 fid 下载全部失败，尝试直接 HTTP 下载" fid=5305561426166223 err="TypeError: Failed to fetch"
time=2026-06-03T23:12:29.237+08:00 level=INFO msg="fid 媒体已通过直接 HTTP 回退下载成功" fid=5305561426166223 path=/home/duty/weibo_cron/chat_media_downloads/img_5305561426166223_茧房日报260602.pdf
time=2026-06-03T23:12:29.732+08:00 level=INFO msg=处理完成一个批次 latest_time="2026-06-03 05:44:19" latest_sender=等下就去吃饭 latest_message=http://weibo.com/1401527553/Pz stop=false
time=2026-06-03T23:12:32.010+08:00 level=INFO msg=处理完成一个批次 latest_time="2026-06-02 23:35:03" latest_sender=Tenacious_U latest_message=如果我没记错的话，不 stop=true
time=2026-06-03T23:12:32.042+08:00 level=INFO msg=群聊历史抓取完成 new_count=1032 history_dir=/home/duty/weibo_cron/clean_history state_file=/home/duty/weibo_cron/group_chat_state.json
time=2026-06-03T23:12:34.336+08:00 level=INFO msg=群聊摘要推送完成 message_count=1
time=2026-06-04T23:10:03.435+08:00 level=INFO msg=群聊模式配置加载完成 config=config.groupchat.yaml
time=2026-06-04T23:10:08.125+08:00 level=INFO msg=打开微博群聊页面 url="https://api.weibo.com/chat/#/chat?check_gid=4761715839862414&source_from=11" user_data_dir=/home/duty/weibo_cron/weibo_user_data browser_channel=chrome
time=2026-06-04T23:10:09.076+08:00 level=INFO msg=如未登录，请在打开的浏览器中完成登录；程序正在等待群聊消息接口返回
time=2026-06-04T23:10:10.155+08:00 level=INFO msg=群聊页面已加载，开始抓取历史消息
time=2026-06-04T23:10:11.130+08:00 level=INFO msg=处理完成一个批次 latest_time="2026-06-04 22:59:24" latest_sender=黄健楸 latest_message="「@伽俐详:计算器只是\xe7" stop=false
time=2026-06-04T23:10:12.127+08:00 level=INFO msg=处理完成一个批次 latest_time="2026-06-04 22:36:47" latest_sender=蓦回溯光 latest_message=不是级别特别高的考试 stop=false
time=2026-06-04T23:10:14.370+08:00 level=INFO msg=处理完成一个批次 latest_time="2026-06-04 22:20:29" latest_sender=HorcruxerzzZ latest_message=我又买了3件31块41的白T stop=false
time=2026-06-04T23:10:26.738+08:00 level=INFO msg=处理完成一个批次 latest_time="2026-06-04 21:46:15" latest_sender=一只方阿 latest_message=干中学鼻祖 stop=false
time=2026-06-04T23:10:28.418+08:00 level=INFO msg=处理完成一个批次 latest_time="2026-06-04 21:06:49" latest_sender=叫我小鸡君吧 latest_message="「今天亏钱噜」\n- - - - " stop=false
time=2026-06-04T23:10:30.244+08:00 level=INFO msg=处理完成一个批次 latest_time="2026-06-04 20:40:38" latest_sender=蓦回溯光 latest_message=「那你原本的账号没有 stop=false
time=2026-06-04T23:10:32.051+08:00 level=INFO msg=处理完成一个批次 latest_time="2026-06-04 20:24:37" latest_sender=粉丝群 latest_message=涉及资金问题请务必提 stop=false
time=2026-06-04T23:10:33.977+08:00 level=INFO msg=处理完成一个批次 latest_time="2026-06-04 19:55:00" latest_sender=粉丝群 latest_message=涉及资金问题请务必提 stop=false
time=2026-06-04T23:10:35.879+08:00 level=INFO msg=处理完成一个批次 latest_time="2026-06-04 19:33:57" latest_sender=HorcruxerzzZ latest_message=http://weibo.com/7323703082/R2 stop=false
time=2026-06-04T23:10:37.732+08:00 level=INFO msg=处理完成一个批次 latest_time="2026-06-04 19:07:33" latest_sender=梦星河200602 latest_message=分享图片 stop=false
time=2026-06-04T23:10:45.214+08:00 level=INFO msg=处理完成一个批次 latest_time="2026-06-04 18:54:35" latest_sender=古拉TE latest_message=微博首页能看到，但转 stop=false
time=2026-06-04T23:10:47.713+08:00 level=INFO msg=处理完成一个批次 latest_time="2026-06-04 18:44:00" latest_sender=星逸几度秋_ latest_message=🫡立刻减仓 stop=false
time=2026-06-04T23:10:49.683+08:00 level=INFO msg=处理完成一个批次 latest_time="2026-06-04 18:35:51" latest_sender=小大饼 latest_message=我也快翻倍惹 stop=false
time=2026-06-04T23:10:51.559+08:00 level=INFO msg=处理完成一个批次 latest_time="2026-06-04 18:26:27" latest_sender=小大饼 latest_message=奶茶点多了，送给前台 stop=false
time=2026-06-04T23:10:53.759+08:00 level=INFO msg=处理完成一个批次 latest_time="2026-06-04 18:20:26" latest_sender=响当当当的铜豌豆 latest_message="「有种 ai 虹吸一切的\xe6\x84" stop=false
time=2026-06-04T23:10:58.262+08:00 level=INFO msg=处理完成一个批次 latest_time="2026-06-04 18:13:14" latest_sender=黄健楸 latest_message=人人持模型 stop=false
time=2026-06-04T23:11:00.642+08:00 level=INFO msg=处理完成一个批次 latest_time="2026-06-04 18:05:11" latest_sender=雨石plus latest_message=错过太多了 stop=false
time=2026-06-04T23:11:02.617+08:00 level=INFO msg=处理完成一个批次 latest_time="2026-06-04 17:52:57" latest_sender=等下就去吃饭 latest_message=打火机烤一下就黑了… stop=false
time=2026-06-04T23:11:04.293+08:00 level=INFO msg=处理完成一个批次 latest_time="2026-06-04 17:41:24" latest_sender=At0mrain latest_message=+1 stop=false
time=2026-06-04T23:11:06.574+08:00 level=INFO msg=处理完成一个批次 latest_time="2026-06-04 17:10:32" latest_sender=用户6937199137 latest_message="「你们玩拼豆吗」\n- - -" stop=false
time=2026-06-04T23:11:08.465+08:00 level=INFO msg=处理完成一个批次 latest_time="2026-06-04 17:06:43" latest_sender=秽土转生又一回 latest_message=快递刀我买了两种，觉 stop=false
time=2026-06-04T23:11:10.620+08:00 level=INFO msg=处理完成一个批次 latest_time="2026-06-04 16:55:15" latest_sender=Moor-eeffoc latest_message=课堂上讲者失控的情况 stop=false
time=2026-06-04T23:11:13.146+08:00 level=INFO msg=处理完成一个批次 latest_time="2026-06-04 16:16:12" latest_sender=天青色等烟雨201403 latest_message=现在年轻人真不一样了 stop=false
time=2026-06-04T23:11:14.809+08:00 level=INFO msg=处理完成一个批次 latest_time="2026-06-04 15:25:03" latest_sender=钱四份 latest_message=我为双层天椒皇堡发声 stop=false
time=2026-06-04T23:11:16.457+08:00 level=INFO msg=处理完成一个批次 latest_time="2026-06-04 15:03:15" latest_sender=我爱吃肠粉001 latest_message=麦当劳吃汉堡，肯德基 stop=false
time=2026-06-04T23:11:18.380+08:00 level=INFO msg=处理完成一个批次 latest_time="2026-06-04 15:02:48" latest_sender=Mika_Joe latest_message="3.09元，@阿尼亚是安妮\xe4" stop=false
time=2026-06-04T23:11:20.630+08:00 level=INFO msg=处理完成一个批次 latest_time="2026-06-04 14:50:42" latest_sender=茴字的1970种写法 latest_message=http://weibo.com/1074974723/R2 stop=false
time=2026-06-04T23:11:22.507+08:00 level=INFO msg=处理完成一个批次 latest_time="2026-06-04 14:30:23" latest_sender=粉丝群 latest_message=涉及资金问题请务必提 stop=false
time=2026-06-04T23:11:24.248+08:00 level=INFO msg=处理完成一个批次 latest_time="2026-06-04 14:01:16" latest_sender=梦星河200602 latest_message=对吼，还是哲学系的 stop=false
time=2026-06-04T23:11:26.550+08:00 level=INFO msg=处理完成一个批次 latest_time="2026-06-04 13:38:42" latest_sender=自由的西瓜L latest_message=用了这么久地葛米尼， stop=false
time=2026-06-04T23:11:28.400+08:00 level=INFO msg=处理完成一个批次 latest_time="2026-06-04 13:20:04" latest_sender=某翀要修生养息 latest_message=宁古塔？ stop=false
time=2026-06-04T23:11:30.742+08:00 level=INFO msg=处理完成一个批次 latest_time="2026-06-04 13:06:26" latest_sender=fuhku latest_message=分享图片 stop=false
time=2026-06-04T23:11:32.861+08:00 level=INFO msg=处理完成一个批次 latest_time="2026-06-04 12:44:40" latest_sender=0x指纹 latest_message=http://t.cn/AXXJc2Le stop=false
time=2026-06-04T23:11:34.678+08:00 level=INFO msg=处理完成一个批次 latest_time="2026-06-04 12:22:19" latest_sender=小大饼 latest_message=确实 stop=false
time=2026-06-04T23:11:36.814+08:00 level=INFO msg=处理完成一个批次 latest_time="2026-06-04 12:09:57" latest_sender=黄健楸 latest_message=怎么又有知识图谱 stop=false
time=2026-06-04T23:11:38.589+08:00 level=INFO msg=处理完成一个批次 latest_time="2026-06-04 12:02:41" latest_sender=0x指纹 latest_message="「md不是无限存储的吗\xef" stop=false
time=2026-06-04T23:11:40.522+08:00 level=INFO msg=处理完成一个批次 latest_time="2026-06-04 11:55:04" latest_sender=星逸几度秋_ latest_message="「「@梦星河200602:「这\xe4" stop=false
time=2026-06-04T23:11:42.175+08:00 level=INFO msg=处理完成一个批次 latest_time="2026-06-04 11:32:02" latest_sender=响当当当的铜豌豆 latest_message=有群友用蚂蚁阿福吗？ stop=false
time=2026-06-04T23:11:43.867+08:00 level=INFO msg=处理完成一个批次 latest_time="2026-06-04 11:13:09" latest_sender=用户7486723352 latest_message=[ok] stop=false
time=2026-06-04T23:11:45.917+08:00 level=INFO msg=处理完成一个批次 latest_time="2026-06-04 11:04:31" latest_sender=达包咩 latest_message=碰到把血管扎破的就会 stop=false
time=2026-06-04T23:11:48.137+08:00 level=INFO msg=处理完成一个批次 latest_time="2026-06-04 10:50:36" latest_sender=花小生鱼 latest_message=场内都已经折价卖到2.3 stop=false
time=2026-06-04T23:11:50.012+08:00 level=INFO msg=处理完成一个批次 latest_time="2026-06-04 10:45:13" latest_sender=在公车上吃花生酱的浣熊 latest_message="「「「@修蒙的gentle:「\xe4" stop=false
time=2026-06-04T23:11:51.866+08:00 level=INFO msg=处理完成一个批次 latest_time="2026-06-04 10:35:35" latest_sender=我爱吃肠粉001 latest_message=这两天早上招行信用卡 stop=false
time=2026-06-04T23:11:54.210+08:00 level=INFO msg=处理完成一个批次 latest_time="2026-06-04 10:12:26" latest_sender=Cipstrider latest_message=「「早上起来发现奥特 stop=false
time=2026-06-04T23:11:56.167+08:00 level=INFO msg=处理完成一个批次 latest_time="2026-06-04 09:14:12" latest_sender=冰火岛的曾阿牛 latest_message=http://weibo.com/6636035720/R2 stop=false
time=2026-06-04T23:11:57.913+08:00 level=INFO msg=处理完成一个批次 latest_time="2026-06-04 08:34:54" latest_sender=亚奇奇洛贝 latest_message=[动画表情] stop=false
time=2026-06-04T23:11:59.578+08:00 level=INFO msg=处理完成一个批次 latest_time="2026-06-04 07:31:33" latest_sender=Eric_Z_ latest_message=早 stop=false
time=2026-06-04T23:12:16.324+08:00 level=WARN msg="通过响应监听下载 fid 失败，尝试回退到浏览器内 fetch" fid=5305923176235319 err="timeout:Timeout 15000.00ms exceeded."
time=2026-06-04T23:12:16.427+08:00 level=WARN msg="浏览器内 fetch 下载 fid 失败" fid=5305923176235319 url="https://upload.api.weibo.com/2/mss/msget?fid=5305923176235319&source=209678993&imageType=origin&ts=1780585936324" err="TypeError: Failed to fetch"
time=2026-06-04T23:12:16.471+08:00 level=WARN msg="浏览器内 fetch 下载 fid 失败" fid=5305923176235319 url="https://upload.api.weibo.com/2/mss/msget?fid=5305923176235319&touid=4761715839862414&ts=1780585936324" err="TypeError: Failed to fetch"
time=2026-06-04T23:12:16.553+08:00 level=WARN msg="浏览器内 fetch 下载 fid 失败" fid=5305923176235319 url="https://upload.api.weibo.com/2/mss/msget?fid=5305923176235319&source=209678993&touid=4761715839862414&imageType=origin&ts=1780585936324" err="TypeError: Failed to fetch"
time=2026-06-04T23:12:16.553+08:00 level=WARN msg="浏览器内 fid 下载全部失败，尝试直接 HTTP 下载" fid=5305923176235319 err="TypeError: Failed to fetch"
time=2026-06-04T23:12:16.945+08:00 level=INFO msg="fid 媒体已通过直接 HTTP 回退下载成功" fid=5305923176235319 path=/home/duty/weibo_cron/chat_media_downloads/img_5305923176235319_茧房日报260603.pdf
time=2026-06-04T23:12:18.569+08:00 level=INFO msg=处理完成一个批次 latest_time="2026-06-04 06:34:28" latest_sender=火车是夜晚的鲸鱼22 latest_message=早 stop=false
time=2026-06-04T23:12:20.394+08:00 level=INFO msg=处理完成一个批次 latest_time="2026-06-03 23:26:00" latest_sender=星逸几度秋_ latest_message=确实不错 stop=false
time=2026-06-04T23:12:22.094+08:00 level=INFO msg=处理完成一个批次 latest_time="2026-06-03 23:14:49" latest_sender=奇幻行为艺术家 latest_message="0.62元，@古拉TE 只为让\xe4" stop=false
time=2026-06-04T23:12:23.773+08:00 level=INFO msg=处理完成一个批次 latest_time="2026-06-03 23:12:01" latest_sender=9527号JoJo latest_message="其实NB 1080v14也挺舒服" stop=true
time=2026-06-04T23:12:23.805+08:00 level=INFO msg=群聊历史抓取完成 new_count=1010 history_dir=/home/duty/weibo_cron/clean_history state_file=/home/duty/weibo_cron/group_chat_state.json
time=2026-06-04T23:12:28.101+08:00 level=INFO msg=群聊摘要推送完成 message_count=1
time=2026-06-05T23:10:03.940+08:00 level=INFO msg=群聊模式配置加载完成 config=config.groupchat.yaml
time=2026-06-05T23:10:08.853+08:00 level=INFO msg=打开微博群聊页面 url="https://api.weibo.com/chat/#/chat?check_gid=4761715839862414&source_from=11" user_data_dir=/home/duty/weibo_cron/weibo_user_data browser_channel=chrome
time=2026-06-05T23:10:09.875+08:00 level=INFO msg=如未登录，请在打开的浏览器中完成登录；程序正在等待群聊消息接口返回
time=2026-06-05T23:10:11.058+08:00 level=INFO msg=群聊页面已加载，开始抓取历史消息
time=2026-06-05T23:10:11.531+08:00 level=INFO msg=处理完成一个批次 latest_time="2026-06-05 23:09:40" latest_sender=花小生鱼 latest_message="gg卡的语音信箱我今天\xe4" stop=false
time=2026-06-05T23:10:12.292+08:00 level=INFO msg=处理完成一个批次 latest_time="2026-06-05 22:51:03" latest_sender=tk今天盲猜关注列表了吗 latest_message="「微博」\n- - - - - - - - -" stop=false
time=2026-06-05T23:10:14.903+08:00 level=INFO msg=处理完成一个批次 latest_time="2026-06-05 22:44:00" latest_sender=小大饼 latest_message="「图片」\n- - - - - - - - -" stop=false
time=2026-06-05T23:10:25.444+08:00 level=INFO msg=处理完成一个批次 latest_time="2026-06-05 22:23:24" latest_sender=粉丝群 latest_message=涉及资金问题请务必提 stop=false
time=2026-06-05T23:10:27.238+08:00 level=INFO msg=处理完成一个批次 latest_time="2026-06-05 22:09:00" latest_sender=星逸几度秋_ latest_message=是不是因为封太久了通 stop=false
time=2026-06-05T23:10:29.184+08:00 level=INFO msg=处理完成一个批次 latest_time="2026-06-05 22:03:08" latest_sender=梦星河200602 latest_message=黄金短期没戏了 stop=false
time=2026-06-05T23:10:31.273+08:00 level=INFO msg=处理完成一个批次 latest_time="2026-06-05 21:52:37" latest_sender=grapeyang latest_message=民生黄金价格958 stop=false
time=2026-06-05T23:10:35.794+08:00 level=INFO msg=处理完成一个批次 latest_time="2026-06-05 21:34:53" latest_sender=拱bot latest_message=吃了醋以后，我好像没 stop=false
time=2026-06-05T23:10:37.612+08:00 level=INFO msg=处理完成一个批次 latest_time="2026-06-05 20:56:30" latest_sender=一只方阿 latest_message=摸一下电视烫手不 stop=false
time=2026-06-05T23:10:41.497+08:00 level=INFO msg=处理完成一个批次 latest_time="2026-06-05 20:42:52" latest_sender=tqtq latest_message=「把电子产品没收了再 stop=false
time=2026-06-05T23:10:43.627+08:00 level=INFO msg=处理完成一个批次 latest_time="2026-06-05 19:48:05" latest_sender=咕噜o_O鸟 latest_message="「图片」\n- - - - - - - - -" stop=false
time=2026-06-05T23:10:45.703+08:00 level=INFO msg=处理完成一个批次 latest_time="2026-06-05 19:03:09" latest_sender=一只方阿 latest_message=你这个就意味深长啊 stop=false
time=2026-06-05T23:10:48.183+08:00 level=INFO msg=处理完成一个批次 latest_time="2026-06-05 18:20:44" latest_sender=____方格 latest_message="「快喝完一瓶了」\n- - -" stop=false
time=2026-06-05T23:10:50.780+08:00 level=INFO msg=处理完成一个批次 latest_time="2026-06-05 17:53:11" latest_sender=樱桃树rani latest_message="整理收拾 属于虽然不\xe7\xb4" stop=false
time=2026-06-05T23:10:52.532+08:00 level=INFO msg=处理完成一个批次 latest_time="2026-06-05 17:44:43" latest_sender=NinoS1 latest_message="6.09元，@铜冰鉴43228 让\xe7" stop=false
time=2026-06-05T23:10:54.264+08:00 level=INFO msg=处理完成一个批次 latest_time="2026-06-05 17:40:30" latest_sender=阿尼亚是安妮亞 latest_message=http://weibo.com/1401527553/Q3 stop=false
time=2026-06-05T23:10:57.619+08:00 level=INFO msg=处理完成一个批次 latest_time="2026-06-05 16:59:58" latest_sender=gratefulalwaysss latest_message="我是自己用visa充的 买\xe7" stop=false
time=2026-06-05T23:11:00.027+08:00 level=INFO msg=处理完成一个批次 latest_time="2026-06-05 16:10:34" latest_sender=tombkeeper latest_message=太贵 stop=false
time=2026-06-05T23:11:01.689+08:00 level=INFO msg=处理完成一个批次 latest_time="2026-06-05 15:13:03" latest_sender=星逸几度秋_ latest_message="「和AI出轨算不算精神\xe5" stop=false
time=2026-06-05T23:11:03.473+08:00 level=INFO msg=处理完成一个批次 latest_time="2026-06-05 14:42:10" latest_sender=一只方阿 latest_message="「@小大饼:塑料袋里的\xe5" stop=false
time=2026-06-05T23:11:05.647+08:00 level=INFO msg=处理完成一个批次 latest_time="2026-06-05 14:31:46" latest_sender=粉丝群 latest_message=涉及资金问题请务必提 stop=false
time=2026-06-05T23:11:07.544+08:00 level=INFO msg=处理完成一个批次 latest_time="2026-06-05 14:25:06" latest_sender=登的厉害 latest_message="「@春天小羚羊:和AI出\xe8\xbd" stop=false
time=2026-06-05T23:11:09.653+08:00 level=INFO msg=处理完成一个批次 latest_time="2026-06-05 14:04:15" latest_sender=雾中航行志趣 latest_message="「图片」\n- - - - - - - - -" stop=false
time=2026-06-05T23:11:11.665+08:00 level=INFO msg=处理完成一个批次 latest_time="2026-06-05 13:52:00" latest_sender=亚奇奇洛贝 latest_message=「刚刚收到一条私信， stop=false
time=2026-06-05T23:11:13.823+08:00 level=INFO msg=处理完成一个批次 latest_time="2026-06-05 13:43:31" latest_sender=Tenacious_U latest_message=感觉很像多年前的wallst stop=false
time=2026-06-05T23:11:15.514+08:00 level=INFO msg=处理完成一个批次 latest_time="2026-06-05 13:21:59" latest_sender=花小生鱼 latest_message="「@花小生鱼 这是真有\xe6" stop=false
time=2026-06-05T23:11:17.712+08:00 level=INFO msg=处理完成一个批次 latest_time="2026-06-05 13:03:02" latest_sender=一只方阿 latest_message=分享图片 stop=false
time=2026-06-05T23:11:21.109+08:00 level=INFO msg=处理完成一个批次 latest_time="2026-06-05 12:32:46" latest_sender=阿航爱喝水呀 latest_message="我买的也到噜  配上水\xe7" stop=false
time=2026-06-05T23:11:35.520+08:00 level=INFO msg=处理完成一个批次 latest_time="2026-06-05 12:12:07" latest_sender=nkaifang latest_message=http://weibo.com/1400776392/R2 stop=false
time=2026-06-05T23:11:37.246+08:00 level=INFO msg=处理完成一个批次 latest_time="2026-06-05 11:47:05" latest_sender=楼雨晴Lo latest_message=http://weibo.com/1663937380/R2 stop=false
time=2026-06-05T23:11:39.043+08:00 level=INFO msg=处理完成一个批次 latest_time="2026-06-05 11:28:22" latest_sender=粉丝群 latest_message=涉及资金问题请务必提 stop=false
time=2026-06-05T23:11:40.933+08:00 level=INFO msg=处理完成一个批次 latest_time="2026-06-05 11:12:53" latest_sender=星逸几度秋_ latest_message="[衰]没细看，难怪说专\xe9" stop=false
time=2026-06-05T23:11:42.876+08:00 level=INFO msg=处理完成一个批次 latest_time="2026-06-05 11:01:34" latest_sender=拱bot latest_message=神医啊 stop=false
time=2026-06-05T23:11:44.957+08:00 level=INFO msg=处理完成一个批次 latest_time="2026-06-05 10:23:39" latest_sender=0x指纹 latest_message=[点赞] stop=false
time=2026-06-05T23:11:46.929+08:00 level=INFO msg=处理完成一个批次 latest_time="2026-06-05 09:58:00" latest_sender=seekwind_ latest_message=高碳让人快乐，但不那 stop=false
time=2026-06-05T23:11:49.001+08:00 level=INFO msg=处理完成一个批次 latest_time="2026-06-05 09:36:55" latest_sender=何夜无月何处无松柏 latest_message=「「我去年甘油三酯是 stop=false
time=2026-06-05T23:11:50.999+08:00 level=INFO msg=处理完成一个批次 latest_time="2026-06-05 09:25:39" latest_sender=CZW2025 latest_message=「群友们，请教一个关 stop=false
time=2026-06-05T23:11:52.803+08:00 level=INFO msg=处理完成一个批次 latest_time="2026-06-05 08:41:21" latest_sender=楼雨晴Lo latest_message=http://weibo.com/2393886580/R2 stop=false
time=2026-06-05T23:11:54.496+08:00 level=INFO msg=处理完成一个批次 latest_time="2026-06-05 08:08:54" latest_sender=粉丝群 latest_message=涉及资金问题请务必提 stop=false
time=2026-06-05T23:12:11.197+08:00 level=WARN msg="通过响应监听下载 fid 失败，尝试回退到浏览器内 fetch" fid=5306288239019385 err="timeout:Timeout 15000.00ms exceeded."
time=2026-06-05T23:12:11.289+08:00 level=WARN msg="浏览器内 fetch 下载 fid 失败" fid=5306288239019385 url="https://upload.api.weibo.com/2/mss/msget?fid=5306288239019385&source=209678993&imageType=origin&ts=1780672331197" err="TypeError: Failed to fetch"
time=2026-06-05T23:12:11.408+08:00 level=WARN msg="浏览器内 fetch 下载 fid 失败" fid=5306288239019385 url="https://upload.api.weibo.com/2/mss/msget?fid=5306288239019385&touid=4761715839862414&ts=1780672331197" err="TypeError: Failed to fetch"
time=2026-06-05T23:12:11.519+08:00 level=WARN msg="浏览器内 fetch 下载 fid 失败" fid=5306288239019385 url="https://upload.api.weibo.com/2/mss/msget?fid=5306288239019385&source=209678993&touid=4761715839862414&imageType=origin&ts=1780672331197" err="TypeError: Failed to fetch"
time=2026-06-05T23:12:11.520+08:00 level=WARN msg="浏览器内 fid 下载全部失败，尝试直接 HTTP 下载" fid=5306288239019385 err="TypeError: Failed to fetch"
time=2026-06-05T23:12:11.853+08:00 level=INFO msg="fid 媒体已通过直接 HTTP 回退下载成功" fid=5306288239019385 path=/home/duty/weibo_cron/chat_media_downloads/img_5306288239019385_茧房日报260604.pdf
time=2026-06-05T23:12:11.853+08:00 level=INFO msg=处理完成一个批次 latest_time="2026-06-05 07:25:08" latest_sender=实数在奶孩子 latest_message=早 stop=false
time=2026-06-05T23:12:14.435+08:00 level=INFO msg=处理完成一个批次 latest_time="2026-06-05 00:45:12" latest_sender=拾人牙慧的复读机 latest_message=我想到了大饼被针扎的 stop=true
time=2026-06-05T23:12:14.461+08:00 level=INFO msg=群聊历史抓取完成 new_count=817 history_dir=/home/duty/weibo_cron/clean_history state_file=/home/duty/weibo_cron/group_chat_state.json
time=2026-06-05T23:12:18.920+08:00 level=INFO msg=群聊摘要推送完成 message_count=1
time=2026-06-06T23:10:03.868+08:00 level=INFO msg=群聊模式配置加载完成 config=config.groupchat.yaml
time=2026-06-06T23:10:08.590+08:00 level=INFO msg=打开微博群聊页面 url="https://api.weibo.com/chat/#/chat?check_gid=4761715839862414&source_from=11" user_data_dir=/home/duty/weibo_cron/weibo_user_data browser_channel=chrome
time=2026-06-06T23:10:09.624+08:00 level=INFO msg=如未登录，请在打开的浏览器中完成登录；程序正在等待群聊消息接口返回
time=2026-06-06T23:10:11.039+08:00 level=INFO msg=群聊页面已加载，开始抓取历史消息
time=2026-06-06T23:10:11.174+08:00 level=INFO msg=处理完成一个批次 latest_time="2026-06-06 23:04:49" latest_sender=有种来中路 latest_message=当然鸡胸肉肯定是性价 stop=false
time=2026-06-06T23:10:11.599+08:00 level=INFO msg=处理完成一个批次 latest_time="2026-06-06 22:24:35" latest_sender=星逸几度秋_ latest_message="「图片」\n- - - - - - - - -" stop=false
time=2026-06-06T23:10:16.597+08:00 level=INFO msg=处理完成一个批次 latest_time="2026-06-06 21:49:38" latest_sender=____方格 latest_message=分享图片 stop=false
time=2026-06-06T23:10:20.169+08:00 level=INFO msg=处理完成一个批次 latest_time="2026-06-06 21:27:48" latest_sender=古拉TE latest_message=我们第一次去广州，不 stop=false
time=2026-06-06T23:10:22.220+08:00 level=INFO msg=处理完成一个批次 latest_time="2026-06-06 21:16:10" latest_sender=粉丝群 latest_message=涉及资金问题请务必提 stop=false
time=2026-06-06T23:10:24.105+08:00 level=INFO msg=处理完成一个批次 latest_time="2026-06-06 20:44:50" latest_sender=梦星河200602 latest_message=分享图片 stop=false
time=2026-06-06T23:10:27.929+08:00 level=INFO msg=处理完成一个批次 latest_time="2026-06-06 20:13:28" latest_sender=谢喜儿 latest_message=「你是不是和一团意大 stop=false
time=2026-06-06T23:10:34.988+08:00 level=INFO msg=处理完成一个批次 latest_time="2026-06-06 19:45:17" latest_sender=花小生鱼 latest_message=今天好冷，延庆还下雪 stop=false
time=2026-06-06T23:10:39.804+08:00 level=INFO msg=处理完成一个批次 latest_time="2026-06-06 18:59:17" latest_sender=拱bot latest_message=分享图片 stop=false
time=2026-06-06T23:10:42.630+08:00 level=INFO msg=处理完成一个批次 latest_time="2026-06-06 18:13:04" latest_sender=雨石plus latest_message=分享图片 stop=false
time=2026-06-06T23:10:44.688+08:00 level=INFO msg=处理完成一个批次 latest_time="2026-06-06 17:58:12" latest_sender=9527号JoJo latest_message=[流鼻血] stop=false
time=2026-06-06T23:10:46.412+08:00 level=INFO msg=处理完成一个批次 latest_time="2026-06-06 17:18:00" latest_sender=陈陈想吃西瓜 latest_message=用过 stop=false
time=2026-06-06T23:10:48.747+08:00 level=INFO msg=处理完成一个批次 latest_time="2026-06-06 16:52:57" latest_sender=拱bot latest_message=分享图片 stop=false
time=2026-06-06T23:10:51.318+08:00 level=INFO msg=处理完成一个批次 latest_time="2026-06-06 15:51:00" latest_sender=星逸几度秋_ latest_message=利好AI短剧 stop=false
time=2026-06-06T23:11:09.202+08:00 level=WARN msg="通过响应监听下载 fid 失败，尝试回退到浏览器内 fetch" fid=5306818587792824 err="timeout:Timeout 15000.00ms exceeded."
time=2026-06-06T23:11:09.290+08:00 level=WARN msg="浏览器内 fetch 下载 fid 失败" fid=5306818587792824 url="https://upload.api.weibo.com/2/mss/msget?fid=5306818587792824&source=209678993&imageType=origin&ts=1780758669203" err="TypeError: Failed to fetch"
time=2026-06-06T23:11:09.818+08:00 level=WARN msg="浏览器内 fetch 下载 fid 失败" fid=5306818587792824 url="https://upload.api.weibo.com/2/mss/msget?fid=5306818587792824&touid=4761715839862414&ts=1780758669203" err="TypeError: Failed to fetch"
time=2026-06-06T23:11:09.902+08:00 level=WARN msg="浏览器内 fetch 下载 fid 失败" fid=5306818587792824 url="https://upload.api.weibo.com/2/mss/msget?fid=5306818587792824&source=209678993&touid=4761715839862414&imageType=origin&ts=1780758669203" err="TypeError: Failed to fetch"
time=2026-06-06T23:11:09.903+08:00 level=WARN msg="浏览器内 fid 下载全部失败，尝试直接 HTTP 下载" fid=5306818587792824 err="TypeError: Failed to fetch"
time=2026-06-06T23:11:10.305+08:00 level=INFO msg="fid 媒体已通过直接 HTTP 回退下载成功" fid=5306818587792824 path=/home/duty/weibo_cron/chat_media_downloads/img_5306818587792824_1780727610000.jpg
time=2026-06-06T23:11:10.306+08:00 level=INFO msg=处理完成一个批次 latest_time="2026-06-06 14:46:49" latest_sender=想早睡C latest_message=董事长大瓜[笑cry] stop=false
time=2026-06-06T23:11:12.845+08:00 level=INFO msg=处理完成一个批次 latest_time="2026-06-06 14:02:10" latest_sender=古拉TE latest_message=「旁边这个是谁？后来 stop=false
time=2026-06-06T23:11:14.877+08:00 level=INFO msg=处理完成一个批次 latest_time="2026-06-06 12:35:26" latest_sender=蚂蚱飞_ latest_message=「上次他吃炸鸡后面发 stop=false
time=2026-06-06T23:11:16.530+08:00 level=INFO msg=处理完成一个批次 latest_time="2026-06-06 12:18:37" latest_sender=寻孤找读者_ latest_message=有钱一起赚 stop=false
time=2026-06-06T23:11:18.962+08:00 level=INFO msg=处理完成一个批次 latest_time="2026-06-06 12:14:20" latest_sender=雨石plus latest_message=太强了 stop=false
time=2026-06-06T23:11:20.854+08:00 level=INFO msg=处理完成一个批次 latest_time="2026-06-06 12:03:53" latest_sender=寻孤找读者_ latest_message=这波浪潮还可以持续多 stop=false
time=2026-06-06T23:11:22.899+08:00 level=INFO msg=处理完成一个批次 latest_time="2026-06-06 11:57:00" latest_sender=书包会唱歌呀 latest_message=队伍还是稍微年轻了点 stop=false
time=2026-06-06T23:11:24.588+08:00 level=INFO msg=处理完成一个批次 latest_time="2026-06-06 11:34:56" latest_sender=七床技师 latest_message=奥拉朱旺还收徒吗，文 stop=false
time=2026-06-06T23:11:26.463+08:00 level=INFO msg=处理完成一个批次 latest_time="2026-06-06 11:25:50" latest_sender=SnowChou latest_message=http://weibo.com/1788911247/R2 stop=false
time=2026-06-06T23:11:28.386+08:00 level=INFO msg=处理完成一个批次 latest_time="2026-06-06 11:13:22" latest_sender=梦星河200602 latest_message="所以 arkk 还是不行，dra" stop=false
time=2026-06-06T23:11:31.928+08:00 level=INFO msg=处理完成一个批次 latest_time="2026-06-06 11:01:09" latest_sender=实数在奶孩子 latest_message="「「@冰火岛的曾阿牛 \xe5" stop=false
time=2026-06-06T23:11:35.024+08:00 level=INFO msg=处理完成一个批次 latest_time="2026-06-06 10:52:25" latest_sender=复数枝桠 latest_message=分享图片 stop=false
time=2026-06-06T23:11:36.776+08:00 level=INFO msg=处理完成一个批次 latest_time="2026-06-06 10:34:52" latest_sender=粉丝群 latest_message=涉及资金问题请务必提 stop=false
time=2026-06-06T23:11:40.828+08:00 level=INFO msg=处理完成一个批次 latest_time="2026-06-06 10:13:48" latest_sender=fuhku latest_message="「图片」\n- - - - - - - - -" stop=false
time=2026-06-06T23:11:43.737+08:00 level=INFO msg=处理完成一个批次 latest_time="2026-06-06 09:10:29" latest_sender=阿尼亚是安妮亞 latest_message="jieba分词的思路也可以\xef" stop=false
time=2026-06-06T23:12:00.559+08:00 level=WARN msg="通过响应监听下载 fid 失败，尝试回退到浏览器内 fetch" fid=5306648564597078 err="timeout:Timeout 15000.00ms exceeded."
time=2026-06-06T23:12:00.640+08:00 level=WARN msg="浏览器内 fetch 下载 fid 失败" fid=5306648564597078 url="https://upload.api.weibo.com/2/mss/msget?fid=5306648564597078&source=209678993&imageType=origin&ts=1780758720560" err="TypeError: Failed to fetch"
time=2026-06-06T23:12:00.685+08:00 level=WARN msg="浏览器内 fetch 下载 fid 失败" fid=5306648564597078 url="https://upload.api.weibo.com/2/mss/msget?fid=5306648564597078&touid=4761715839862414&ts=1780758720560" err="TypeError: Failed to fetch"
time=2026-06-06T23:12:00.816+08:00 level=WARN msg="浏览器内 fetch 下载 fid 失败" fid=5306648564597078 url="https://upload.api.weibo.com/2/mss/msget?fid=5306648564597078&source=209678993&touid=4761715839862414&imageType=origin&ts=1780758720560" err="TypeError: Failed to fetch"
time=2026-06-06T23:12:00.816+08:00 level=WARN msg="浏览器内 fid 下载全部失败，尝试直接 HTTP 下载" fid=5306648564597078 err="TypeError: Failed to fetch"
time=2026-06-06T23:12:00.928+08:00 level=INFO msg="fid 媒体已通过直接 HTTP 回退下载成功" fid=5306648564597078 path=/home/duty/weibo_cron/chat_media_downloads/img_5306648564597078_茧房日报260605.pdf
time=2026-06-06T23:12:00.928+08:00 level=INFO msg=处理完成一个批次 latest_time="2026-06-06 07:53:08" latest_sender=冰火岛的曾阿牛 latest_message=「对于我来说就是加仓 stop=false
time=2026-06-06T23:12:02.813+08:00 level=INFO msg=处理完成一个批次 latest_time="2026-06-06 00:49:47" latest_sender=樱桃树rani latest_message="「我得买个VPN 用了」\n-" stop=false
time=2026-06-06T23:12:04.819+08:00 level=INFO msg=处理完成一个批次 latest_time="2026-06-06 00:18:54" latest_sender=星逸几度秋_ latest_message=猜测是从老山出发的那 stop=false
time=2026-06-06T23:12:11.995+08:00 level=INFO msg=处理完成一个批次 latest_time="2026-06-05 23:59:22" latest_sender=Tomelephant latest_message=我本来有大湾区蓝卡的 stop=false
time=2026-06-06T23:12:13.696+08:00 level=INFO msg=处理完成一个批次 latest_time="2026-06-05 23:35:41" latest_sender=Tomelephant latest_message=就怕那一瞬间。我是弄 stop=false
time=2026-06-06T23:12:16.035+08:00 level=INFO msg=处理完成一个批次 latest_time="2026-06-05 23:28:50" latest_sender=花小生鱼 latest_message=分享图片 stop=false
time=2026-06-06T23:12:18.234+08:00 level=INFO msg=处理完成一个批次 latest_time="2026-06-05 23:18:43" latest_sender=Tomelephant latest_message=服务是很好，已经回复 stop=true
time=2026-06-06T23:12:18.259+08:00 level=INFO msg=群聊历史抓取完成 new_count=712 history_dir=/home/duty/weibo_cron/clean_history state_file=/home/duty/weibo_cron/group_chat_state.json
time=2026-06-06T23:12:20.155+08:00 level=INFO msg=群聊摘要推送完成 message_count=1
time=2026-06-07T23:10:03.702+08:00 level=INFO msg=群聊模式配置加载完成 config=config.groupchat.yaml
time=2026-06-07T23:10:08.417+08:00 level=INFO msg=打开微博群聊页面 url="https://api.weibo.com/chat/#/chat?check_gid=4761715839862414&source_from=11" user_data_dir=/home/duty/weibo_cron/weibo_user_data browser_channel=chrome
time=2026-06-07T23:10:09.387+08:00 level=INFO msg=如未登录，请在打开的浏览器中完成登录；程序正在等待群聊消息接口返回
time=2026-06-07T23:10:10.389+08:00 level=INFO msg=群聊页面已加载，开始抓取历史消息
time=2026-06-07T23:10:22.103+08:00 level=INFO msg=处理完成一个批次 latest_time="2026-06-07 23:03:14" latest_sender=达包咩 latest_message="Karl here from the giffgaff te" stop=false
time=2026-06-07T23:10:22.797+08:00 level=INFO msg=处理完成一个批次 latest_time="2026-06-07 22:22:17" latest_sender=拾人牙慧的复读机 latest_message=「真的是晚上吃太好了 stop=false
time=2026-06-07T23:10:25.486+08:00 level=INFO msg=处理完成一个批次 latest_time="2026-06-07 22:09:27" latest_sender=黑眼圈要减肥Hyc latest_message=我的是消费几次就免年 stop=false
time=2026-06-07T23:10:29.423+08:00 level=INFO msg=处理完成一个批次 latest_time="2026-06-07 21:43:49" latest_sender=一只两只只只吱 latest_message=分享图片 stop=false
time=2026-06-07T23:10:32.345+08:00 level=INFO msg=处理完成一个批次 latest_time="2026-06-07 20:58:44" latest_sender=星逸几度秋_ latest_message=小时候就被鱼刺卡过去 stop=false
time=2026-06-07T23:10:34.273+08:00 level=INFO msg=处理完成一个批次 latest_time="2026-06-07 19:49:21" latest_sender=干拌面过冷水 latest_message=森中有林 stop=false
time=2026-06-07T23:10:37.328+08:00 level=INFO msg=处理完成一个批次 latest_time="2026-06-07 18:41:12" latest_sender=等下就去吃饭 latest_message=http://weibo.com/1881093484/R3 stop=false
time=2026-06-07T23:10:39.560+08:00 level=INFO msg=处理完成一个批次 latest_time="2026-06-07 16:48:31" latest_sender=o0李筱楼0o latest_message=教我妈用deepseek[哈哈] stop=false
time=2026-06-07T23:10:42.733+08:00 level=INFO msg=处理完成一个批次 latest_time="2026-06-07 15:44:05" latest_sender=____方格 latest_message=？ stop=false
time=2026-06-07T23:10:45.336+08:00 level=INFO msg=处理完成一个批次 latest_time="2026-06-07 15:11:24" latest_sender=云荷幽 latest_message="「「@星逸几度秋_ 可以" stop=false
time=2026-06-07T23:10:47.173+08:00 level=INFO msg=处理完成一个批次 latest_time="2026-06-07 14:27:10" latest_sender=陈陈想吃西瓜 latest_message="[流鼻血] 搞了两个号不" stop=false
time=2026-06-07T23:10:48.841+08:00 level=INFO msg=处理完成一个批次 latest_time="2026-06-07 13:28:52" latest_sender=一只方阿 latest_message=[笑cry] stop=false
time=2026-06-07T23:10:50.523+08:00 level=INFO msg=处理完成一个批次 latest_time="2026-06-07 13:17:08" latest_sender=古拉TE latest_message="「「@冰火岛的曾阿牛 \xe6" stop=false
time=2026-06-07T23:10:52.180+08:00 level=INFO msg=处理完成一个批次 latest_time="2026-06-07 13:04:32" latest_sender=孟昭俊 latest_message="「「用ccswitch+Codex+DS API" stop=false
time=2026-06-07T23:10:55.939+08:00 level=INFO msg=处理完成一个批次 latest_time="2026-06-07 11:27:47" latest_sender=星逸几度秋_ latest_message=咨询一下朋友们，复合 stop=false
time=2026-06-07T23:10:57.624+08:00 level=INFO msg=处理完成一个批次 latest_time="2026-06-07 08:48:03" latest_sender=七床技师 latest_message=早 stop=false
time=2026-06-07T23:11:14.337+08:00 level=WARN msg="通过响应监听下载 fid 失败，尝试回退到浏览器内 fetch" fid=5307009039335606 err="timeout:Timeout 15000.00ms exceeded."
time=2026-06-07T23:11:14.428+08:00 level=WARN msg="浏览器内 fetch 下载 fid 失败" fid=5307009039335606 url="https://upload.api.weibo.com/2/mss/msget?fid=5307009039335606&source=209678993&imageType=origin&ts=1780845074337" err="TypeError: Failed to fetch"
time=2026-06-07T23:11:14.475+08:00 level=WARN msg="浏览器内 fetch 下载 fid 失败" fid=5307009039335606 url="https://upload.api.weibo.com/2/mss/msget?fid=5307009039335606&touid=4761715839862414&ts=1780845074337" err="TypeError: Failed to fetch"
time=2026-06-07T23:11:14.586+08:00 level=WARN msg="浏览器内 fetch 下载 fid 失败" fid=5307009039335606 url="https://upload.api.weibo.com/2/mss/msget?fid=5307009039335606&source=209678993&touid=4761715839862414&imageType=origin&ts=1780845074337" err="TypeError: Failed to fetch"
time=2026-06-07T23:11:14.586+08:00 level=WARN msg="浏览器内 fid 下载全部失败，尝试直接 HTTP 下载" fid=5307009039335606 err="TypeError: Failed to fetch"
time=2026-06-07T23:11:14.911+08:00 level=INFO msg="fid 媒体已通过直接 HTTP 回退下载成功" fid=5307009039335606 path=/home/duty/weibo_cron/chat_media_downloads/img_5307009039335606_茧房日报260606.pdf
time=2026-06-07T23:11:15.108+08:00 level=INFO msg=处理完成一个批次 latest_time="2026-06-07 06:42:42" latest_sender=不吃西红柿会死星人 latest_message=早 stop=false
time=2026-06-07T23:11:17.635+08:00 level=INFO msg=处理完成一个批次 latest_time="2026-06-07 00:29:02" latest_sender=我爱吃肠粉001 latest_message=分享图片 stop=false
time=2026-06-07T23:11:21.079+08:00 level=INFO msg=处理完成一个批次 latest_time="2026-06-07 00:11:13" latest_sender=nkaifang latest_message=拱有兴趣可以看看良子 stop=false
time=2026-06-07T23:11:22.990+08:00 level=INFO msg=处理完成一个批次 latest_time="2026-06-06 23:10:12" latest_sender=我爱吃肠粉001 latest_message=分享图片 stop=true
time=2026-06-07T23:11:23.002+08:00 level=INFO msg=群聊历史抓取完成 new_count=381 history_dir=/home/duty/weibo_cron/clean_history state_file=/home/duty/weibo_cron/group_chat_state.json
time=2026-06-07T23:11:53.271+08:00 level=ERROR msg=执行群聊抓取失败 err="推送群聊摘要失败: 发送 Telegram 媒体失败: Post \"https://api.telegram.org/bot8204662091:AAFzpy1Avsi92-doxgv3ku-aGPv6n3l0cLI/sendPhoto\": dial tcp 198.18.0.8:443: i/o timeout (Client.Timeout exceeded while awaiting headers)"
time=2026-06-08T23:10:03.871+08:00 level=INFO msg=群聊模式配置加载完成 config=config.groupchat.yaml
time=2026-06-08T23:10:08.615+08:00 level=INFO msg=打开微博群聊页面 url="https://api.weibo.com/chat/#/chat?check_gid=4761715839862414&source_from=11" user_data_dir=/home/duty/weibo_cron/weibo_user_data browser_channel=chrome
time=2026-06-08T23:10:09.574+08:00 level=INFO msg=如未登录，请在打开的浏览器中完成登录；程序正在等待群聊消息接口返回
time=2026-06-08T23:10:10.788+08:00 level=INFO msg=群聊页面已加载，开始抓取历史消息
time=2026-06-08T23:10:10.901+08:00 level=INFO msg=处理完成一个批次 latest_time="2026-06-08 23:07:13" latest_sender=阿尼亚是安妮亞 latest_message=「@雨石plus:http://t.cn/AXX stop=false
time=2026-06-08T23:10:11.678+08:00 level=INFO msg=处理完成一个批次 latest_time="2026-06-08 22:11:54" latest_sender=茴字的1970种写法 latest_message=篝火别当真，光源高度 stop=false
time=2026-06-08T23:10:14.911+08:00 level=INFO msg=处理完成一个批次 latest_time="2026-06-08 22:02:56" latest_sender=阿尼亚是安妮亞 latest_message=不用呀，大路灯本来就 stop=false
time=2026-06-08T23:10:16.968+08:00 level=INFO msg=处理完成一个批次 latest_time="2026-06-08 21:35:35" latest_sender=一只劒鯮 latest_message=就是需要贴防滑贴 stop=false
time=2026-06-08T23:10:19.025+08:00 level=INFO msg=处理完成一个批次 latest_time="2026-06-08 21:04:43" latest_sender=陈陈想吃西瓜 latest_message="陈陈想吃西瓜 撤回了\xe4\xb8" stop=false
time=2026-06-08T23:10:21.035+08:00 level=INFO msg=处理完成一个批次 latest_time="2026-06-08 20:37:29" latest_sender=在公车上吃花生酱的浣熊 latest_message="「群佬们，预算600- 1200" stop=false
time=2026-06-08T23:10:22.983+08:00 level=INFO msg=处理完成一个批次 latest_time="2026-06-08 20:04:51" latest_sender=古拉TE latest_message=一岁小朋友可以送滑梯 stop=false
time=2026-06-08T23:10:24.848+08:00 level=INFO msg=处理完成一个批次 latest_time="2026-06-08 19:45:36" latest_sender=梦星河200602 latest_message=送贝儿就很出片 stop=false
time=2026-06-08T23:10:27.400+08:00 level=INFO msg=处理完成一个批次 latest_time="2026-06-08 19:40:26" latest_sender=雨石plus latest_message="我主要想玩 csgo，哈哈\xe5" stop=false
time=2026-06-08T23:10:29.324+08:00 level=INFO msg=处理完成一个批次 latest_time="2026-06-08 19:29:36" latest_sender=胖达心态要好 latest_message=确实可以买个小金豆， stop=false
time=2026-06-08T23:10:31.543+08:00 level=INFO msg=处理完成一个批次 latest_time="2026-06-08 19:07:24" latest_sender=茴字的1970种写法 latest_message=如果真如你猜的话。 stop=false
time=2026-06-08T23:10:33.424+08:00 level=INFO msg=处理完成一个批次 latest_time="2026-06-08 18:57:30" latest_sender=修蒙的gentle latest_message="「图片」\n- - - - - - - - -" stop=false
time=2026-06-08T23:10:35.352+08:00 level=INFO msg=处理完成一个批次 latest_time="2026-06-08 18:49:01" latest_sender=干拌面过冷水 latest_message=低消两块钱，所以拿了 stop=false
time=2026-06-08T23:10:37.828+08:00 level=INFO msg=处理完成一个批次 latest_time="2026-06-08 18:40:59" latest_sender=WojakW latest_message=近两年没关注，发现待 stop=false
time=2026-06-08T23:10:39.918+08:00 level=INFO msg=处理完成一个批次 latest_time="2026-06-08 18:12:16" latest_sender=阿尼亚是安妮亞 latest_message=「@雨石plus:鼠标是微软 stop=false
time=2026-06-08T23:10:56.647+08:00 level=WARN msg="通过响应监听下载 fid 失败，尝试回退到浏览器内 fetch" fid=5307594375956590 err="timeout:Timeout 15000.00ms exceeded."
time=2026-06-08T23:10:56.760+08:00 level=WARN msg="浏览器内 fetch 下载 fid 失败" fid=5307594375956590 url="https://upload.api.weibo.com/2/mss/msget?fid=5307594375956590&source=209678993&imageType=origin&ts=1780931456647" err="TypeError: Failed to fetch"
time=2026-06-08T23:10:56.803+08:00 level=WARN msg="浏览器内 fetch 下载 fid 失败" fid=5307594375956590 url="https://upload.api.weibo.com/2/mss/msget?fid=5307594375956590&touid=4761715839862414&ts=1780931456647" err="TypeError: Failed to fetch"
time=2026-06-08T23:10:56.888+08:00 level=WARN msg="浏览器内 fetch 下载 fid 失败" fid=5307594375956590 url="https://upload.api.weibo.com/2/mss/msget?fid=5307594375956590&source=209678993&touid=4761715839862414&imageType=origin&ts=1780931456647" err="TypeError: Failed to fetch"
time=2026-06-08T23:10:56.888+08:00 level=WARN msg="浏览器内 fid 下载全部失败，尝试直接 HTTP 下载" fid=5307594375956590 err="TypeError: Failed to fetch"
time=2026-06-08T23:10:57.136+08:00 level=INFO msg="fid 媒体已通过直接 HTTP 回退下载成功" fid=5307594375956590 path=/home/duty/weibo_cron/chat_media_downloads/img_5307594375956590_1780912571360_by_filter.jpg
time=2026-06-08T23:10:57.840+08:00 level=INFO msg=处理完成一个批次 latest_time="2026-06-08 17:56:13" latest_sender=小大饼 latest_message=分享图片 stop=false
time=2026-06-08T23:11:00.250+08:00 level=INFO msg=处理完成一个批次 latest_time="2026-06-08 17:37:08" latest_sender=Nolan_lopez latest_message="黄金，我24年底开始权\xe8" stop=false
time=2026-06-08T23:11:01.911+08:00 level=INFO msg=处理完成一个批次 latest_time="2026-06-08 17:05:52" latest_sender=我爱吃肠粉001 latest_message=香港买的就可以更高， stop=false
time=2026-06-08T23:11:04.195+08:00 level=INFO msg=处理完成一个批次 latest_time="2026-06-08 16:55:38" latest_sender=fuhku latest_message="「图片」\n- - - - - - - - -" stop=false
time=2026-06-08T23:11:21.031+08:00 level=WARN msg="通过响应监听下载 fid 失败，尝试回退到浏览器内 fetch" fid=5307577183242107 err="timeout:Timeout 15000.00ms exceeded."
time=2026-06-08T23:11:21.195+08:00 level=WARN msg="浏览器内 fetch 下载 fid 失败" fid=5307577183242107 url="https://upload.api.weibo.com/2/mss/msget?fid=5307577183242107&source=209678993&imageType=origin&ts=1780931481031" err="TypeError: Failed to fetch"
time=2026-06-08T23:11:21.235+08:00 level=WARN msg="浏览器内 fetch 下载 fid 失败" fid=5307577183242107 url="https://upload.api.weibo.com/2/mss/msget?fid=5307577183242107&touid=4761715839862414&ts=1780931481031" err="TypeError: Failed to fetch"
time=2026-06-08T23:11:21.305+08:00 level=WARN msg="浏览器内 fetch 下载 fid 失败" fid=5307577183242107 url="https://upload.api.weibo.com/2/mss/msget?fid=5307577183242107&source=209678993&touid=4761715839862414&imageType=origin&ts=1780931481031" err="TypeError: Failed to fetch"
time=2026-06-08T23:11:21.305+08:00 level=WARN msg="浏览器内 fid 下载全部失败，尝试直接 HTTP 下载" fid=5307577183242107 err="TypeError: Failed to fetch"
time=2026-06-08T23:11:21.462+08:00 level=INFO msg="fid 媒体已通过直接 HTTP 回退下载成功" fid=5307577183242107 path=/home/duty/weibo_cron/chat_media_downloads/img_5307577183242107_驱蚊液评测.pdf
time=2026-06-08T23:11:21.652+08:00 level=INFO msg=处理完成一个批次 latest_time="2026-06-08 16:51:04" latest_sender=拱bot latest_message="@空指针上太空 对的" stop=false
time=2026-06-08T23:11:23.610+08:00 level=INFO msg=处理完成一个批次 latest_time="2026-06-08 16:39:53" latest_sender=一只方阿 latest_message=娜娜的会员只要100吗？ stop=false
time=2026-06-08T23:11:25.394+08:00 level=INFO msg=处理完成一个批次 latest_time="2026-06-08 16:29:17" latest_sender=我爱吃肠粉001 latest_message=就是味道难闻。 stop=false
time=2026-06-08T23:11:27.080+08:00 level=INFO msg=处理完成一个批次 latest_time="2026-06-08 16:04:52" latest_sender=梦星河200602 latest_message=「证监会主席也决定不 stop=false
time=2026-06-08T23:11:28.946+08:00 level=INFO msg=处理完成一个批次 latest_time="2026-06-08 15:48:11" latest_sender=万物既渺小又伟大 latest_message="「领导说 要防范化解\xe9\x87" stop=false
time=2026-06-08T23:11:30.603+08:00 level=INFO msg=处理完成一个批次 latest_time="2026-06-08 15:41:01" latest_sender=梦星河200602 latest_message=要么就去长鑫这种公司 stop=false
time=2026-06-08T23:11:32.550+08:00 level=INFO msg=处理完成一个批次 latest_time="2026-06-08 15:28:07" latest_sender=胖达心态要好 latest_message=博时的app太难用了 stop=false
time=2026-06-08T23:11:34.365+08:00 level=INFO msg=处理完成一个批次 latest_time="2026-06-08 15:05:45" latest_sender=拱bot latest_message=「今天真是跌晕了，还 stop=false
time=2026-06-08T23:11:36.101+08:00 level=INFO msg=处理完成一个批次 latest_time="2026-06-08 14:28:01" latest_sender=古拉TE latest_message="「空 x 套路，感觉不太" stop=false
time=2026-06-08T23:11:37.786+08:00 level=INFO msg=处理完成一个批次 latest_time="2026-06-08 13:50:37" latest_sender=陈陈想吃西瓜 latest_message="ai现在写数学题是不是\xe5" stop=false
time=2026-06-08T23:11:39.612+08:00 level=INFO msg=处理完成一个批次 latest_time="2026-06-08 13:24:42" latest_sender=fuhku latest_message=「现在开什么账户最好 stop=false
time=2026-06-08T23:11:56.566+08:00 level=WARN msg="通过响应监听下载 fid 失败，尝试回退到浏览器内 fetch" fid=5307514461882351 err="timeout:Timeout 15000.00ms exceeded."
time=2026-06-08T23:11:56.689+08:00 level=WARN msg="浏览器内 fetch 下载 fid 失败" fid=5307514461882351 url="https://upload.api.weibo.com/2/mss/msget?fid=5307514461882351&source=209678993&imageType=origin&ts=1780931516567" err="TypeError: Failed to fetch"
time=2026-06-08T23:11:56.736+08:00 level=WARN msg="浏览器内 fetch 下载 fid 失败" fid=5307514461882351 url="https://upload.api.weibo.com/2/mss/msget?fid=5307514461882351&touid=4761715839862414&ts=1780931516567" err="TypeError: Failed to fetch"
time=2026-06-08T23:11:56.820+08:00 level=WARN msg="浏览器内 fetch 下载 fid 失败" fid=5307514461882351 url="https://upload.api.weibo.com/2/mss/msget?fid=5307514461882351&source=209678993&touid=4761715839862414&imageType=origin&ts=1780931516567" err="TypeError: Failed to fetch"
time=2026-06-08T23:11:56.820+08:00 level=WARN msg="浏览器内 fid 下载全部失败，尝试直接 HTTP 下载" fid=5307514461882351 err="TypeError: Failed to fetch"
time=2026-06-08T23:11:56.893+08:00 level=INFO msg="fid 媒体已通过直接 HTTP 回退下载成功" fid=5307514461882351 path=/home/duty/weibo_cron/chat_media_downloads/img_5307514461882351_1780893543000.jpg
time=2026-06-08T23:11:56.893+08:00 level=INFO msg=处理完成一个批次 latest_time="2026-06-08 12:58:33" latest_sender=ScaryLeopard419 latest_message=分享图片 stop=false
time=2026-06-08T23:11:59.922+08:00 level=INFO msg=处理完成一个批次 latest_time="2026-06-08 12:27:31" latest_sender=小大饼 latest_message="「微博」\n- - - - - - - - -" stop=false
time=2026-06-08T23:12:01.896+08:00 level=INFO msg=处理完成一个批次 latest_time="2026-06-08 12:14:24" latest_sender=下一个被泡泡带走的灵魂 latest_message=爬楼看到出国旅行…… stop=false
time=2026-06-08T23:12:03.690+08:00 level=INFO msg=处理完成一个批次 latest_time="2026-06-08 11:35:58" latest_sender=茴字的1970种写法 latest_message=他心里觉得非常惊奇， stop=false
time=2026-06-08T23:12:06.782+08:00 level=INFO msg=处理完成一个批次 latest_time="2026-06-08 11:13:17" latest_sender=我爱吃肠粉001 latest_message=阿总好像刚刚遭遇PWM魔 stop=false
time=2026-06-08T23:12:09.295+08:00 level=INFO msg=处理完成一个批次 latest_time="2026-06-08 10:58:20" latest_sender=达包咩 latest_message=咦，这个网站应该是可 stop=false
time=2026-06-08T23:12:11.135+08:00 level=INFO msg=处理完成一个批次 latest_time="2026-06-08 10:46:52" latest_sender=architect645 latest_message="我只洗了过滤网[流鼻\xe8\xa1" stop=false
time=2026-06-08T23:12:13.115+08:00 level=INFO msg=处理完成一个批次 latest_time="2026-06-08 10:30:07" latest_sender=万物既渺小又伟大 latest_message=「所以顶着溢价买，希 stop=false
time=2026-06-08T23:12:15.353+08:00 level=INFO msg=处理完成一个批次 latest_time="2026-06-08 10:06:17" latest_sender=黑眼圈要减肥Hyc latest_message=分享图片 stop=false
time=2026-06-08T23:12:17.267+08:00 level=INFO msg=处理完成一个批次 latest_time="2026-06-08 09:16:27" latest_sender=干拌面过冷水 latest_message=[柯基]促 stop=false
time=2026-06-08T23:12:19.341+08:00 level=INFO msg=处理完成一个批次 latest_time="2026-06-08 08:58:04" latest_sender=拾人牙慧的复读机 latest_message=好便宜[哆啦A梦害怕] stop=false
time=2026-06-08T23:12:36.066+08:00 level=WARN msg="通过响应监听下载 fid 失败，尝试回退到浏览器内 fetch" fid=5307455195055963 err="timeout:Timeout 15000.00ms exceeded."
time=2026-06-08T23:12:36.153+08:00 level=WARN msg="浏览器内 fetch 下载 fid 失败" fid=5307455195055963 url="https://upload.api.weibo.com/2/mss/msget?fid=5307455195055963&source=209678993&imageType=origin&ts=1780931556066" err="TypeError: Failed to fetch"
time=2026-06-08T23:12:36.198+08:00 level=WARN msg="浏览器内 fetch 下载 fid 失败" fid=5307455195055963 url="https://upload.api.weibo.com/2/mss/msget?fid=5307455195055963&touid=4761715839862414&ts=1780931556066" err="TypeError: Failed to fetch"
time=2026-06-08T23:12:36.315+08:00 level=WARN msg="浏览器内 fetch 下载 fid 失败" fid=5307455195055963 url="https://upload.api.weibo.com/2/mss/msget?fid=5307455195055963&source=209678993&touid=4761715839862414&imageType=origin&ts=1780931556066" err="TypeError: Failed to fetch"
time=2026-06-08T23:12:36.315+08:00 level=WARN msg="浏览器内 fid 下载全部失败，尝试直接 HTTP 下载" fid=5307455195055963 err="TypeError: Failed to fetch"
time=2026-06-08T23:12:36.410+08:00 level=INFO msg="fid 媒体已通过直接 HTTP 回退下载成功" fid=5307455195055963 path=/home/duty/weibo_cron/chat_media_downloads/img_5307455195055963_1780879387147_by_filter.jpg
time=2026-06-08T23:12:36.548+08:00 level=INFO msg=处理完成一个批次 latest_time="2026-06-08 08:43:45" latest_sender=拾人牙慧的复读机 latest_message=[动画表情] stop=false
time=2026-06-08T23:12:38.212+08:00 level=INFO msg=处理完成一个批次 latest_time="2026-06-08 08:14:01" latest_sender=iiiilic latest_message=早 stop=false
time=2026-06-08T23:12:39.954+08:00 level=INFO msg=处理完成一个批次 latest_time="2026-06-08 07:28:43" latest_sender=不要我哦 latest_message=早 stop=false
time=2026-06-08T23:12:56.678+08:00 level=WARN msg="通过响应监听下载 fid 失败，尝试回退到浏览器内 fetch" fid=5307370692674669 err="timeout:Timeout 15000.00ms exceeded."
time=2026-06-08T23:12:56.755+08:00 level=WARN msg="浏览器内 fetch 下载 fid 失败" fid=5307370692674669 url="https://upload.api.weibo.com/2/mss/msget?fid=5307370692674669&source=209678993&imageType=origin&ts=1780931576678" err="TypeError: Failed to fetch"
time=2026-06-08T23:12:56.802+08:00 level=WARN msg="浏览器内 fetch 下载 fid 失败" fid=5307370692674669 url="https://upload.api.weibo.com/2/mss/msget?fid=5307370692674669&touid=4761715839862414&ts=1780931576678" err="TypeError: Failed to fetch"
time=2026-06-08T23:12:56.876+08:00 level=WARN msg="浏览器内 fetch 下载 fid 失败" fid=5307370692674669 url="https://upload.api.weibo.com/2/mss/msget?fid=5307370692674669&source=209678993&touid=4761715839862414&imageType=origin&ts=1780931576678" err="TypeError: Failed to fetch"
time=2026-06-08T23:12:56.876+08:00 level=WARN msg="浏览器内 fid 下载全部失败，尝试直接 HTTP 下载" fid=5307370692674669 err="TypeError: Failed to fetch"
time=2026-06-08T23:12:56.958+08:00 level=INFO msg="fid 媒体已通过直接 HTTP 回退下载成功" fid=5307370692674669 path=/home/duty/weibo_cron/chat_media_downloads/img_5307370692674669_茧房日报260607.pdf
time=2026-06-08T23:13:12.016+08:00 level=WARN msg="通过响应监听下载 fid 失败，尝试回退到浏览器内 fetch" fid=5307323808750640 err="timeout:Timeout 15000.00ms exceeded."
time=2026-06-08T23:13:12.182+08:00 level=WARN msg="浏览器内 fetch 下载 fid 失败" fid=5307323808750640 url="https://upload.api.weibo.com/2/mss/msget?fid=5307323808750640&source=209678993&imageType=origin&ts=1780931592016" err="TypeError: Failed to fetch"
time=2026-06-08T23:13:12.231+08:00 level=WARN msg="浏览器内 fetch 下载 fid 失败" fid=5307323808750640 url="https://upload.api.weibo.com/2/mss/msget?fid=5307323808750640&touid=4761715839862414&ts=1780931592016" err="TypeError: Failed to fetch"
time=2026-06-08T23:13:12.315+08:00 level=WARN msg="浏览器内 fetch 下载 fid 失败" fid=5307323808750640 url="https://upload.api.weibo.com/2/mss/msget?fid=5307323808750640&source=209678993&touid=4761715839862414&imageType=origin&ts=1780931592016" err="TypeError: Failed to fetch"
time=2026-06-08T23:13:12.316+08:00 level=WARN msg="浏览器内 fid 下载全部失败，尝试直接 HTTP 下载" fid=5307323808750640 err="TypeError: Failed to fetch"
time=2026-06-08T23:13:12.423+08:00 level=INFO msg="fid 媒体已通过直接 HTTP 回退下载成功" fid=5307323808750640 path=/home/duty/weibo_cron/chat_media_downloads/img_5307323808750640_七日丝_260607.pdf
time=2026-06-08T23:13:12.424+08:00 level=INFO msg=处理完成一个批次 latest_time="2026-06-08 04:07:43" latest_sender=粉丝群 latest_message="@步小想 是本轮最佳手\xe6" stop=false
time=2026-06-08T23:13:14.750+08:00 level=INFO msg=处理完成一个批次 latest_time="2026-06-07 23:59:37" latest_sender=拾人牙慧的复读机 latest_message=分享图片 stop=true
time=2026-06-08T23:13:14.780+08:00 level=INFO msg=群聊历史抓取完成 new_count=916 history_dir=/home/duty/weibo_cron/clean_history state_file=/home/duty/weibo_cron/group_chat_state.json
time=2026-06-08T23:13:16.496+08:00 level=INFO msg=群聊摘要推送完成 message_count=1
time=2026-06-09T23:10:03.871+08:00 level=INFO msg=群聊模式配置加载完成 config=config.groupchat.yaml
time=2026-06-09T23:10:08.753+08:00 level=INFO msg=打开微博群聊页面 url="https://api.weibo.com/chat/#/chat?check_gid=4761715839862414&source_from=11" user_data_dir=/home/duty/weibo_cron/weibo_user_data browser_channel=chrome
time=2026-06-09T23:10:09.870+08:00 level=INFO msg=如未登录，请在打开的浏览器中完成登录；程序正在等待群聊消息接口返回
time=2026-06-09T23:10:11.140+08:00 level=INFO msg=群聊页面已加载，开始抓取历史消息
time=2026-06-09T23:10:11.292+08:00 level=INFO msg=处理完成一个批次 latest_time="2026-06-09 23:07:48" latest_sender=拾人牙慧的复读机 latest_message="拾人牙慧的复读机 撤\xe5\x9b" stop=false
time=2026-06-09T23:10:11.945+08:00 level=INFO msg=处理完成一个批次 latest_time="2026-06-09 22:36:21" latest_sender=我爱吃肠粉001 latest_message=不知道，我也没观点和 stop=false
time=2026-06-09T23:10:15.452+08:00 level=INFO msg=处理完成一个批次 latest_time="2026-06-09 22:24:17" latest_sender=vb____ latest_message="2.06元，@阿尼亚是安妮\xe4" stop=false
time=2026-06-09T23:10:32.221+08:00 level=WARN msg="通过响应监听下载 fid 失败，尝试回退到浏览器内 fetch" fid=5308013632297499 err="timeout:Timeout 15000.00ms exceeded."
time=2026-06-09T23:10:32.314+08:00 level=WARN msg="浏览器内 fetch 下载 fid 失败" fid=5308013632297499 url="https://upload.api.weibo.com/2/mss/msget?fid=5308013632297499&source=209678993&imageType=origin&ts=1781017832221" err="TypeError: Failed to fetch"
time=2026-06-09T23:10:32.353+08:00 level=WARN msg="浏览器内 fetch 下载 fid 失败" fid=5308013632297499 url="https://upload.api.weibo.com/2/mss/msget?fid=5308013632297499&touid=4761715839862414&ts=1781017832221" err="TypeError: Failed to fetch"
time=2026-06-09T23:10:32.418+08:00 level=WARN msg="浏览器内 fetch 下载 fid 失败" fid=5308013632297499 url="https://upload.api.weibo.com/2/mss/msget?fid=5308013632297499&source=209678993&touid=4761715839862414&imageType=origin&ts=1781017832221" err="TypeError: Failed to fetch"
time=2026-06-09T23:10:32.418+08:00 level=WARN msg="浏览器内 fid 下载全部失败，尝试直接 HTTP 下载" fid=5308013632297499 err="TypeError: Failed to fetch"
time=2026-06-09T23:10:32.718+08:00 level=INFO msg="fid 媒体已通过直接 HTTP 回退下载成功" fid=5308013632297499 path="/home/duty/weibo_cron/chat_media_downloads/img_5308013632297499_交锋三十年改革开放四次大争论亲历记 (马立诚) (z-library.sk, 1lib.sk, z-lib.sk).epub"
time=2026-06-09T23:10:33.086+08:00 level=INFO msg=处理完成一个批次 latest_time="2026-06-09 21:50:27" latest_sender=Tiddy熊和熊宝宝 latest_message=可以节省大家一点时间 stop=false
time=2026-06-09T23:10:36.352+08:00 level=INFO msg=处理完成一个批次 latest_time="2026-06-09 21:11:58" latest_sender=nkaifang latest_message=视频里的女生猛一看还 stop=false
time=2026-06-09T23:10:38.733+08:00 level=INFO msg=处理完成一个批次 latest_time="2026-06-09 20:33:20" latest_sender=小大饼 latest_message=分享图片 stop=false
time=2026-06-09T23:10:40.828+08:00 level=INFO msg=处理完成一个批次 latest_time="2026-06-09 19:08:45" latest_sender=蓦回溯光 latest_message="「图片」\n- - - - - - - - -" stop=false
time=2026-06-09T23:10:44.466+08:00 level=INFO msg=处理完成一个批次 latest_time="2026-06-09 18:28:19" latest_sender=叫我小鸡君吧 latest_message="「图片」\n- - - - - - - - -" stop=false
time=2026-06-09T23:10:46.144+08:00 level=INFO msg=处理完成一个批次 latest_time="2026-06-09 17:52:01" latest_sender=小大饼 latest_message="原来我的 zerotier 也可\xe4\xbb" stop=false
time=2026-06-09T23:10:48.240+08:00 level=INFO msg=处理完成一个批次 latest_time="2026-06-09 17:32:40" latest_sender=蓦回溯光 latest_message=分享图片 stop=false
time=2026-06-09T23:10:50.082+08:00 level=INFO msg=处理完成一个批次 latest_time="2026-06-09 17:18:56" latest_sender=万物既渺小又伟大 latest_message="「图片」\n- - - - - - - - -" stop=false
time=2026-06-09T23:10:51.954+08:00 level=INFO msg=处理完成一个批次 latest_time="2026-06-09 16:59:23" latest_sender=开开kk1 latest_message=建议标准坐姿，平板凳 stop=false
time=2026-06-09T23:10:53.706+08:00 level=INFO msg=处理完成一个批次 latest_time="2026-06-09 15:22:00" latest_sender=雨石plus latest_message="换美版 iPhone 或港版有\xe4" stop=false
time=2026-06-09T23:10:55.424+08:00 level=INFO msg=处理完成一个批次 latest_time="2026-06-09 14:03:13" latest_sender=星逸几度秋_ latest_message=http://weibo.com/1728715190/R3 stop=false
time=2026-06-09T23:10:57.410+08:00 level=INFO msg=处理完成一个批次 latest_time="2026-06-09 13:20:09" latest_sender=星逸几度秋_ latest_message="「图片」\n- - - - - - - - -" stop=false
time=2026-06-09T23:10:59.434+08:00 level=INFO msg=处理完成一个批次 latest_time="2026-06-09 12:48:53" latest_sender=孟昭俊 latest_message="「@nowyoutry 我最近也买\xe4" stop=false
time=2026-06-09T23:11:02.000+08:00 level=INFO msg=处理完成一个批次 latest_time="2026-06-09 12:29:16" latest_sender=羽化的布偶 latest_message=最高15年 stop=false
time=2026-06-09T23:11:04.081+08:00 level=INFO msg=处理完成一个批次 latest_time="2026-06-09 11:51:32" latest_sender=自由的西瓜L latest_message=以前的“国家品牌”， stop=false
time=2026-06-09T23:11:05.992+08:00 level=INFO msg=处理完成一个批次 latest_time="2026-06-09 10:52:24" latest_sender=万物既渺小又伟大 latest_message=咦，管理员干活了 stop=false
time=2026-06-09T23:11:23.156+08:00 level=WARN msg="通过响应监听下载 fid 失败，尝试回退到浏览器内 fetch" fid=5307838474758482 err="timeout:Timeout 15000.00ms exceeded."
time=2026-06-09T23:11:23.256+08:00 level=WARN msg="浏览器内 fetch 下载 fid 失败" fid=5307838474758482 url="https://upload.api.weibo.com/2/mss/msget?fid=5307838474758482&source=209678993&imageType=origin&ts=1781017883156" err="TypeError: Failed to fetch"
time=2026-06-09T23:11:23.296+08:00 level=WARN msg="浏览器内 fetch 下载 fid 失败" fid=5307838474758482 url="https://upload.api.weibo.com/2/mss/msget?fid=5307838474758482&touid=4761715839862414&ts=1781017883156" err="TypeError: Failed to fetch"
time=2026-06-09T23:11:23.419+08:00 level=WARN msg="浏览器内 fetch 下载 fid 失败" fid=5307838474758482 url="https://upload.api.weibo.com/2/mss/msget?fid=5307838474758482&source=209678993&touid=4761715839862414&imageType=origin&ts=1781017883156" err="TypeError: Failed to fetch"
time=2026-06-09T23:11:23.419+08:00 level=WARN msg="浏览器内 fid 下载全部失败，尝试直接 HTTP 下载" fid=5307838474758482 err="TypeError: Failed to fetch"
time=2026-06-09T23:11:23.466+08:00 level=INFO msg="fid 媒体已通过直接 HTTP 回退下载成功" fid=5307838474758482 path=/home/duty/weibo_cron/chat_media_downloads/img_5307838474758482_IMG_8438.PNG
time=2026-06-09T23:11:23.675+08:00 level=INFO msg=处理完成一个批次 latest_time="2026-06-09 10:41:52" latest_sender=四岚1883 latest_message=宁静姐昨天又拉涨停了 stop=false
time=2026-06-09T23:11:25.577+08:00 level=INFO msg=处理完成一个批次 latest_time="2026-06-09 09:27:58" latest_sender=要做一个可爱的人 latest_message="WPS 嗖嗖的把我打开的\xe6\x96" stop=false
time=2026-06-09T23:11:27.250+08:00 level=INFO msg=处理完成一个批次 latest_time="2026-06-09 08:46:09" latest_sender=七床技师 latest_message=早 stop=false
time=2026-06-09T23:11:43.933+08:00 level=WARN msg="通过响应监听下载 fid 失败，尝试回退到浏览器内 fetch" fid=5307802755272992 err="timeout:Timeout 15000.00ms exceeded."
time=2026-06-09T23:11:44.002+08:00 level=WARN msg="浏览器内 fetch 下载 fid 失败" fid=5307802755272992 url="https://upload.api.weibo.com/2/mss/msget?fid=5307802755272992&source=209678993&imageType=origin&ts=1781017903934" err="TypeError: Failed to fetch"
time=2026-06-09T23:11:44.041+08:00 level=WARN msg="浏览器内 fetch 下载 fid 失败" fid=5307802755272992 url="https://upload.api.weibo.com/2/mss/msget?fid=5307802755272992&touid=4761715839862414&ts=1781017903934" err="TypeError: Failed to fetch"
time=2026-06-09T23:11:44.142+08:00 level=WARN msg="浏览器内 fetch 下载 fid 失败" fid=5307802755272992 url="https://upload.api.weibo.com/2/mss/msget?fid=5307802755272992&source=209678993&touid=4761715839862414&imageType=origin&ts=1781017903934" err="TypeError: Failed to fetch"
time=2026-06-09T23:11:44.142+08:00 level=WARN msg="浏览器内 fid 下载全部失败，尝试直接 HTTP 下载" fid=5307802755272992 err="TypeError: Failed to fetch"
time=2026-06-09T23:11:44.228+08:00 level=INFO msg="fid 媒体已通过直接 HTTP 回退下载成功" fid=5307802755272992 path=/home/duty/weibo_cron/chat_media_downloads/img_5307802755272992_茧房日报260608.pdf
time=2026-06-09T23:11:44.228+08:00 level=INFO msg=处理完成一个批次 latest_time="2026-06-09 08:08:16" latest_sender=摇滚草莓Jade latest_message=早 stop=false
time=2026-06-09T23:11:45.981+08:00 level=INFO msg=处理完成一个批次 latest_time="2026-06-09 06:30:25" latest_sender=Joyce_irina latest_message=早，一觉醒来美股弱反 stop=false
time=2026-06-09T23:11:49.788+08:00 level=INFO msg=处理完成一个批次 latest_time="2026-06-08 23:57:29" latest_sender=拾人牙慧的复读机 latest_message=分享图片 stop=false
time=2026-06-09T23:11:51.489+08:00 level=INFO msg=处理完成一个批次 latest_time="2026-06-08 23:38:12" latest_sender=Aviator_hu latest_message="「微博」\n- - - - - - - - -" stop=false
time=2026-06-09T23:11:53.439+08:00 level=INFO msg=处理完成一个批次 latest_time="2026-06-08 23:26:14" latest_sender=干拌面过冷水 latest_message=我还以为你说铁三报名 stop=true
time=2026-06-09T23:11:53.458+08:00 level=INFO msg=群聊历史抓取完成 new_count=527 history_dir=/home/duty/weibo_cron/clean_history state_file=/home/duty/weibo_cron/group_chat_state.json
time=2026-06-09T23:11:55.170+08:00 level=INFO msg=群聊摘要推送完成 message_count=1
time=2026-06-10T23:10:03.114+08:00 level=INFO msg=群聊模式配置加载完成 config=config.groupchat.yaml
time=2026-06-10T23:10:07.983+08:00 level=INFO msg=打开微博群聊页面 url="https://api.weibo.com/chat/#/chat?check_gid=4761715839862414&source_from=11" user_data_dir=/home/duty/weibo_cron/weibo_user_data browser_channel=chrome
time=2026-06-10T23:10:09.030+08:00 level=INFO msg=如未登录，请在打开的浏览器中完成登录；程序正在等待群聊消息接口返回
time=2026-06-10T23:10:10.188+08:00 level=INFO msg=群聊页面已加载，开始抓取历史消息
time=2026-06-10T23:10:10.816+08:00 level=INFO msg=处理完成一个批次 latest_time="2026-06-10 23:09:53" latest_sender=slipknot-li latest_message=[哆啦A梦吃惊] stop=false
time=2026-06-10T23:10:26.565+08:00 level=WARN msg="通过响应监听下载 fid 失败，尝试回退到浏览器内 fetch" fid=5308382933423717 err="timeout:Timeout 15000.00ms exceeded."
time=2026-06-10T23:10:26.749+08:00 level=WARN msg="浏览器内 fetch 下载 fid 失败" fid=5308382933423717 url="https://upload.api.weibo.com/2/mss/msget?fid=5308382933423717&source=209678993&imageType=origin&ts=1781104226565" err="TypeError: Failed to fetch"
time=2026-06-10T23:10:26.795+08:00 level=WARN msg="浏览器内 fetch 下载 fid 失败" fid=5308382933423717 url="https://upload.api.weibo.com/2/mss/msget?fid=5308382933423717&touid=4761715839862414&ts=1781104226565" err="TypeError: Failed to fetch"
time=2026-06-10T23:10:26.900+08:00 level=WARN msg="浏览器内 fetch 下载 fid 失败" fid=5308382933423717 url="https://upload.api.weibo.com/2/mss/msget?fid=5308382933423717&source=209678993&touid=4761715839862414&imageType=origin&ts=1781104226565" err="TypeError: Failed to fetch"
time=2026-06-10T23:10:26.900+08:00 level=WARN msg="浏览器内 fid 下载全部失败，尝试直接 HTTP 下载" fid=5308382933423717 err="TypeError: Failed to fetch"
time=2026-06-10T23:10:27.241+08:00 level=INFO msg="fid 媒体已通过直接 HTTP 回退下载成功" fid=5308382933423717 path=/home/duty/weibo_cron/chat_media_downloads/img_5308382933423717_筚路维艰-萧冬连.epub
time=2026-06-10T23:10:27.242+08:00 level=INFO msg=处理完成一个批次 latest_time="2026-06-10 22:30:24" latest_sender=好吃的山竹666 latest_message="「@好吃的山竹666 哥，\xe8" stop=false
time=2026-06-10T23:10:30.410+08:00 level=INFO msg=处理完成一个批次 latest_time="2026-06-10 21:58:56" latest_sender=黑眼圈要减肥Hyc latest_message=韩剧？ stop=false
time=2026-06-10T23:10:32.305+08:00 level=INFO msg=处理完成一个批次 latest_time="2026-06-10 21:49:07" latest_sender=tqtq latest_message="7.10元，@阿尼亚是安妮\xe4" stop=false
time=2026-06-10T23:10:34.224+08:00 level=INFO msg=处理完成一个批次 latest_time="2026-06-10 21:28:48" latest_sender=你懂啥啊啊啊啊啊 latest_message="你懂啥啊啊啊啊啊 撤\xe5\x9b" stop=false
time=2026-06-10T23:10:36.229+08:00 level=INFO msg=处理完成一个批次 latest_time="2026-06-10 21:09:56" latest_sender=seekwind_ latest_message=木鱼水心讲《置身事内 stop=false
time=2026-06-10T23:10:38.394+08:00 level=INFO msg=处理完成一个批次 latest_time="2026-06-10 20:55:14" latest_sender=Maple丶leaf_292 latest_message=「最近听完一本恐怖小 stop=false
time=2026-06-10T23:10:40.048+08:00 level=INFO msg=处理完成一个批次 latest_time="2026-06-10 20:46:45" latest_sender=黑眼圈要减肥Hyc latest_message=3年会员送了京东plus stop=false
time=2026-06-10T23:10:41.723+08:00 level=INFO msg=处理完成一个批次 latest_time="2026-06-10 20:32:34" latest_sender=一粒粒木子 latest_message=同事今天说去年十几万 stop=false
time=2026-06-10T23:10:43.964+08:00 level=INFO msg=处理完成一个批次 latest_time="2026-06-10 19:22:06" latest_sender=Nolan_lopez latest_message=标普没动 stop=false
time=2026-06-10T23:10:45.640+08:00 level=INFO msg=处理完成一个批次 latest_time="2026-06-10 19:17:40" latest_sender=粉丝群 latest_message=涉及资金问题请务必提 stop=false
time=2026-06-10T23:10:47.564+08:00 level=INFO msg=处理完成一个批次 latest_time="2026-06-10 18:53:19" latest_sender=铜冰鉴43228 latest_message=美股下跌也不能全部怪 stop=false
time=2026-06-10T23:10:49.898+08:00 level=INFO msg=处理完成一个批次 latest_time="2026-06-10 18:26:40" latest_sender=以下是付费内容 latest_message="「文件」\n- - - - - - - - -" stop=false
time=2026-06-10T23:10:52.515+08:00 level=INFO msg=处理完成一个批次 latest_time="2026-06-10 18:00:44" latest_sender=铜冰鉴43228 latest_message=不会的，我们的产品还 stop=false
time=2026-06-10T23:10:54.765+08:00 level=INFO msg=处理完成一个批次 latest_time="2026-06-10 17:43:38" latest_sender=梦星河200602 latest_message=高水平的当然还是上海 stop=false
time=2026-06-10T23:10:56.431+08:00 level=INFO msg=处理完成一个批次 latest_time="2026-06-10 17:33:24" latest_sender=Moor-eeffoc latest_message=我老婆大学毕业的时候 stop=false
time=2026-06-10T23:10:58.082+08:00 level=INFO msg=处理完成一个批次 latest_time="2026-06-10 17:27:50" latest_sender=梦星河200602 latest_message="「「@叫我小鸡君吧:「\xe5" stop=false
time=2026-06-10T23:10:59.786+08:00 level=INFO msg=处理完成一个批次 latest_time="2026-06-10 17:20:53" latest_sender=书包会唱歌呀 latest_message=拿了户口也可以去任何 stop=false
time=2026-06-10T23:11:01.453+08:00 level=INFO msg=处理完成一个批次 latest_time="2026-06-10 17:14:38" latest_sender=梦星河200602 latest_message=爬山去了 stop=false
time=2026-06-10T23:11:18.218+08:00 level=WARN msg="通过响应监听下载 fid 失败，尝试回退到浏览器内 fetch" fid=5308305264345528 err="timeout:Timeout 15000.00ms exceeded."
time=2026-06-10T23:11:18.319+08:00 level=WARN msg="浏览器内 fetch 下载 fid 失败" fid=5308305264345528 url="https://upload.api.weibo.com/2/mss/msget?fid=5308305264345528&source=209678993&imageType=origin&ts=1781104278219" err="TypeError: Failed to fetch"
time=2026-06-10T23:11:18.363+08:00 level=WARN msg="浏览器内 fetch 下载 fid 失败" fid=5308305264345528 url="https://upload.api.weibo.com/2/mss/msget?fid=5308305264345528&touid=4761715839862414&ts=1781104278219" err="TypeError: Failed to fetch"
time=2026-06-10T23:11:18.461+08:00 level=WARN msg="浏览器内 fetch 下载 fid 失败" fid=5308305264345528 url="https://upload.api.weibo.com/2/mss/msget?fid=5308305264345528&source=209678993&touid=4761715839862414&imageType=origin&ts=1781104278219" err="TypeError: Failed to fetch"
time=2026-06-10T23:11:18.461+08:00 level=WARN msg="浏览器内 fid 下载全部失败，尝试直接 HTTP 下载" fid=5308305264345528 err="TypeError: Failed to fetch"
time=2026-06-10T23:11:18.558+08:00 level=INFO msg="fid 媒体已通过直接 HTTP 回退下载成功" fid=5308305264345528 path="/home/duty/weibo_cron/chat_media_downloads/img_5308305264345528_交锋三十年改革开放四次大争论亲历记 (马立诚) (z-library.sk, 1lib.sk, z-lib.sk).epub"
time=2026-06-10T23:11:18.730+08:00 level=INFO msg=处理完成一个批次 latest_time="2026-06-10 17:10:00" latest_sender=古拉TE latest_message="「大湾区有大蟑螂」\n- " stop=false
time=2026-06-10T23:11:20.426+08:00 level=INFO msg=处理完成一个批次 latest_time="2026-06-10 16:56:21" latest_sender=梦星河200602 latest_message="不过买盘也凶猛，pboc \xe5" stop=false
time=2026-06-10T23:11:23.114+08:00 level=INFO msg=处理完成一个批次 latest_time="2026-06-10 16:40:15" latest_sender=樱桃树rani latest_message="「「图片」\n- - - - - - - " stop=false
time=2026-06-10T23:11:25.078+08:00 level=INFO msg=处理完成一个批次 latest_time="2026-06-10 15:43:44" latest_sender=万物既渺小又伟大 latest_message="「「@雾中航行志趣:群\xe5" stop=false
time=2026-06-10T23:11:27.160+08:00 level=INFO msg=处理完成一个批次 latest_time="2026-06-10 15:13:06" latest_sender=粉丝群 latest_message=涉及资金问题请务必提 stop=false
time=2026-06-10T23:11:29.167+08:00 level=INFO msg=处理完成一个批次 latest_time="2026-06-10 14:59:43" latest_sender=茴字的1970种写法 latest_message=“要和标普对冲国运就 stop=false
time=2026-06-10T23:11:31.206+08:00 level=INFO msg=处理完成一个批次 latest_time="2026-06-10 14:50:50" latest_sender=胖达心态要好 latest_message="「@fuhku:「图片」\n- - - -" stop=false
time=2026-06-10T23:11:33.296+08:00 level=INFO msg=处理完成一个批次 latest_time="2026-06-10 14:30:26" latest_sender=____方格 latest_message=「@用户730122160588：tk推 stop=false
time=2026-06-10T23:11:35.976+08:00 level=INFO msg=处理完成一个批次 latest_time="2026-06-10 14:14:02" latest_sender=fuhku latest_message=是这个吗？ stop=false
time=2026-06-10T23:11:38.619+08:00 level=INFO msg=处理完成一个批次 latest_time="2026-06-10 13:50:38" latest_sender=小大饼 latest_message="嘿嘿嘿~帮女同事修好\xe4\xba" stop=false
time=2026-06-10T23:11:41.677+08:00 level=INFO msg=处理完成一个批次 latest_time="2026-06-10 13:27:12" latest_sender=9527号JoJo latest_message="tk老师最近推荐的这两\xe6" stop=false
time=2026-06-10T23:11:43.845+08:00 level=INFO msg=处理完成一个批次 latest_time="2026-06-10 12:43:44" latest_sender=fuhku latest_message=我恨自己去年上半年没 stop=false
time=2026-06-10T23:11:46.185+08:00 level=INFO msg=处理完成一个批次 latest_time="2026-06-10 12:23:10" latest_sender=锤耗子 latest_message=分享图片 stop=false
time=2026-06-10T23:11:47.915+08:00 level=INFO msg=处理完成一个批次 latest_time="2026-06-10 12:11:13" latest_sender=羽化的布偶 latest_message=所以谁在卖老登 stop=false
time=2026-06-10T23:11:49.869+08:00 level=INFO msg=处理完成一个批次 latest_time="2026-06-10 12:04:47" latest_sender=东坡酒醒还复醉 latest_message=我是感觉苹果手机没啥 stop=false
time=2026-06-10T23:11:51.921+08:00 level=INFO msg=处理完成一个批次 latest_time="2026-06-10 11:50:29" latest_sender=金陵琥珀雪 latest_message=原来新郎旗下还有这个 stop=false
time=2026-06-10T23:12:09.259+08:00 level=WARN msg="通过响应监听下载 fid 失败，尝试回退到浏览器内 fetch" fid=5308220190232271 err="timeout:Timeout 15000.00ms exceeded."
time=2026-06-10T23:12:09.354+08:00 level=WARN msg="浏览器内 fetch 下载 fid 失败" fid=5308220190232271 url="https://upload.api.weibo.com/2/mss/msget?fid=5308220190232271&source=209678993&imageType=origin&ts=1781104329259" err="TypeError: Failed to fetch"
time=2026-06-10T23:12:09.397+08:00 level=WARN msg="浏览器内 fetch 下载 fid 失败" fid=5308220190232271 url="https://upload.api.weibo.com/2/mss/msget?fid=5308220190232271&touid=4761715839862414&ts=1781104329259" err="TypeError: Failed to fetch"
time=2026-06-10T23:12:09.477+08:00 level=WARN msg="浏览器内 fetch 下载 fid 失败" fid=5308220190232271 url="https://upload.api.weibo.com/2/mss/msget?fid=5308220190232271&source=209678993&touid=4761715839862414&imageType=origin&ts=1781104329259" err="TypeError: Failed to fetch"
time=2026-06-10T23:12:09.478+08:00 level=WARN msg="浏览器内 fid 下载全部失败，尝试直接 HTTP 下载" fid=5308220190232271 err="TypeError: Failed to fetch"
time=2026-06-10T23:12:09.600+08:00 level=INFO msg="fid 媒体已通过直接 HTTP 回退下载成功" fid=5308220190232271 path="/home/duty/weibo_cron/chat_media_downloads/img_5308220190232271_交锋三十年改革开放四次大争论亲历记 (马立诚) (z-library.sk, 1lib.sk, z-lib.sk).epub"
time=2026-06-10T23:12:09.601+08:00 level=INFO msg=处理完成一个批次 latest_time="2026-06-10 11:36:06" latest_sender=fuhku latest_message="「「图片」\n- - - - - - - " stop=false
time=2026-06-10T23:12:11.379+08:00 level=INFO msg=处理完成一个批次 latest_time="2026-06-10 10:49:39" latest_sender=FFFFVIP latest_message="「微博」\n- - - - - - - - -" stop=false
time=2026-06-10T23:12:13.778+08:00 level=INFO msg=处理完成一个批次 latest_time="2026-06-10 10:22:53" latest_sender=自由的西瓜L latest_message=昨天晚上睡前看了一眼 stop=false
time=2026-06-10T23:12:15.991+08:00 level=INFO msg=处理完成一个批次 latest_time="2026-06-10 09:13:28" latest_sender=Kipmin latest_message=我在一个细胞项目上用 stop=false
time=2026-06-10T23:12:32.748+08:00 level=WARN msg="通过响应监听下载 fid 失败，尝试回退到浏览器内 fetch" fid=5308176721250313 err="timeout:Timeout 15000.00ms exceeded."
time=2026-06-10T23:12:32.821+08:00 level=WARN msg="浏览器内 fetch 下载 fid 失败" fid=5308176721250313 url="https://upload.api.weibo.com/2/mss/msget?fid=5308176721250313&source=209678993&imageType=origin&ts=1781104352748" err="TypeError: Failed to fetch"
time=2026-06-10T23:12:32.873+08:00 level=WARN msg="浏览器内 fetch 下载 fid 失败" fid=5308176721250313 url="https://upload.api.weibo.com/2/mss/msget?fid=5308176721250313&touid=4761715839862414&ts=1781104352748" err="TypeError: Failed to fetch"
time=2026-06-10T23:12:32.950+08:00 level=WARN msg="浏览器内 fetch 下载 fid 失败" fid=5308176721250313 url="https://upload.api.weibo.com/2/mss/msget?fid=5308176721250313&source=209678993&touid=4761715839862414&imageType=origin&ts=1781104352748" err="TypeError: Failed to fetch"
time=2026-06-10T23:12:32.951+08:00 level=WARN msg="浏览器内 fid 下载全部失败，尝试直接 HTTP 下载" fid=5308176721250313 err="TypeError: Failed to fetch"
time=2026-06-10T23:12:33.097+08:00 level=INFO msg="fid 媒体已通过直接 HTTP 回退下载成功" fid=5308176721250313 path="/home/duty/weibo_cron/chat_media_downloads/img_5308176721250313_交锋三十年改革开放四次大争论亲历记 (马立诚) (z-library.sk, 1lib.sk, z-lib.sk).pdf"
time=2026-06-10T23:12:33.332+08:00 level=INFO msg=处理完成一个批次 latest_time="2026-06-10 08:38:59" latest_sender=同学没吃药吧 latest_message=抄底！ stop=false
time=2026-06-10T23:12:34.998+08:00 level=INFO msg=处理完成一个批次 latest_time="2026-06-10 07:36:36" latest_sender=花小生鱼 latest_message=[动画表情] stop=false
time=2026-06-10T23:12:51.699+08:00 level=WARN msg="通过响应监听下载 fid 失败，尝试回退到浏览器内 fetch" fid=5308095737627402 err="timeout:Timeout 15000.00ms exceeded."
time=2026-06-10T23:12:51.805+08:00 level=WARN msg="浏览器内 fetch 下载 fid 失败" fid=5308095737627402 url="https://upload.api.weibo.com/2/mss/msget?fid=5308095737627402&source=209678993&imageType=origin&ts=1781104371699" err="TypeError: Failed to fetch"
time=2026-06-10T23:12:51.853+08:00 level=WARN msg="浏览器内 fetch 下载 fid 失败" fid=5308095737627402 url="https://upload.api.weibo.com/2/mss/msget?fid=5308095737627402&touid=4761715839862414&ts=1781104371699" err="TypeError: Failed to fetch"
time=2026-06-10T23:12:51.934+08:00 level=WARN msg="浏览器内 fetch 下载 fid 失败" fid=5308095737627402 url="https://upload.api.weibo.com/2/mss/msget?fid=5308095737627402&source=209678993&touid=4761715839862414&imageType=origin&ts=1781104371699" err="TypeError: Failed to fetch"
time=2026-06-10T23:12:51.934+08:00 level=WARN msg="浏览器内 fid 下载全部失败，尝试直接 HTTP 下载" fid=5308095737627402 err="TypeError: Failed to fetch"
time=2026-06-10T23:12:52.035+08:00 level=INFO msg="fid 媒体已通过直接 HTTP 回退下载成功" fid=5308095737627402 path=/home/duty/weibo_cron/chat_media_downloads/img_5308095737627402_茧房日报260609.pdf
time=2026-06-10T23:12:52.036+08:00 level=INFO msg=处理完成一个批次 latest_time="2026-06-10 05:40:56" latest_sender=tombkeeper latest_message="Plusye 加入了群" stop=false
time=2026-06-10T23:12:54.196+08:00 level=INFO msg=处理完成一个批次 latest_time="2026-06-10 00:18:02" latest_sender=要做一个可爱的人 latest_message="「视频」\n- - - - - - - - -" stop=false
time=2026-06-10T23:12:56.343+08:00 level=INFO msg=处理完成一个批次 latest_time="2026-06-09 23:31:01" latest_sender=粉丝群 latest_message=涉及资金问题请务必提 stop=true
time=2026-06-10T23:12:56.377+08:00 level=INFO msg=群聊历史抓取完成 new_count=875 history_dir=/home/duty/weibo_cron/clean_history state_file=/home/duty/weibo_cron/group_chat_state.json
time=2026-06-10T23:12:58.217+08:00 level=INFO msg=群聊摘要推送完成 message_count=1
time=2026-06-11T23:10:03.254+08:00 level=INFO msg=群聊模式配置加载完成 config=config.groupchat.yaml
time=2026-06-11T23:10:08.079+08:00 level=INFO msg=打开微博群聊页面 url="https://api.weibo.com/chat/#/chat?check_gid=4761715839862414&source_from=11" user_data_dir=/home/duty/weibo_cron/weibo_user_data browser_channel=chrome
time=2026-06-11T23:10:09.026+08:00 level=INFO msg=如未登录，请在打开的浏览器中完成登录；程序正在等待群聊消息接口返回
time=2026-06-11T23:10:10.103+08:00 level=INFO msg=群聊页面已加载，开始抓取历史消息
time=2026-06-11T23:10:10.535+08:00 level=INFO msg=处理完成一个批次 latest_time="2026-06-11 23:09:12" latest_sender=叫我小鸡君吧 latest_message=你怎么反向接水[坏笑] stop=false
time=2026-06-11T23:10:10.896+08:00 level=INFO msg=处理完成一个批次 latest_time="2026-06-11 23:02:35" latest_sender=tqtq latest_message=问题是大饼并不穷 stop=false
time=2026-06-11T23:10:12.676+08:00 level=INFO msg=处理完成一个批次 latest_time="2026-06-11 22:57:36" latest_sender=我爱吃肠粉001 latest_message="那我问你假设你有8位\xe6\x95" stop=false
time=2026-06-11T23:10:14.763+08:00 level=INFO msg=处理完成一个批次 latest_time="2026-06-11 22:51:36" latest_sender=茴字的1970种写法 latest_message="「「图片」\n- - - - - - - " stop=false
time=2026-06-11T23:10:16.921+08:00 level=INFO msg=处理完成一个批次 latest_time="2026-06-11 22:45:09" latest_sender=Horcruxer0x9c73bf31 latest_message=我初中还试过面粉加双 stop=false
time=2026-06-11T23:10:19.884+08:00 level=INFO msg=处理完成一个批次 latest_time="2026-06-11 22:29:54" latest_sender=是包包捏 latest_message=[流鼻血]豆包:极度危险 stop=false
time=2026-06-11T23:10:21.595+08:00 level=INFO msg=处理完成一个批次 latest_time="2026-06-11 22:24:13" latest_sender=醉猩猩 latest_message=http://weibo.com/6827625527/O5 stop=false
time=2026-06-11T23:10:23.558+08:00 level=INFO msg=处理完成一个批次 latest_time="2026-06-11 22:18:59" latest_sender=阿尼亚是安妮亞 latest_message=分享图片 stop=false
time=2026-06-11T23:10:25.289+08:00 level=INFO msg=处理完成一个批次 latest_time="2026-06-11 22:12:39" latest_sender=Jane王师傅 latest_message="2.97元，@一粒粒木子 再" stop=false
time=2026-06-11T23:10:27.477+08:00 level=INFO msg=处理完成一个批次 latest_time="2026-06-11 21:57:01" latest_sender=等下就去吃饭 latest_message=为了保证学习质量，我 stop=false
time=2026-06-11T23:10:29.696+08:00 level=INFO msg=处理完成一个批次 latest_time="2026-06-11 21:13:03" latest_sender=吃完麻辣烫后想来点甜 latest_message="「怪不得我转正了[柯\xe5\x9f" stop=false
time=2026-06-11T23:10:31.796+08:00 level=INFO msg=处理完成一个批次 latest_time="2026-06-11 21:05:51" latest_sender=Jane王师傅 latest_message=借花献佛 stop=false
time=2026-06-11T23:10:34.361+08:00 level=INFO msg=处理完成一个批次 latest_time="2026-06-11 20:43:37" latest_sender=胖达心态要好 latest_message=对！ stop=false
time=2026-06-11T23:10:36.270+08:00 level=INFO msg=处理完成一个批次 latest_time="2026-06-11 20:04:08" latest_sender=小大饼 latest_message=「「明天客户正式工出 stop=false
time=2026-06-11T23:10:39.045+08:00 level=INFO msg=处理完成一个批次 latest_time="2026-06-11 19:17:54" latest_sender=小大饼 latest_message="明天客户正式工出去 bu" stop=false
time=2026-06-11T23:10:41.408+08:00 level=INFO msg=处理完成一个批次 latest_time="2026-06-11 18:23:10" latest_sender=我爱吃肠粉001 latest_message=还能考证了 stop=false
time=2026-06-11T23:10:44.129+08:00 level=INFO msg=处理完成一个批次 latest_time="2026-06-11 17:54:57" latest_sender=slipknot-li latest_message=我微信里有这个表情包 stop=false
time=2026-06-11T23:10:45.805+08:00 level=INFO msg=处理完成一个批次 latest_time="2026-06-11 17:33:35" latest_sender=nkaifang latest_message="刚哥充分发挥了 火车\xe8\xb7" stop=false
time=2026-06-11T23:10:47.698+08:00 level=INFO msg=处理完成一个批次 latest_time="2026-06-11 17:17:50" latest_sender=七床技师 latest_message=「在广式烧腊里，鹅腿 stop=false
time=2026-06-11T23:10:49.610+08:00 level=INFO msg=处理完成一个批次 latest_time="2026-06-11 17:06:31" latest_sender=自由的西瓜L latest_message="「@要做一个可爱的人:\xe3" stop=false
time=2026-06-11T23:10:51.344+08:00 level=INFO msg=处理完成一个批次 latest_time="2026-06-11 16:42:42" latest_sender=germer_123 latest_message=卤鹅哥是不是要火一把 stop=false
time=2026-06-11T23:10:53.271+08:00 level=INFO msg=处理完成一个批次 latest_time="2026-06-11 16:23:56" latest_sender=Nolan_lopez latest_message=蔬菜汁如果加热，基本 stop=false
time=2026-06-11T23:10:55.924+08:00 level=INFO msg=处理完成一个批次 latest_time="2026-06-11 16:18:11" latest_sender=黄健楸 latest_message="「图片」\n- - - - - - - - -" stop=false
time=2026-06-11T23:10:57.818+08:00 level=INFO msg=处理完成一个批次 latest_time="2026-06-11 16:05:27" latest_sender=我爱吃肠粉001 latest_message="「「@我爱吃肠粉001:用\xe5" stop=false
time=2026-06-11T23:10:59.662+08:00 level=INFO msg=处理完成一个批次 latest_time="2026-06-11 15:58:22" latest_sender=万物既渺小又伟大 latest_message=莫氏鸡煲，说是那个药 stop=false
time=2026-06-11T23:11:01.470+08:00 level=INFO msg=处理完成一个批次 latest_time="2026-06-11 15:26:00" latest_sender=用户730122160588 latest_message=马老师估计也在敲打吴 stop=false
time=2026-06-11T23:11:03.334+08:00 level=INFO msg=处理完成一个批次 latest_time="2026-06-11 15:02:19" latest_sender=我爱吃肠粉001 latest_message=分享图片 stop=false
time=2026-06-11T23:11:04.998+08:00 level=INFO msg=处理完成一个批次 latest_time="2026-06-11 14:43:30" latest_sender=我爱吃肠粉001 latest_message=怪怪的，听起来只能两 stop=false
time=2026-06-11T23:11:06.987+08:00 level=INFO msg=处理完成一个批次 latest_time="2026-06-11 14:17:28" latest_sender=铜冰鉴43228 latest_message=分享图片 stop=false
time=2026-06-11T23:11:08.790+08:00 level=INFO msg=处理完成一个批次 latest_time="2026-06-11 14:03:18" latest_sender=0x指纹 latest_message=是她 stop=false
time=2026-06-11T23:11:10.606+08:00 level=INFO msg=处理完成一个批次 latest_time="2026-06-11 13:44:51" latest_sender=雾中航行志趣 latest_message="「图片」\n- - - - - - - - -" stop=false
time=2026-06-11T23:11:12.417+08:00 level=INFO msg=处理完成一个批次 latest_time="2026-06-11 13:30:49" latest_sender=东坡酒醒还复醉 latest_message="那个似乎是阿里 PR 的\xe9\x80" stop=false
time=2026-06-11T23:11:14.612+08:00 level=INFO msg=处理完成一个批次 latest_time="2026-06-11 13:22:36" latest_sender=Afeeeer latest_message=「「我发现南方有个纳 stop=false
time=2026-06-11T23:11:16.315+08:00 level=INFO msg=处理完成一个批次 latest_time="2026-06-11 13:16:27" latest_sender=slipknot-li latest_message=「下午或者晚上我将为 stop=false
time=2026-06-11T23:11:18.558+08:00 level=INFO msg=处理完成一个批次 latest_time="2026-06-11 13:11:42" latest_sender=我爱吃肠粉001 latest_message="我爱吃肠粉001 撤回了\xe4\xb8" stop=false
time=2026-06-11T23:11:20.210+08:00 level=INFO msg=处理完成一个批次 latest_time="2026-06-11 13:06:04" latest_sender=haner-0 latest_message=我这两天折腾了一下上 stop=false
time=2026-06-11T23:11:22.800+08:00 level=INFO msg=处理完成一个批次 latest_time="2026-06-11 13:01:30" latest_sender=用户6937199137 latest_message=男的一般不怎么管奶粉 stop=false
time=2026-06-11T23:11:25.398+08:00 level=INFO msg=处理完成一个批次 latest_time="2026-06-11 12:43:07" latest_sender=我爱吃肠粉001 latest_message="「要不寄给大饼喝」\n- " stop=false
time=2026-06-11T23:11:27.236+08:00 level=INFO msg=处理完成一个批次 latest_time="2026-06-11 12:26:19" latest_sender=星逸几度秋_ latest_message=比500差点 stop=false
time=2026-06-11T23:11:29.307+08:00 level=INFO msg=处理完成一个批次 latest_time="2026-06-11 11:55:54" latest_sender=梦星河200602 latest_message=没本事判断涨跌，但是 stop=false
time=2026-06-11T23:11:31.763+08:00 level=INFO msg=处理完成一个批次 latest_time="2026-06-11 11:41:55" latest_sender=雨石plus latest_message=分享图片 stop=false
time=2026-06-11T23:11:34.125+08:00 level=INFO msg=处理完成一个批次 latest_time="2026-06-11 11:31:56" latest_sender=自由的西瓜L latest_message="qdii算不算帮助投资者\xe9\x95" stop=false
time=2026-06-11T23:11:35.791+08:00 level=INFO msg=处理完成一个批次 latest_time="2026-06-11 11:05:33" latest_sender=万物既渺小又伟大 latest_message=「大概率吃的是婴儿配 stop=false
time=2026-06-11T23:11:37.646+08:00 level=INFO msg=处理完成一个批次 latest_time="2026-06-11 10:57:47" latest_sender=叫我小鸡君吧 latest_message=「那是不是一般说的时 stop=false
time=2026-06-11T23:11:45.042+08:00 level=INFO msg=处理完成一个批次 latest_time="2026-06-11 10:45:43" latest_sender=linearrrr latest_message=孩子的问题还是问医生 stop=false
time=2026-06-11T23:11:46.720+08:00 level=INFO msg=处理完成一个批次 latest_time="2026-06-11 10:37:12" latest_sender=nkaifang latest_message=如果觉得还是朋友，家 stop=false
time=2026-06-11T23:11:48.527+08:00 level=INFO msg=处理完成一个批次 latest_time="2026-06-11 10:26:28" latest_sender=梦星河200602 latest_message=具体喝什么还得看娃的 stop=false
time=2026-06-11T23:11:50.187+08:00 level=INFO msg=处理完成一个批次 latest_time="2026-06-11 10:20:18" latest_sender=fuhku latest_message=因为出生第一天就喝了 stop=false
time=2026-06-11T23:11:51.851+08:00 level=INFO msg=处理完成一个批次 latest_time="2026-06-11 10:13:19" latest_sender=fuhku latest_message=「「身边都有朋友亲戚 stop=false
time=2026-06-11T23:11:53.912+08:00 level=INFO msg=处理完成一个批次 latest_time="2026-06-11 10:08:11" latest_sender=一蓑烟雨任平生WB latest_message=地表比牛还有劲儿的人 stop=false
time=2026-06-11T23:11:55.612+08:00 level=INFO msg=处理完成一个批次 latest_time="2026-06-11 09:16:23" latest_sender=自由的西瓜L latest_message="宅基 债基[允悲]" stop=false
time=2026-06-11T23:11:59.197+08:00 level=INFO msg=处理完成一个批次 latest_time="2026-06-11 09:02:19" latest_sender=自由的西瓜L latest_message=「买纳斯达克是为了避 stop=false
time=2026-06-11T23:12:01.903+08:00 level=INFO msg=处理完成一个批次 latest_time="2026-06-11 08:09:40" latest_sender=四岚1883 latest_message=分享图片 stop=false
time=2026-06-11T23:12:03.581+08:00 level=INFO msg=处理完成一个批次 latest_time="2026-06-11 07:30:28" latest_sender=达芬奇喝冰水 latest_message=早 stop=false
time=2026-06-11T23:12:05.648+08:00 level=INFO msg=处理完成一个批次 latest_time="2026-06-11 07:05:34" latest_sender=金陵琥珀雪 latest_message="「睡好才幸福」\n- - - - " stop=false
time=2026-06-11T23:12:22.557+08:00 level=WARN msg="通过响应监听下载 fid 失败，尝试回退到浏览器内 fetch" fid=5308459337646145 err="timeout:Timeout 15000.00ms exceeded."
time=2026-06-11T23:12:22.645+08:00 level=WARN msg="浏览器内 fetch 下载 fid 失败" fid=5308459337646145 url="https://upload.api.weibo.com/2/mss/msget?fid=5308459337646145&source=209678993&imageType=origin&ts=1781190742557" err="TypeError: Failed to fetch"
time=2026-06-11T23:12:22.775+08:00 level=WARN msg="浏览器内 fetch 下载 fid 失败" fid=5308459337646145 url="https://upload.api.weibo.com/2/mss/msget?fid=5308459337646145&touid=4761715839862414&ts=1781190742557" err="TypeError: Failed to fetch"
time=2026-06-11T23:12:22.887+08:00 level=WARN msg="浏览器内 fetch 下载 fid 失败" fid=5308459337646145 url="https://upload.api.weibo.com/2/mss/msget?fid=5308459337646145&source=209678993&touid=4761715839862414&imageType=origin&ts=1781190742557" err="TypeError: Failed to fetch"
time=2026-06-11T23:12:22.888+08:00 level=WARN msg="浏览器内 fid 下载全部失败，尝试直接 HTTP 下载" fid=5308459337646145 err="TypeError: Failed to fetch"
time=2026-06-11T23:12:23.253+08:00 level=INFO msg="fid 媒体已通过直接 HTTP 回退下载成功" fid=5308459337646145 path=/home/duty/weibo_cron/chat_media_downloads/img_5308459337646145_茧房日报260610.pdf
time=2026-06-11T23:12:23.253+08:00 level=INFO msg=处理完成一个批次 latest_time="2026-06-11 06:29:22" latest_sender=Aurora白White-little-hajimi latest_message=分享图片 stop=false
time=2026-06-11T23:12:25.535+08:00 level=INFO msg=处理完成一个批次 latest_time="2026-06-11 00:38:17" latest_sender=粉丝群 latest_message="恭喜白噪声white...获得\xe2" stop=false
time=2026-06-11T23:12:27.207+08:00 level=INFO msg=处理完成一个批次 latest_time="2026-06-11 00:12:07" latest_sender=梦星河200602 latest_message="作为你买 ai 的对冲" stop=false
time=2026-06-11T23:12:29.013+08:00 level=INFO msg=处理完成一个批次 latest_time="2026-06-11 00:07:32" latest_sender=梦星河200602 latest_message=这个不好深入讨论 stop=false
time=2026-06-11T23:12:32.005+08:00 level=INFO msg=处理完成一个批次 latest_time="2026-06-11 00:00:13" latest_sender=星逸几度秋_ latest_message=万一封到年底呢[二哈] stop=false
time=2026-06-11T23:12:34.804+08:00 level=INFO msg=处理完成一个批次 latest_time="2026-06-10 23:23:53" latest_sender=一只两只只只吱 latest_message=【关于如何白嫖微信读 stop=true
time=2026-06-11T23:12:34.843+08:00 level=INFO msg=群聊历史抓取完成 new_count=1215 history_dir=/home/duty/weibo_cron/clean_history state_file=/home/duty/weibo_cron/group_chat_state.json
time=2026-06-11T23:12:37.648+08:00 level=INFO msg=群聊摘要推送完成 message_count=1
time=2026-06-12T23:10:03.449+08:00 level=INFO msg=群聊模式配置加载完成 config=config.groupchat.yaml
time=2026-06-12T23:10:08.355+08:00 level=INFO msg=打开微博群聊页面 url="https://api.weibo.com/chat/#/chat?check_gid=4761715839862414&source_from=11" user_data_dir=/home/duty/weibo_cron/weibo_user_data browser_channel=chrome
time=2026-06-12T23:10:09.267+08:00 level=INFO msg=如未登录，请在打开的浏览器中完成登录；程序正在等待群聊消息接口返回
time=2026-06-12T23:10:10.449+08:00 level=INFO msg=群聊页面已加载，开始抓取历史消息
time=2026-06-12T23:10:11.162+08:00 level=INFO msg=处理完成一个批次 latest_time="2026-06-12 23:09:14" latest_sender=万物既渺小又伟大 latest_message=判断失误，并没有吸血 stop=false
time=2026-06-12T23:10:12.956+08:00 level=INFO msg=处理完成一个批次 latest_time="2026-06-12 22:07:46" latest_sender=用户730122160588 latest_message="「「视频」\n- - - - - - - " stop=false
time=2026-06-12T23:10:31.151+08:00 level=WARN msg="通过响应监听下载 fid 失败，尝试回退到浏览器内 fetch" fid=5309094252773670 err="timeout:Timeout 15000.00ms exceeded."
time=2026-06-12T23:10:31.235+08:00 level=WARN msg="浏览器内 fetch 下载 fid 失败" fid=5309094252773670 url="https://upload.api.weibo.com/2/mss/msget?fid=5309094252773670&source=209678993&imageType=origin&ts=1781277031151" err="TypeError: Failed to fetch"
time=2026-06-12T23:10:31.284+08:00 level=WARN msg="浏览器内 fetch 下载 fid 失败" fid=5309094252773670 url="https://upload.api.weibo.com/2/mss/msget?fid=5309094252773670&touid=4761715839862414&ts=1781277031151" err="TypeError: Failed to fetch"
time=2026-06-12T23:10:31.505+08:00 level=WARN msg="浏览器内 fetch 下载 fid 失败" fid=5309094252773670 url="https://upload.api.weibo.com/2/mss/msget?fid=5309094252773670&source=209678993&touid=4761715839862414&imageType=origin&ts=1781277031151" err="TypeError: Failed to fetch"
time=2026-06-12T23:10:31.505+08:00 level=WARN msg="浏览器内 fid 下载全部失败，尝试直接 HTTP 下载" fid=5309094252773670 err="TypeError: Failed to fetch"
time=2026-06-12T23:10:32.597+08:00 level=INFO msg="fid 媒体已通过直接 HTTP 回退下载成功" fid=5309094252773670 path="/home/duty/weibo_cron/chat_media_downloads/img_5309094252773670_篳路維艱 中國社會主義路徑的五次選擇 (蕭冬連).pdf"
time=2026-06-12T23:10:32.598+08:00 level=INFO msg=处理完成一个批次 latest_time="2026-06-12 21:43:18" latest_sender=相信相信的梦呓 latest_message=我现在吊着都手掌疼， stop=false
time=2026-06-12T23:10:34.504+08:00 level=INFO msg=处理完成一个批次 latest_time="2026-06-12 21:15:47" latest_sender=黑眼圈要减肥Hyc latest_message="喝了酒话有点密……[\xe5\x85" stop=false
time=2026-06-12T23:10:36.966+08:00 level=INFO msg=处理完成一个批次 latest_time="2026-06-12 21:10:59" latest_sender=endlessummerr- latest_message=「胖东来能网购的东西 stop=false
time=2026-06-12T23:10:38.907+08:00 level=INFO msg=处理完成一个批次 latest_time="2026-06-12 21:03:56" latest_sender=黑眼圈要减肥Hyc latest_message=「胖东来能网购的东西 stop=false
time=2026-06-12T23:10:40.758+08:00 level=INFO msg=处理完成一个批次 latest_time="2026-06-12 20:55:54" latest_sender=黑眼圈要减肥Hyc latest_message=我请 stop=false
time=2026-06-12T23:10:42.635+08:00 level=INFO msg=处理完成一个批次 latest_time="2026-06-12 20:44:59" latest_sender=Aurora白White-little-hajimi latest_message=劝不住就开心吃 stop=false
time=2026-06-12T23:10:44.612+08:00 level=INFO msg=处理完成一个批次 latest_time="2026-06-12 20:40:19" latest_sender=Aurora白White-little-hajimi latest_message=我还是没吸取教训好了 stop=false
time=2026-06-12T23:10:47.058+08:00 level=INFO msg=处理完成一个批次 latest_time="2026-06-12 20:31:24" latest_sender=Aurora白White-little-hajimi latest_message=追求明星或者美国白就 stop=false
time=2026-06-12T23:11:00.452+08:00 level=INFO msg=处理完成一个批次 latest_time="2026-06-12 20:10:13" latest_sender=樱桃树rani latest_message="「我做了近视手术」\n- " stop=false
time=2026-06-12T23:11:02.151+08:00 level=INFO msg=处理完成一个批次 latest_time="2026-06-12 19:52:00" latest_sender=0xfffffffffucklife latest_message=但疼的话，很难受 stop=false
time=2026-06-12T23:11:03.824+08:00 level=INFO msg=处理完成一个批次 latest_time="2026-06-12 19:46:05" latest_sender=Aurora白White-little-hajimi latest_message=「鼻窦炎手术做了吗？ stop=false
time=2026-06-12T23:11:05.495+08:00 level=INFO msg=处理完成一个批次 latest_time="2026-06-12 19:42:54" latest_sender=黑眼圈要减肥Hyc latest_message=我近视，还有黑眼圈 stop=false
time=2026-06-12T23:11:07.188+08:00 level=INFO msg=处理完成一个批次 latest_time="2026-06-12 19:34:46" latest_sender=犘犇 latest_message=激光之后又视物模糊的 stop=false
time=2026-06-12T23:11:09.058+08:00 level=INFO msg=处理完成一个批次 latest_time="2026-06-12 19:30:29" latest_sender=Afeeeer latest_message=我还是有点慌。。之前 stop=false
time=2026-06-12T23:11:10.865+08:00 level=INFO msg=处理完成一个批次 latest_time="2026-06-12 19:27:32" latest_sender=Afeeeer latest_message=我试了下隐形眼镜，花 stop=false
time=2026-06-12T23:11:12.602+08:00 level=INFO msg=处理完成一个批次 latest_time="2026-06-12 19:23:03" latest_sender=星逸几度秋_ latest_message=说的是汉奸吧，应该是 stop=false
time=2026-06-12T23:11:14.422+08:00 level=INFO msg=处理完成一个批次 latest_time="2026-06-12 19:18:30" latest_sender=雨石plus latest_message=天天戴帽子也挺热的 stop=false
time=2026-06-12T23:11:16.704+08:00 level=INFO msg=处理完成一个批次 latest_time="2026-06-12 19:11:14" latest_sender=Aurora白White-little-hajimi latest_message=分享图片 stop=false
time=2026-06-12T23:11:19.280+08:00 level=INFO msg=处理完成一个批次 latest_time="2026-06-12 19:05:12" latest_sender=黑眼圈要减肥Hyc latest_message=分享图片 stop=false
time=2026-06-12T23:11:21.308+08:00 level=INFO msg=处理完成一个批次 latest_time="2026-06-12 18:59:25" latest_sender=Horcruxer0x9c73bf31 latest_message=骑车会习惯绕个什么， stop=false
time=2026-06-12T23:11:23.164+08:00 level=INFO msg=处理完成一个批次 latest_time="2026-06-12 18:52:12" latest_sender=Horcruxer0x9c73bf31 latest_message="「微博」\n- - - - - - - - -" stop=false
time=2026-06-12T23:11:25.090+08:00 level=INFO msg=处理完成一个批次 latest_time="2026-06-12 18:32:29" latest_sender=冰火岛的曾阿牛 latest_message=http://weibo.com/6042076234/R3 stop=false
time=2026-06-12T23:11:27.113+08:00 level=INFO msg=处理完成一个批次 latest_time="2026-06-12 18:28:39" latest_sender=我爱吃肠粉001 latest_message="2.55元，@任_朝暮_ 关关\xe9" stop=false
time=2026-06-12T23:11:28.939+08:00 level=INFO msg=处理完成一个批次 latest_time="2026-06-12 18:22:27" latest_sender=我爱吃肠粉001 latest_message=「我是小米，我从13u到 stop=false
time=2026-06-12T23:11:32.253+08:00 level=INFO msg=处理完成一个批次 latest_time="2026-06-12 18:19:42" latest_sender=我爱吃肠粉001 latest_message=这种两倍做多背后是怎 stop=false
time=2026-06-12T23:11:33.930+08:00 level=INFO msg=处理完成一个批次 latest_time="2026-06-12 18:14:57" latest_sender=星逸几度秋_ latest_message=「把群聊做好一点肯定 stop=false
time=2026-06-12T23:11:35.849+08:00 level=INFO msg=处理完成一个批次 latest_time="2026-06-12 18:10:41" latest_sender=自由的西瓜L latest_message=可能是付费加群的人太 stop=false
time=2026-06-12T23:11:37.488+08:00 level=INFO msg=处理完成一个批次 latest_time="2026-06-12 18:07:08" latest_sender=梦星河200602 latest_message=有没有复盘过交易行为 stop=false
time=2026-06-12T23:11:39.388+08:00 level=INFO msg=处理完成一个批次 latest_time="2026-06-12 17:55:38" latest_sender=tombkeeper latest_message="“夹总不是TK鉴定过非\xe5" stop=false
time=2026-06-12T23:11:41.711+08:00 level=INFO msg=处理完成一个批次 latest_time="2026-06-12 17:49:48" latest_sender=小大饼 latest_message=广场是啥？ stop=false
time=2026-06-12T23:11:43.606+08:00 level=INFO msg=处理完成一个批次 latest_time="2026-06-12 17:15:27" latest_sender=我爱吃肠粉001 latest_message=「相当于联名卡吧，刷 stop=false
time=2026-06-12T23:11:45.699+08:00 level=INFO msg=处理完成一个批次 latest_time="2026-06-12 17:01:10" latest_sender=endlessummerr- latest_message=「@我爱吃肠粉001:「「@ stop=false
time=2026-06-12T23:11:47.732+08:00 level=INFO msg=处理完成一个批次 latest_time="2026-06-12 16:45:39" latest_sender=vb____ latest_message=不用专门看，群里都一 stop=false
time=2026-06-12T23:11:51.139+08:00 level=INFO msg=处理完成一个批次 latest_time="2026-06-12 16:37:30" latest_sender=南洋水师 latest_message="「@tombkeeper 我在办公室" stop=false
time=2026-06-12T23:11:55.000+08:00 level=INFO msg=处理完成一个批次 latest_time="2026-06-12 16:31:55" latest_sender=黑眼圈要减肥Hyc latest_message=分享图片 stop=false
time=2026-06-12T23:11:56.863+08:00 level=INFO msg=处理完成一个批次 latest_time="2026-06-12 16:26:38" latest_sender=你好-勤奋的陈先生 latest_message="「@黑眼圈要减肥Hyc:厉\xe5" stop=false
time=2026-06-12T23:11:58.991+08:00 level=INFO msg=处理完成一个批次 latest_time="2026-06-12 16:22:21" latest_sender=endlessummerr- latest_message="「@梦星河200602:我老婆\xe6" stop=false
time=2026-06-12T23:12:00.726+08:00 level=INFO msg=处理完成一个批次 latest_time="2026-06-12 16:18:45" latest_sender=亲爱的L先森 latest_message=我逛盒马的一大乐趣是 stop=false
time=2026-06-12T23:12:03.306+08:00 level=INFO msg=处理完成一个批次 latest_time="2026-06-12 16:13:54" latest_sender=梦星河200602 latest_message="我喜欢 tf 的乌木跟爱\xe9\xa9" stop=false
time=2026-06-12T23:12:05.041+08:00 level=INFO msg=处理完成一个批次 latest_time="2026-06-12 16:10:22" latest_sender=黑眼圈要减肥Hyc latest_message=不过还是听教主建议去 stop=false
time=2026-06-12T23:12:07.085+08:00 level=INFO msg=处理完成一个批次 latest_time="2026-06-12 15:29:02" latest_sender=小大饼 latest_message=喜欢的女同事又早退了 stop=false
time=2026-06-12T23:12:09.049+08:00 level=INFO msg=处理完成一个批次 latest_time="2026-06-12 14:58:16" latest_sender=万物既渺小又伟大 latest_message="「我去，怎么缅A又跳\xe6\xb0" stop=false
time=2026-06-12T23:12:10.770+08:00 level=INFO msg=处理完成一个批次 latest_time="2026-06-12 14:30:12" latest_sender=四岚1883 latest_message=「@四岚1883:估计能冲过 stop=false
time=2026-06-12T23:12:12.741+08:00 level=INFO msg=处理完成一个批次 latest_time="2026-06-12 14:18:38" latest_sender=叫我小鸡君吧 latest_message=「SpaceX已经有合约了， stop=false
time=2026-06-12T23:12:14.856+08:00 level=INFO msg=处理完成一个批次 latest_time="2026-06-12 13:56:10" latest_sender=雨石plus latest_message=不需要翻墙的 stop=false
time=2026-06-12T23:12:17.008+08:00 level=INFO msg=处理完成一个批次 latest_time="2026-06-12 13:19:33" latest_sender=雨石plus latest_message="「TK好像说过工作累的\xe6" stop=false
time=2026-06-12T23:12:19.101+08:00 level=INFO msg=处理完成一个批次 latest_time="2026-06-12 12:44:43" latest_sender=FFFFVIP latest_message=姿势对吗 stop=false
time=2026-06-12T23:12:21.687+08:00 level=INFO msg=处理完成一个批次 latest_time="2026-06-12 12:26:48" latest_sender=自由的西瓜L latest_message="「「@我爱吃肠粉001:云\xe7" stop=false
time=2026-06-12T23:12:23.427+08:00 level=INFO msg=处理完成一个批次 latest_time="2026-06-12 12:03:33" latest_sender=ScaryLeopard419 latest_message="「「「微博」\n- - - - - -" stop=false
time=2026-06-12T23:12:25.089+08:00 level=INFO msg=处理完成一个批次 latest_time="2026-06-12 11:45:02" latest_sender=小大饼 latest_message=兴奋得合不拢腿~ stop=false
time=2026-06-12T23:12:26.771+08:00 level=INFO msg=处理完成一个批次 latest_time="2026-06-12 11:31:27" latest_sender=铜冰鉴43228 latest_message=几家数字银行的还行， stop=false
time=2026-06-12T23:12:28.502+08:00 level=INFO msg=处理完成一个批次 latest_time="2026-06-12 11:17:37" latest_sender=fuhku latest_message=「「想去办港卡，除了 stop=false
time=2026-06-12T23:12:30.179+08:00 level=INFO msg=处理完成一个批次 latest_time="2026-06-12 11:08:44" latest_sender=Joyce_irina latest_message=中银香港 stop=false
time=2026-06-12T23:12:32.508+08:00 level=INFO msg=处理完成一个批次 latest_time="2026-06-12 10:09:22" latest_sender=胖达心态要好 latest_message=昨天和新领导吃饭，新 stop=false
time=2026-06-12T23:12:34.788+08:00 level=INFO msg=处理完成一个批次 latest_time="2026-06-12 09:15:47" latest_sender=fuhku latest_message="@小大饼 你一般兑多少\xe6" stop=false
time=2026-06-12T23:12:36.633+08:00 level=INFO msg=处理完成一个批次 latest_time="2026-06-12 08:48:43" latest_sender=等下就去吃饭 latest_message=http://t.cn/AXaLSfEB stop=false
time=2026-06-12T23:12:54.071+08:00 level=WARN msg="通过响应监听下载 fid 失败，尝试回退到浏览器内 fetch" fid=5308890951716807 err="timeout:Timeout 15000.00ms exceeded."
time=2026-06-12T23:12:54.145+08:00 level=WARN msg="浏览器内 fetch 下载 fid 失败" fid=5308890951716807 url="https://upload.api.weibo.com/2/mss/msget?fid=5308890951716807&source=209678993&imageType=origin&ts=1781277174071" err="TypeError: Failed to fetch"
time=2026-06-12T23:12:54.181+08:00 level=WARN msg="浏览器内 fetch 下载 fid 失败" fid=5308890951716807 url="https://upload.api.weibo.com/2/mss/msget?fid=5308890951716807&touid=4761715839862414&ts=1781277174071" err="TypeError: Failed to fetch"
time=2026-06-12T23:12:54.282+08:00 level=WARN msg="浏览器内 fetch 下载 fid 失败" fid=5308890951716807 url="https://upload.api.weibo.com/2/mss/msget?fid=5308890951716807&source=209678993&touid=4761715839862414&imageType=origin&ts=1781277174071" err="TypeError: Failed to fetch"
time=2026-06-12T23:12:54.282+08:00 level=WARN msg="浏览器内 fid 下载全部失败，尝试直接 HTTP 下载" fid=5308890951716807 err="TypeError: Failed to fetch"
time=2026-06-12T23:12:54.501+08:00 level=INFO msg="fid 媒体已通过直接 HTTP 回退下载成功" fid=5308890951716807 path=/home/duty/weibo_cron/chat_media_downloads/img_5308890951716807_茧房日报260611.pdf
time=2026-06-12T23:12:54.501+08:00 level=INFO msg=处理完成一个批次 latest_time="2026-06-12 08:02:46" latest_sender=FFFFVIP latest_message=http://weibo.com/6236276241/R3 stop=false
time=2026-06-12T23:12:56.182+08:00 level=INFO msg=处理完成一个批次 latest_time="2026-06-12 07:33:37" latest_sender=x先生的奇思妙想 latest_message=早 stop=false
time=2026-06-12T23:12:58.978+08:00 level=INFO msg=处理完成一个批次 latest_time="2026-06-12 06:02:35" latest_sender=丌天大圣 latest_message=早 stop=false
time=2026-06-12T23:13:01.710+08:00 level=INFO msg=处理完成一个批次 latest_time="2026-06-12 01:36:59" latest_sender=nkaifang latest_message=不知道是不是又是狼来 stop=false
time=2026-06-12T23:13:03.574+08:00 level=INFO msg=处理完成一个批次 latest_time="2026-06-12 00:10:41" latest_sender=肥圆真君_WWW latest_message="「续卡5个工作日才能\xe5\x88" stop=false
time=2026-06-12T23:13:06.858+08:00 level=INFO msg=处理完成一个批次 latest_time="2026-06-11 23:57:09" latest_sender=Hollyw00d latest_message="续卡5个工作日才能到 \xe8" stop=false
time=2026-06-12T23:13:08.745+08:00 level=INFO msg=处理完成一个批次 latest_time="2026-06-11 23:26:23" latest_sender=叫我小鸡君吧 latest_message=不透气 stop=false
time=2026-06-12T23:13:10.375+08:00 level=INFO msg=处理完成一个批次 latest_time="2026-06-11 23:16:46" latest_sender=有种来中路 latest_message="「一次能尿 800 ml 左右\xe3" stop=false
time=2026-06-12T23:13:12.112+08:00 level=INFO msg=处理完成一个批次 latest_time="2026-06-11 23:09:12" latest_sender=叫我小鸡君吧 latest_message=你怎么反向接水[坏笑] stop=true
time=2026-06-12T23:13:12.156+08:00 level=INFO msg=群聊历史抓取完成 new_count=1320 history_dir=/home/duty/weibo_cron/clean_history state_file=/home/duty/weibo_cron/group_chat_state.json
time=2026-06-12T23:13:14.369+08:00 level=INFO msg=群聊摘要推送完成 message_count=1
time=2026-06-13T23:10:03.976+08:00 level=INFO msg=群聊模式配置加载完成 config=config.groupchat.yaml
time=2026-06-13T23:10:08.737+08:00 level=INFO msg=打开微博群聊页面 url="https://api.weibo.com/chat/#/chat?check_gid=4761715839862414&source_from=11" user_data_dir=/home/duty/weibo_cron/weibo_user_data browser_channel=chrome
time=2026-06-13T23:10:09.732+08:00 level=INFO msg=如未登录，请在打开的浏览器中完成登录；程序正在等待群聊消息接口返回
time=2026-06-13T23:10:10.927+08:00 level=INFO msg=群聊页面已加载，开始抓取历史消息
time=2026-06-13T23:10:11.517+08:00 level=INFO msg=处理完成一个批次 latest_time="2026-06-13 23:10:03" latest_sender=Nolan_lopez latest_message=东莞厚街的话，永利饭 stop=false
time=2026-06-13T23:10:25.396+08:00 level=INFO msg=处理完成一个批次 latest_time="2026-06-13 23:06:49" latest_sender=黑眼圈要减肥Hyc latest_message=虎门大桥要是便宜点或 stop=false
time=2026-06-13T23:10:27.954+08:00 level=INFO msg=处理完成一个批次 latest_time="2026-06-13 22:40:39" latest_sender=陈陈想吃西瓜 latest_message=哦哦，烤鹅看错了 stop=false
time=2026-06-13T23:10:32.518+08:00 level=INFO msg=处理完成一个批次 latest_time="2026-06-13 21:35:29" latest_sender=星逸几度秋_ latest_message="「「「图片」\n- - - - - -" stop=false
time=2026-06-13T23:10:34.805+08:00 level=INFO msg=处理完成一个批次 latest_time="2026-06-13 21:17:50" latest_sender=星逸几度秋_ latest_message=小lin吗 stop=false
time=2026-06-13T23:10:36.505+08:00 level=INFO msg=处理完成一个批次 latest_time="2026-06-13 21:02:13" latest_sender=小大饼 latest_message=看来我做全麻不能找妹 stop=false
time=2026-06-13T23:10:38.277+08:00 level=INFO msg=处理完成一个批次 latest_time="2026-06-13 20:53:22" latest_sender=小大饼 latest_message=「@____方格:年初我陪我 stop=false
time=2026-06-13T23:10:40.299+08:00 level=INFO msg=处理完成一个批次 latest_time="2026-06-13 20:29:41" latest_sender=nkaifang latest_message=「请教各位群友，有推 stop=false
time=2026-06-13T23:10:42.738+08:00 level=INFO msg=处理完成一个批次 latest_time="2026-06-13 20:28:42" latest_sender=苏打水里的气泡- latest_message=收到红包消息，请在手 stop=false
time=2026-06-13T23:10:49.761+08:00 level=INFO msg=处理完成一个批次 latest_time="2026-06-13 20:08:58" latest_sender=星逸几度秋_ latest_message="「不发 t 音啊」\n- - - - " stop=false
time=2026-06-13T23:10:52.649+08:00 level=INFO msg=处理完成一个批次 latest_time="2026-06-13 19:52:58" latest_sender=黄健楸 latest_message=分享图片 stop=false
time=2026-06-13T23:10:55.034+08:00 level=INFO msg=处理完成一个批次 latest_time="2026-06-13 19:03:35" latest_sender=小大饼 latest_message=不是沙县，是盒马 stop=false
time=2026-06-13T23:10:58.829+08:00 level=INFO msg=处理完成一个批次 latest_time="2026-06-13 18:20:59" latest_sender=Horcruxer0x9c73bf31 latest_message=分享图片 stop=false
time=2026-06-13T23:11:00.617+08:00 level=INFO msg=处理完成一个批次 latest_time="2026-06-13 17:34:41" latest_sender=拾人牙慧的复读机 latest_message=http://weibo.com/1893892941/R3 stop=false
time=2026-06-13T23:11:02.244+08:00 level=INFO msg=处理完成一个批次 latest_time="2026-06-13 16:49:41" latest_sender=伽俐详 latest_message="「「@伽俐详: @春天小\xe7\xbe" stop=false
time=2026-06-13T23:11:03.874+08:00 level=INFO msg=处理完成一个批次 latest_time="2026-06-13 16:41:03" latest_sender=白噪声white_noise latest_message="「图片」\n- - - - - - - - -" stop=false
time=2026-06-13T23:11:06.090+08:00 level=INFO msg=处理完成一个批次 latest_time="2026-06-13 16:34:01" latest_sender=春天小羚羊 latest_message=还要操心报志愿的事情 stop=false
time=2026-06-13T23:11:07.882+08:00 level=INFO msg=处理完成一个批次 latest_time="2026-06-13 16:04:48" latest_sender=伽俐详 latest_message=能不能确认身份然后抓 stop=false
time=2026-06-13T23:11:11.044+08:00 level=INFO msg=处理完成一个批次 latest_time="2026-06-13 15:43:58" latest_sender=背起背囊 latest_message="@小大饼 不会是你拍的\xe5" stop=false
time=2026-06-13T23:11:13.135+08:00 level=INFO msg=处理完成一个批次 latest_time="2026-06-13 14:39:30" latest_sender=Bonoboooo latest_message=禁止恶意测评！《网络 stop=false
time=2026-06-13T23:11:14.839+08:00 level=INFO msg=处理完成一个批次 latest_time="2026-06-13 13:10:04" latest_sender=Hollyw00d latest_message="「清一色真好看」\n- - -" stop=false
time=2026-06-13T23:11:16.913+08:00 level=INFO msg=处理完成一个批次 latest_time="2026-06-13 11:23:45" latest_sender=肥圆真君_WWW latest_message=http://weibo.com/1834459124/R3 stop=false
time=2026-06-13T23:11:18.708+08:00 level=INFO msg=处理完成一个批次 latest_time="2026-06-13 10:59:34" latest_sender=黄健楸 latest_message=涉及到背锅的。得看具 stop=false
time=2026-06-13T23:11:20.697+08:00 level=INFO msg=处理完成一个批次 latest_time="2026-06-13 10:54:11" latest_sender=粉丝群 latest_message=涉及资金问题请务必提 stop=false
time=2026-06-13T23:11:24.037+08:00 level=INFO msg=处理完成一个批次 latest_time="2026-06-13 10:41:03" latest_sender=WojakW latest_message=这两天我们系统被攻击 stop=false
time=2026-06-13T23:11:27.387+08:00 level=INFO msg=处理完成一个批次 latest_time="2026-06-13 10:15:27" latest_sender=铜冰鉴43228 latest_message="铜冰鉴43228 撤回了一条" stop=false
time=2026-06-13T23:11:44.140+08:00 level=WARN msg="通过响应监听下载 fid 失败，尝试回退到浏览器内 fetch" fid=5309271464214763 err="timeout:Timeout 15000.00ms exceeded."
time=2026-06-13T23:11:44.902+08:00 level=WARN msg="浏览器内 fetch 下载 fid 失败" fid=5309271464214763 url="https://upload.api.weibo.com/2/mss/msget?fid=5309271464214763&source=209678993&imageType=origin&ts=1781363504140" err="TypeError: Failed to fetch"
time=2026-06-13T23:11:44.959+08:00 level=WARN msg="浏览器内 fetch 下载 fid 失败" fid=5309271464214763 url="https://upload.api.weibo.com/2/mss/msget?fid=5309271464214763&touid=4761715839862414&ts=1781363504140" err="TypeError: Failed to fetch"
time=2026-06-13T23:11:45.284+08:00 level=WARN msg="浏览器内 fetch 下载 fid 失败" fid=5309271464214763 url="https://upload.api.weibo.com/2/mss/msget?fid=5309271464214763&source=209678993&touid=4761715839862414&imageType=origin&ts=1781363504140" err="TypeError: Failed to fetch"
time=2026-06-13T23:11:45.284+08:00 level=WARN msg="浏览器内 fid 下载全部失败，尝试直接 HTTP 下载" fid=5309271464214763 err="TypeError: Failed to fetch"
time=2026-06-13T23:11:47.210+08:00 level=INFO msg="fid 媒体已通过直接 HTTP 回退下载成功" fid=5309271464214763 path="/home/duty/weibo_cron/chat_media_downloads/img_5309271464214763_芸芸众生 被生活转换的政治 (沈乾飞) (z-library.sk, 1lib.sk, z-lib.sk).pdf"
time=2026-06-13T23:11:47.210+08:00 level=INFO msg=处理完成一个批次 latest_time="2026-06-13 09:04:44" latest_sender=今晚早睡叭 latest_message=早 stop=false
time=2026-06-13T23:11:49.021+08:00 level=INFO msg=处理完成一个批次 latest_time="2026-06-13 07:50:55" latest_sender=Hollyw00d latest_message=早 stop=false
time=2026-06-13T23:12:05.923+08:00 level=WARN msg="通过响应监听下载 fid 失败，尝试回退到浏览器内 fetch" fid=5309185152516266 err="timeout:Timeout 15000.00ms exceeded."
time=2026-06-13T23:12:06.021+08:00 level=WARN msg="浏览器内 fetch 下载 fid 失败" fid=5309185152516266 url="https://upload.api.weibo.com/2/mss/msget?fid=5309185152516266&source=209678993&imageType=origin&ts=1781363525923" err="TypeError: Failed to fetch"
time=2026-06-13T23:12:06.067+08:00 level=WARN msg="浏览器内 fetch 下载 fid 失败" fid=5309185152516266 url="https://upload.api.weibo.com/2/mss/msget?fid=5309185152516266&touid=4761715839862414&ts=1781363525923" err="TypeError: Failed to fetch"
time=2026-06-13T23:12:06.156+08:00 level=WARN msg="浏览器内 fetch 下载 fid 失败" fid=5309185152516266 url="https://upload.api.weibo.com/2/mss/msget?fid=5309185152516266&source=209678993&touid=4761715839862414&imageType=origin&ts=1781363525923" err="TypeError: Failed to fetch"
time=2026-06-13T23:12:06.156+08:00 level=WARN msg="浏览器内 fid 下载全部失败，尝试直接 HTTP 下载" fid=5309185152516266 err="TypeError: Failed to fetch"
time=2026-06-13T23:12:06.270+08:00 level=INFO msg="fid 媒体已通过直接 HTTP 回退下载成功" fid=5309185152516266 path=/home/duty/weibo_cron/chat_media_downloads/img_5309185152516266_茧房日报260612.pdf
time=2026-06-13T23:12:26.614+08:00 level=WARN msg="通过响应监听下载 fid 失败，尝试回退到浏览器内 fetch" fid=5309146015990537 err="timeout:Timeout 15000.00ms exceeded."
time=2026-06-13T23:12:30.156+08:00 level=WARN msg="浏览器内 fetch 下载 fid 失败" fid=5309146015990537 url="https://upload.api.weibo.com/2/mss/msget?fid=5309146015990537&source=209678993&imageType=origin&ts=1781363546615" err="TypeError: Failed to fetch"
time=2026-06-13T23:12:30.216+08:00 level=WARN msg="浏览器内 fetch 下载 fid 失败" fid=5309146015990537 url="https://upload.api.weibo.com/2/mss/msget?fid=5309146015990537&touid=4761715839862414&ts=1781363546615" err="TypeError: Failed to fetch"
time=2026-06-13T23:12:30.365+08:00 level=WARN msg="浏览器内 fetch 下载 fid 失败" fid=5309146015990537 url="https://upload.api.weibo.com/2/mss/msget?fid=5309146015990537&source=209678993&touid=4761715839862414&imageType=origin&ts=1781363546615" err="TypeError: Failed to fetch"
time=2026-06-13T23:12:30.365+08:00 level=WARN msg="浏览器内 fid 下载全部失败，尝试直接 HTTP 下载" fid=5309146015990537 err="TypeError: Failed to fetch"
time=2026-06-13T23:12:32.689+08:00 level=INFO msg="fid 媒体已通过直接 HTTP 回退下载成功" fid=5309146015990537 path=/home/duty/weibo_cron/chat_media_downloads/img_5309146015990537_芸芸众生：被生活转换的政治_沈乾飞.pdf
time=2026-06-13T23:12:32.689+08:00 level=INFO msg=处理完成一个批次 latest_time="2026-06-13 06:23:57" latest_sender=叫我小鸡君吧 latest_message=[动画表情] stop=false
time=2026-06-13T23:12:39.847+08:00 level=INFO msg=处理完成一个批次 latest_time="2026-06-13 00:24:17" latest_sender=樱桃树rani latest_message=分享图片 stop=false
time=2026-06-13T23:12:41.953+08:00 level=INFO msg=处理完成一个批次 latest_time="2026-06-12 23:41:31" latest_sender=相信相信的梦呓 latest_message="「@相信相信的梦呓 你\xe6" stop=true
time=2026-06-13T23:12:41.978+08:00 level=INFO msg=群聊历史抓取完成 new_count=610 history_dir=/home/duty/weibo_cron/clean_history state_file=/home/duty/weibo_cron/group_chat_state.json
time=2026-06-13T23:12:43.717+08:00 level=INFO msg=群聊摘要推送完成 message_count=1
time=2026-06-14T23:10:03.220+08:00 level=INFO msg=群聊模式配置加载完成 config=config.groupchat.yaml
time=2026-06-14T23:10:08.675+08:00 level=INFO msg=打开微博群聊页面 url="https://api.weibo.com/chat/#/chat?check_gid=4761715839862414&source_from=11" user_data_dir=/home/duty/weibo_cron/weibo_user_data browser_channel=chrome
time=2026-06-14T23:10:09.680+08:00 level=INFO msg=如未登录，请在打开的浏览器中完成登录；程序正在等待群聊消息接口返回
time=2026-06-14T23:10:10.914+08:00 level=INFO msg=群聊页面已加载，开始抓取历史消息
time=2026-06-14T23:10:12.208+08:00 level=INFO msg=处理完成一个批次 latest_time="2026-06-14 23:09:55" latest_sender=tombkeeper latest_message=美国房子的墙壁以石膏 stop=false
time=2026-06-14T23:10:12.905+08:00 level=INFO msg=处理完成一个批次 latest_time="2026-06-14 22:21:57" latest_sender=荣皖 latest_message=「文艺左这篇微博下的 stop=false
time=2026-06-14T23:10:15.403+08:00 level=INFO msg=处理完成一个批次 latest_time="2026-06-14 21:49:12" latest_sender=星逸几度秋_ latest_message="「「微博」\n- - - - - - - " stop=false
time=2026-06-14T23:10:18.020+08:00 level=INFO msg=处理完成一个批次 latest_time="2026-06-14 20:55:13" latest_sender=黑眼圈要减肥Hyc latest_message=提速降费…… stop=false
time=2026-06-14T23:10:20.940+08:00 level=INFO msg=处理完成一个批次 latest_time="2026-06-14 19:05:53" latest_sender=伽俐详 latest_message="「「啊啊啊啊啊啊大 V " stop=false
time=2026-06-14T23:10:23.048+08:00 level=INFO msg=处理完成一个批次 latest_time="2026-06-14 16:36:36" latest_sender=拾人牙慧的复读机 latest_message=618临近，一堆京东美女 stop=false
time=2026-06-14T23:10:25.624+08:00 level=INFO msg=处理完成一个批次 latest_time="2026-06-14 15:43:46" latest_sender=万物既渺小又伟大 latest_message=分享图片 stop=false
time=2026-06-14T23:10:27.625+08:00 level=INFO msg=处理完成一个批次 latest_time="2026-06-14 15:27:05" latest_sender=花小生鱼 latest_message="花小生鱼 撤回了一条\xe6\xb6" stop=false
time=2026-06-14T23:10:34.887+08:00 level=INFO msg=处理完成一个批次 latest_time="2026-06-14 13:53:31" latest_sender=拾人牙慧的复读机 latest_message="「图片」\n- - - - - - - - -" stop=false
time=2026-06-14T23:10:37.367+08:00 level=INFO msg=处理完成一个批次 latest_time="2026-06-14 12:58:59" latest_sender=星逸几度秋_ latest_message=好像有点不太正面，但 stop=false
time=2026-06-14T23:10:39.388+08:00 level=INFO msg=处理完成一个批次 latest_time="2026-06-14 11:52:11" latest_sender=Monkey_D_Law latest_message=花轮兄弟的绝招肯定没 stop=false
time=2026-06-14T23:10:41.240+08:00 level=INFO msg=处理完成一个批次 latest_time="2026-06-14 11:30:00" latest_sender=Monkey_D_Law latest_message=赢了 stop=false
time=2026-06-14T23:10:45.874+08:00 level=INFO msg=处理完成一个批次 latest_time="2026-06-14 10:32:57" latest_sender=黄健楸 latest_message=胖老师又暴论了？ stop=false
time=2026-06-14T23:10:47.836+08:00 level=INFO msg=处理完成一个批次 latest_time="2026-06-14 09:41:42" latest_sender=胖子快醒醒 latest_message=面哥好像喜欢帅气的女 stop=false
time=2026-06-14T23:10:50.157+08:00 level=INFO msg=处理完成一个批次 latest_time="2026-06-14 08:32:45" latest_sender=要做一个可爱的人 latest_message=早 stop=false
time=2026-06-14T23:11:06.884+08:00 level=WARN msg="通过响应监听下载 fid 失败，尝试回退到浏览器内 fetch" fid=5309546072639469 err="timeout:Timeout 15000.00ms exceeded."
time=2026-06-14T23:11:06.969+08:00 level=WARN msg="浏览器内 fetch 下载 fid 失败" fid=5309546072639469 url="https://upload.api.weibo.com/2/mss/msget?fid=5309546072639469&source=209678993&imageType=origin&ts=1781449866884" err="TypeError: Failed to fetch"
time=2026-06-14T23:11:07.014+08:00 level=WARN msg="浏览器内 fetch 下载 fid 失败" fid=5309546072639469 url="https://upload.api.weibo.com/2/mss/msget?fid=5309546072639469&touid=4761715839862414&ts=1781449866884" err="TypeError: Failed to fetch"
time=2026-06-14T23:11:07.091+08:00 level=WARN msg="浏览器内 fetch 下载 fid 失败" fid=5309546072639469 url="https://upload.api.weibo.com/2/mss/msget?fid=5309546072639469&source=209678993&touid=4761715839862414&imageType=origin&ts=1781449866884" err="TypeError: Failed to fetch"
time=2026-06-14T23:11:07.091+08:00 level=WARN msg="浏览器内 fid 下载全部失败，尝试直接 HTTP 下载" fid=5309546072639469 err="TypeError: Failed to fetch"
time=2026-06-14T23:11:07.415+08:00 level=INFO msg="fid 媒体已通过直接 HTTP 回退下载成功" fid=5309546072639469 path=/home/duty/weibo_cron/chat_media_downloads/img_5309546072639469_茧房日报260613.pdf
time=2026-06-14T23:11:07.415+08:00 level=INFO msg=处理完成一个批次 latest_time="2026-06-14 07:20:37" latest_sender=fromheart596 latest_message=早 stop=false
time=2026-06-14T23:11:09.473+08:00 level=INFO msg=处理完成一个批次 latest_time="2026-06-13 23:47:05" latest_sender=Nolan_lopez latest_message=诶，还没试过，下次试 stop=false
time=2026-06-14T23:11:11.145+08:00 level=INFO msg=处理完成一个批次 latest_time="2026-06-13 23:33:30" latest_sender=我爱吃肠粉001 latest_message=「现在开车过去，刚好 stop=false
time=2026-06-14T23:11:14.026+08:00 level=INFO msg=处理完成一个批次 latest_time="2026-06-13 23:29:01" latest_sender=Nolan_lopez latest_message=不过他在南沙，去哪都 stop=false
time=2026-06-14T23:11:16.216+08:00 level=INFO msg=处理完成一个批次 latest_time="2026-06-13 23:19:50" latest_sender=我爱吃肠粉001 latest_message=「之前吃狮头鹅的外卖 stop=false
time=2026-06-14T23:11:18.057+08:00 level=INFO msg=处理完成一个批次 latest_time="2026-06-13 23:12:55" latest_sender=Afeeeer latest_message=高德还有好友吗 stop=true
time=2026-06-14T23:11:18.070+08:00 level=INFO msg=群聊历史抓取完成 new_count=415 history_dir=/home/duty/weibo_cron/clean_history state_file=/home/duty/weibo_cron/group_chat_state.json
time=2026-06-14T23:11:25.069+08:00 level=INFO msg=群聊摘要推送完成 message_count=1
time=2026-06-15T23:10:03.381+08:00 level=INFO msg=群聊模式配置加载完成 config=config.groupchat.yaml
time=2026-06-15T23:10:08.329+08:00 level=INFO msg=打开微博群聊页面 url="https://api.weibo.com/chat/#/chat?check_gid=4761715839862414&source_from=11" user_data_dir=/home/duty/weibo_cron/weibo_user_data browser_channel=chrome
time=2026-06-15T23:10:09.206+08:00 level=INFO msg=如未登录，请在打开的浏览器中完成登录；程序正在等待群聊消息接口返回
time=2026-06-15T23:10:10.371+08:00 level=INFO msg=群聊页面已加载，开始抓取历史消息
time=2026-06-15T23:10:10.829+08:00 level=INFO msg=处理完成一个批次 latest_time="2026-06-15 23:08:17" latest_sender=一只方阿 latest_message="「tmb」\n- - - - - - - - - - " stop=false
time=2026-06-15T23:10:11.102+08:00 level=INFO msg=处理完成一个批次 latest_time="2026-06-15 22:59:14" latest_sender=陈陈想吃西瓜 latest_message=人性就是追涨杀跌 stop=false
time=2026-06-15T23:10:12.943+08:00 level=INFO msg=处理完成一个批次 latest_time="2026-06-15 22:50:11" latest_sender=Joyce_irina latest_message=易方达和大摩站在光里 stop=false
time=2026-06-15T23:10:15.331+08:00 level=INFO msg=处理完成一个批次 latest_time="2026-06-15 22:31:11" latest_sender=万物既渺小又伟大 latest_message=「基金名称：财通集成 stop=false
time=2026-06-15T23:10:17.193+08:00 level=INFO msg=处理完成一个批次 latest_time="2026-06-15 22:16:11" latest_sender=0x指纹 latest_message=多试着想办法把握自己 stop=false
time=2026-06-15T23:10:18.874+08:00 level=INFO msg=处理完成一个批次 latest_time="2026-06-15 22:00:44" latest_sender=一只方阿 latest_message=大就是好，好就是大。 stop=false
time=2026-06-15T23:10:20.876+08:00 level=INFO msg=处理完成一个批次 latest_time="2026-06-15 21:47:45" latest_sender=onemoretrees一棵树 latest_message=哈哈哈哈 stop=false
time=2026-06-15T23:10:22.998+08:00 level=INFO msg=处理完成一个批次 latest_time="2026-06-15 21:42:37" latest_sender=胖达心态要好 latest_message=对于这个，我只能努力 stop=false
time=2026-06-15T23:10:24.736+08:00 level=INFO msg=处理完成一个批次 latest_time="2026-06-15 21:34:07" latest_sender=在公车上吃花生酱的浣熊 latest_message=你有那掰扯的时间，给 stop=false
time=2026-06-15T23:10:27.673+08:00 level=INFO msg=处理完成一个批次 latest_time="2026-06-15 21:25:42" latest_sender=在公车上吃花生酱的浣熊 latest_message=她本可以把麻将丢你脑 stop=false
time=2026-06-15T23:10:29.380+08:00 level=INFO msg=处理完成一个批次 latest_time="2026-06-15 21:20:20" latest_sender=在公车上吃花生酱的浣熊 latest_message=有位男士总是向自己身 stop=false
time=2026-06-15T23:10:31.126+08:00 level=INFO msg=处理完成一个批次 latest_time="2026-06-15 21:09:12" latest_sender=拱bot latest_message=http://weibo.com/1111681197/R4 stop=false
time=2026-06-15T23:10:33.124+08:00 level=INFO msg=处理完成一个批次 latest_time="2026-06-15 20:50:55" latest_sender=胖达心态要好 latest_message="「@阿尼亚是安妮亞:想\xe8" stop=false
time=2026-06-15T23:10:34.832+08:00 level=INFO msg=处理完成一个批次 latest_time="2026-06-15 20:41:04" latest_sender=胖达心态要好 latest_message="「@拱bot:这两句话，“\xe6" stop=false
time=2026-06-15T23:10:36.885+08:00 level=INFO msg=处理完成一个批次 latest_time="2026-06-15 20:31:57" latest_sender=胖达心态要好 latest_message="「@----Barbara:归根结底\xe4\xb8" stop=false
time=2026-06-15T23:10:38.575+08:00 level=INFO msg=处理完成一个批次 latest_time="2026-06-15 20:22:00" latest_sender=胖达心态要好 latest_message=学习了 stop=false
time=2026-06-15T23:10:40.810+08:00 level=INFO msg=处理完成一个批次 latest_time="2026-06-15 20:07:23" latest_sender=等下就去吃饭 latest_message=分享图片 stop=false
time=2026-06-15T23:10:42.440+08:00 level=INFO msg=处理完成一个批次 latest_time="2026-06-15 20:01:49" latest_sender=胖达心态要好 latest_message=我少走点弯路 stop=false
time=2026-06-15T23:10:44.106+08:00 level=INFO msg=处理完成一个批次 latest_time="2026-06-15 19:55:45" latest_sender=胖达心态要好 latest_message=对，我要改掉太较真， stop=false
time=2026-06-15T23:10:45.728+08:00 level=INFO msg=处理完成一个批次 latest_time="2026-06-15 19:49:20" latest_sender=万物既渺小又伟大 latest_message="「前几天场内标普 500\xef\xbc" stop=false
time=2026-06-15T23:10:47.360+08:00 level=INFO msg=处理完成一个批次 latest_time="2026-06-15 19:43:02" latest_sender=在公车上吃花生酱的浣熊 latest_message=人总是爱上同一款，然 stop=false
time=2026-06-15T23:10:49.009+08:00 level=INFO msg=处理完成一个批次 latest_time="2026-06-15 19:38:28" latest_sender=四岚1883 latest_message=应该能解决掉情绪 stop=false
time=2026-06-15T23:10:50.630+08:00 level=INFO msg=处理完成一个批次 latest_time="2026-06-15 19:36:03" latest_sender=在公车上吃花生酱的浣熊 latest_message=「「@四岚1883:更爱她对 stop=false
time=2026-06-15T23:10:52.294+08:00 level=INFO msg=处理完成一个批次 latest_time="2026-06-15 19:33:18" latest_sender=干拌面过冷水 latest_message=[动画表情] stop=false
time=2026-06-15T23:10:54.721+08:00 level=INFO msg=处理完成一个批次 latest_time="2026-06-15 19:21:05" latest_sender=响当当当的铜豌豆 latest_message="「「@clone_sheep 可能不\xe5\xa4" stop=false
time=2026-06-15T23:10:57.520+08:00 level=INFO msg=处理完成一个批次 latest_time="2026-06-15 18:42:07" latest_sender=Afeeeer latest_message=顺带了解了下SemiAnalysis stop=false
time=2026-06-15T23:10:59.608+08:00 level=INFO msg=处理完成一个批次 latest_time="2026-06-15 18:11:19" latest_sender=小大饼 latest_message=分享图片 stop=false
time=2026-06-15T23:11:01.270+08:00 level=INFO msg=处理完成一个批次 latest_time="2026-06-15 16:21:00" latest_sender=万物既渺小又伟大 latest_message="[笑cry]我持有的就是这\xe4" stop=false
time=2026-06-15T23:11:03.638+08:00 level=INFO msg=处理完成一个批次 latest_time="2026-06-15 16:12:24" latest_sender=lamomo123456 latest_message="1.13元，@胖达心态要好 " stop=false
time=2026-06-15T23:11:05.345+08:00 level=INFO msg=处理完成一个批次 latest_time="2026-06-15 16:05:34" latest_sender=花小生鱼 latest_message=「「值钱的判断啊，老 stop=false
time=2026-06-15T23:11:07.139+08:00 level=INFO msg=处理完成一个批次 latest_time="2026-06-15 15:59:12" latest_sender=我爱吃肠粉001 latest_message="「速度不够，plan抢不\xe5\x88" stop=false
time=2026-06-15T23:11:08.844+08:00 level=INFO msg=处理完成一个批次 latest_time="2026-06-15 15:43:17" latest_sender=我爱吃肠粉001 latest_message=智谱的市值和小米差不 stop=false
time=2026-06-15T23:11:10.506+08:00 level=INFO msg=处理完成一个批次 latest_time="2026-06-15 15:37:45" latest_sender=小阿飞_jiro latest_message="pcb 的" stop=false
time=2026-06-15T23:11:12.549+08:00 level=INFO msg=处理完成一个批次 latest_time="2026-06-15 15:32:37" latest_sender=梦星河200602 latest_message="「图片」\n- - - - - - - - -" stop=false
time=2026-06-15T23:11:14.421+08:00 level=INFO msg=处理完成一个批次 latest_time="2026-06-15 15:27:45" latest_sender=星逸几度秋_ latest_message=我去 stop=false
time=2026-06-15T23:11:16.356+08:00 level=INFO msg=处理完成一个批次 latest_time="2026-06-15 15:19:04" latest_sender=古拉TE latest_message=群友们知道这是什么原 stop=false
time=2026-06-15T23:11:18.069+08:00 level=INFO msg=处理完成一个批次 latest_time="2026-06-15 15:04:44" latest_sender=粉丝群 latest_message="@铜冰鉴4322... 是本轮最" stop=false
time=2026-06-15T23:11:19.811+08:00 level=INFO msg=处理完成一个批次 latest_time="2026-06-15 14:54:50" latest_sender=畅曰 latest_message="「看看@宝玉xp  写的书\xe3" stop=false
time=2026-06-15T23:11:21.457+08:00 level=INFO msg=处理完成一个批次 latest_time="2026-06-15 14:40:28" latest_sender=茴字的1970种写法 latest_message=一开始* stop=false
time=2026-06-15T23:11:23.119+08:00 level=INFO msg=处理完成一个批次 latest_time="2026-06-15 14:36:41" latest_sender=胖达心态要好 latest_message=「@茴字的1970种写法:「 stop=false
time=2026-06-15T23:11:24.869+08:00 level=INFO msg=处理完成一个批次 latest_time="2026-06-15 13:52:30" latest_sender=小大饼 latest_message=「朴槿惠照片那条这么 stop=false
time=2026-06-15T23:11:26.936+08:00 level=INFO msg=处理完成一个批次 latest_time="2026-06-15 13:06:02" latest_sender=孟昭俊 latest_message="「那里不可以！」\n- - -" stop=false
time=2026-06-15T23:11:28.643+08:00 level=INFO msg=处理完成一个批次 latest_time="2026-06-15 12:51:44" latest_sender=我爱吃肠粉001 latest_message=朋友们，端午节你们吃 stop=false
time=2026-06-15T23:11:30.852+08:00 level=INFO msg=处理完成一个批次 latest_time="2026-06-15 12:43:47" latest_sender=阿尼亚是安妮亞 latest_message=一开始让她“随便玩” stop=false
time=2026-06-15T23:11:33.077+08:00 level=INFO msg=处理完成一个批次 latest_time="2026-06-15 12:11:13" latest_sender=一团意大利面 latest_message="「「@一团意大利面:我\xe6" stop=false
time=2026-06-15T23:11:35.077+08:00 level=INFO msg=处理完成一个批次 latest_time="2026-06-15 11:45:35" latest_sender=Aviator_hu latest_message=分享图片 stop=false
time=2026-06-15T23:11:36.924+08:00 level=INFO msg=处理完成一个批次 latest_time="2026-06-15 11:07:46" latest_sender=CZW2025 latest_message="「图片」\n- - - - - - - - -" stop=false
time=2026-06-15T23:11:38.981+08:00 level=INFO msg=处理完成一个批次 latest_time="2026-06-15 10:31:58" latest_sender=我爱吃肠粉001 latest_message=看来当初应该买的不是 stop=false
time=2026-06-15T23:11:40.731+08:00 level=INFO msg=处理完成一个批次 latest_time="2026-06-15 09:46:45" latest_sender=SnowChou latest_message="「文件」\n- - - - - - - - -" stop=false
time=2026-06-15T23:11:42.721+08:00 level=INFO msg=处理完成一个批次 latest_time="2026-06-15 09:07:37" latest_sender=自由的西瓜L latest_message=每年花在各种系统上的 stop=false
time=2026-06-15T23:11:59.694+08:00 level=WARN msg="通过响应监听下载 fid 失败，尝试回退到浏览器内 fetch" fid=5309977108678502 err="timeout:Timeout 15000.00ms exceeded."
time=2026-06-15T23:11:59.806+08:00 level=WARN msg="浏览器内 fetch 下载 fid 失败" fid=5309977108678502 url="https://upload.api.weibo.com/2/mss/msget?fid=5309977108678502&source=209678993&imageType=origin&ts=1781536319694" err="TypeError: Failed to fetch"
time=2026-06-15T23:11:59.844+08:00 level=WARN msg="浏览器内 fetch 下载 fid 失败" fid=5309977108678502 url="https://upload.api.weibo.com/2/mss/msget?fid=5309977108678502&touid=4761715839862414&ts=1781536319694" err="TypeError: Failed to fetch"
time=2026-06-15T23:11:59.952+08:00 level=WARN msg="浏览器内 fetch 下载 fid 失败" fid=5309977108678502 url="https://upload.api.weibo.com/2/mss/msget?fid=5309977108678502&source=209678993&touid=4761715839862414&imageType=origin&ts=1781536319694" err="TypeError: Failed to fetch"
time=2026-06-15T23:11:59.952+08:00 level=WARN msg="浏览器内 fid 下载全部失败，尝试直接 HTTP 下载" fid=5309977108678502 err="TypeError: Failed to fetch"
time=2026-06-15T23:12:00.226+08:00 level=INFO msg="fid 媒体已通过直接 HTTP 回退下载成功" fid=5309977108678502 path=/home/duty/weibo_cron/chat_media_downloads/img_5309977108678502_茧房日报260614.pdf
time=2026-06-15T23:12:00.227+08:00 level=INFO msg=处理完成一个批次 latest_time="2026-06-15 08:25:45" latest_sender=seekwind_ latest_message=分享图片 stop=false
time=2026-06-15T23:12:01.896+08:00 level=INFO msg=处理完成一个批次 latest_time="2026-06-15 07:15:11" latest_sender=ActionKnows- latest_message=早 stop=false
time=2026-06-15T23:12:04.949+08:00 level=INFO msg=处理完成一个批次 latest_time="2026-06-15 00:57:39" latest_sender=铜冰鉴43228 latest_message=分享视频 stop=false
time=2026-06-15T23:12:22.133+08:00 level=WARN msg="通过响应监听下载 fid 失败，尝试回退到浏览器内 fetch" fid=5309853670047931 err="timeout:Timeout 15000.00ms exceeded."
time=2026-06-15T23:12:22.580+08:00 level=WARN msg="浏览器内 fetch 下载 fid 失败" fid=5309853670047931 url="https://upload.api.weibo.com/2/mss/msget?fid=5309853670047931&source=209678993&imageType=origin&ts=1781536342133" err="TypeError: Failed to fetch"
time=2026-06-15T23:12:22.633+08:00 level=WARN msg="浏览器内 fetch 下载 fid 失败" fid=5309853670047931 url="https://upload.api.weibo.com/2/mss/msget?fid=5309853670047931&touid=4761715839862414&ts=1781536342133" err="TypeError: Failed to fetch"
time=2026-06-15T23:12:22.701+08:00 level=WARN msg="浏览器内 fetch 下载 fid 失败" fid=5309853670047931 url="https://upload.api.weibo.com/2/mss/msget?fid=5309853670047931&source=209678993&touid=4761715839862414&imageType=origin&ts=1781536342133" err="TypeError: Failed to fetch"
time=2026-06-15T23:12:22.701+08:00 level=WARN msg="浏览器内 fid 下载全部失败，尝试直接 HTTP 下载" fid=5309853670047931 err="TypeError: Failed to fetch"
time=2026-06-15T23:12:22.961+08:00 level=INFO msg="fid 媒体已通过直接 HTTP 回退下载成功" fid=5309853670047931 path=/home/duty/weibo_cron/chat_media_downloads/img_5309853670047931_七日丝_260614.pdf
time=2026-06-15T23:12:22.962+08:00 level=INFO msg=处理完成一个批次 latest_time="2026-06-14 23:42:18" latest_sender=黑眼圈要减肥Hyc latest_message="「图片」\n- - - - - - - - -" stop=false
time=2026-06-15T23:12:24.866+08:00 level=INFO msg=处理完成一个批次 latest_time="2026-06-14 23:30:23" latest_sender=茴字的1970种写法 latest_message=都可以画一下。 stop=false
time=2026-06-15T23:12:26.695+08:00 level=INFO msg=处理完成一个批次 latest_time="2026-06-14 23:19:29" latest_sender=星逸几度秋_ latest_message=「他刚美国坐地铁，拿 stop=true
time=2026-06-15T23:12:26.734+08:00 level=INFO msg=群聊历史抓取完成 new_count=1110 history_dir=/home/duty/weibo_cron/clean_history state_file=/home/duty/weibo_cron/group_chat_state.json
time=2026-06-15T23:12:32.489+08:00 level=INFO msg=群聊摘要推送完成 message_count=1
time=2026-06-16T23:10:03.865+08:00 level=INFO msg=群聊模式配置加载完成 config=config.groupchat.yaml
time=2026-06-16T23:10:08.941+08:00 level=INFO msg=打开微博群聊页面 url="https://api.weibo.com/chat/#/chat?check_gid=4761715839862414&source_from=11" user_data_dir=/home/duty/weibo_cron/weibo_user_data browser_channel=chrome
time=2026-06-16T23:10:09.927+08:00 level=INFO msg=如未登录，请在打开的浏览器中完成登录；程序正在等待群聊消息接口返回
time=2026-06-16T23:10:11.081+08:00 level=INFO msg=群聊页面已加载，开始抓取历史消息
time=2026-06-16T23:10:11.756+08:00 level=INFO msg=处理完成一个批次 latest_time="2026-06-16 23:07:56" latest_sender=楼雨晴Lo latest_message=http://weibo.com/1757693565/R4 stop=false
time=2026-06-16T23:10:15.455+08:00 level=INFO msg=处理完成一个批次 latest_time="2026-06-16 22:33:01" latest_sender=粉丝群 latest_message=涉及资金问题请务必提 stop=false
time=2026-06-16T23:10:18.511+08:00 level=INFO msg=处理完成一个批次 latest_time="2026-06-16 22:17:50" latest_sender=梦星河200602 latest_message="南方KOSPI（03121.HK）目\xe5\x89" stop=false
time=2026-06-16T23:10:35.672+08:00 level=WARN msg="通过响应监听下载 fid 失败，尝试回退到浏览器内 fetch" fid=5310555817774089 err="timeout:Timeout 15000.00ms exceeded."
time=2026-06-16T23:10:35.825+08:00 level=WARN msg="浏览器内 fetch 下载 fid 失败" fid=5310555817774089 url="https://upload.api.weibo.com/2/mss/msget?fid=5310555817774089&source=209678993&imageType=origin&ts=1781622635672" err="TypeError: Failed to fetch"
time=2026-06-16T23:10:35.874+08:00 level=WARN msg="浏览器内 fetch 下载 fid 失败" fid=5310555817774089 url="https://upload.api.weibo.com/2/mss/msget?fid=5310555817774089&touid=4761715839862414&ts=1781622635672" err="TypeError: Failed to fetch"
time=2026-06-16T23:10:35.990+08:00 level=WARN msg="浏览器内 fetch 下载 fid 失败" fid=5310555817774089 url="https://upload.api.weibo.com/2/mss/msget?fid=5310555817774089&source=209678993&touid=4761715839862414&imageType=origin&ts=1781622635672" err="TypeError: Failed to fetch"
time=2026-06-16T23:10:35.990+08:00 level=WARN msg="浏览器内 fid 下载全部失败，尝试直接 HTTP 下载" fid=5310555817774089 err="TypeError: Failed to fetch"
time=2026-06-16T23:10:36.749+08:00 level=INFO msg="fid 媒体已通过直接 HTTP 回退下载成功" fid=5310555817774089 path=/home/duty/weibo_cron/chat_media_downloads/img_5310555817774089_1781618628417.mp4
time=2026-06-16T23:10:36.750+08:00 level=INFO msg=处理完成一个批次 latest_time="2026-06-16 22:12:46" latest_sender=天青色等烟雨201403 latest_message=发射十万颗卫星，把所 stop=false
time=2026-06-16T23:10:39.049+08:00 level=INFO msg=处理完成一个批次 latest_time="2026-06-16 21:45:24" latest_sender=特捣再现糨糊 latest_message=迪卡侬的天猫店、天猫 stop=false
time=2026-06-16T23:10:40.737+08:00 level=INFO msg=处理完成一个批次 latest_time="2026-06-16 20:16:40" latest_sender=东坡酒醒还复醉 latest_message="最近这种AI编造的印度\xe4" stop=false
time=2026-06-16T23:10:42.870+08:00 level=INFO msg=处理完成一个批次 latest_time="2026-06-16 19:42:53" latest_sender=Seaces latest_message="「微博」\n- - - - - - - - -" stop=false
time=2026-06-16T23:10:44.607+08:00 level=INFO msg=处理完成一个批次 latest_time="2026-06-16 19:23:50" latest_sender=梦星河200602 latest_message=逻辑 stop=false
time=2026-06-16T23:10:46.332+08:00 level=INFO msg=处理完成一个批次 latest_time="2026-06-16 19:09:39" latest_sender=等下就去吃饭 latest_message=我记得有专门的绿电etf stop=false
time=2026-06-16T23:10:48.987+08:00 level=INFO msg=处理完成一个批次 latest_time="2026-06-16 18:59:00" latest_sender=tombkeeper latest_message=微博服务一万个用户和 stop=false
time=2026-06-16T23:10:51.823+08:00 level=INFO msg=处理完成一个批次 latest_time="2026-06-16 18:28:28" latest_sender=一蓑烟雨任平生WB latest_message=没硬了？ stop=false
time=2026-06-16T23:10:53.632+08:00 level=INFO msg=处理完成一个批次 latest_time="2026-06-16 18:05:26" latest_sender=小阿飞_jiro latest_message=「「「亏了赚了很正常 stop=false
time=2026-06-16T23:10:55.416+08:00 level=INFO msg=处理完成一个批次 latest_time="2026-06-16 17:55:38" latest_sender=小阿飞_jiro latest_message=「别买那个爱听音乐的 stop=false
time=2026-06-16T23:10:57.985+08:00 level=INFO msg=处理完成一个批次 latest_time="2026-06-16 17:51:55" latest_sender=slipknot-li latest_message=[嘻嘻] stop=false
time=2026-06-16T23:11:00.504+08:00 level=INFO msg=处理完成一个批次 latest_time="2026-06-16 17:46:35" latest_sender=梦星河200602 latest_message="「微博」\n- - - - - - - - -" stop=false
time=2026-06-16T23:11:02.778+08:00 level=INFO msg=处理完成一个批次 latest_time="2026-06-16 17:36:14" latest_sender=CADgen的肉身 latest_message="「http://t.cn/RSWdaGr  计算" stop=false
time=2026-06-16T23:11:04.820+08:00 level=INFO msg=处理完成一个批次 latest_time="2026-06-16 16:34:23" latest_sender=自由的西瓜L latest_message="「http://t.cn/RSWdaGr  计算" stop=false
time=2026-06-16T23:11:06.925+08:00 level=INFO msg=处理完成一个批次 latest_time="2026-06-16 16:09:22" latest_sender=茴字的1970种写法 latest_message=哦，你竟然已经把新加 stop=false
time=2026-06-16T23:11:09.430+08:00 level=INFO msg=处理完成一个批次 latest_time="2026-06-16 15:40:48" latest_sender=我爱吃肠粉001 latest_message=分享图片 stop=false
time=2026-06-16T23:11:11.255+08:00 level=INFO msg=处理完成一个批次 latest_time="2026-06-16 15:07:36" latest_sender=Joyce_irina latest_message=我买的这个。刚开始吃 stop=false
time=2026-06-16T23:11:12.984+08:00 level=INFO msg=处理完成一个批次 latest_time="2026-06-16 15:00:44" latest_sender=古拉TE latest_message=哈哈，我刚吃了绿豆饼 stop=false
time=2026-06-16T23:11:14.701+08:00 level=INFO msg=处理完成一个批次 latest_time="2026-06-16 14:34:51" latest_sender=tk今天盲猜关注列表了吗 latest_message=我是真的佩服的 stop=false
time=2026-06-16T23:11:16.523+08:00 level=INFO msg=处理完成一个批次 latest_time="2026-06-16 14:15:17" latest_sender=七床技师 latest_message=我参与了一下，第一天 stop=false
time=2026-06-16T23:11:33.239+08:00 level=WARN msg="通过响应监听下载 fid 失败，尝试回退到浏览器内 fetch" fid=5310433491945202 err="timeout:Timeout 15000.00ms exceeded."
time=2026-06-16T23:11:33.446+08:00 level=WARN msg="浏览器内 fetch 下载 fid 失败" fid=5310433491945202 url="https://upload.api.weibo.com/2/mss/msget?fid=5310433491945202&source=209678993&imageType=origin&ts=1781622693239" err="TypeError: Failed to fetch"
time=2026-06-16T23:11:33.484+08:00 level=WARN msg="浏览器内 fetch 下载 fid 失败" fid=5310433491945202 url="https://upload.api.weibo.com/2/mss/msget?fid=5310433491945202&touid=4761715839862414&ts=1781622693239" err="TypeError: Failed to fetch"
time=2026-06-16T23:11:33.552+08:00 level=WARN msg="浏览器内 fetch 下载 fid 失败" fid=5310433491945202 url="https://upload.api.weibo.com/2/mss/msget?fid=5310433491945202&source=209678993&touid=4761715839862414&imageType=origin&ts=1781622693239" err="TypeError: Failed to fetch"
time=2026-06-16T23:11:33.552+08:00 level=WARN msg="浏览器内 fid 下载全部失败，尝试直接 HTTP 下载" fid=5310433491945202 err="TypeError: Failed to fetch"
time=2026-06-16T23:11:33.634+08:00 level=INFO msg="fid 媒体已通过直接 HTTP 回退下载成功" fid=5310433491945202 path=/home/duty/weibo_cron/chat_media_downloads/img_5310433491945202_1781589467542_by_filter.jpg
time=2026-06-16T23:11:33.801+08:00 level=INFO msg=处理完成一个批次 latest_time="2026-06-16 13:57:51" latest_sender=达包咩 latest_message=分享图片 stop=false
time=2026-06-16T23:11:35.895+08:00 level=INFO msg=处理完成一个批次 latest_time="2026-06-16 13:31:53" latest_sender=自由的西瓜L latest_message=我是彻底成为丐帮子弟 stop=false
time=2026-06-16T23:11:37.733+08:00 level=INFO msg=处理完成一个批次 latest_time="2026-06-16 13:23:21" latest_sender=花小生鱼 latest_message="[捂嘴哭]我是一点一点\xe5" stop=false
time=2026-06-16T23:11:39.338+08:00 level=INFO msg=处理完成一个批次 latest_time="2026-06-16 13:15:57" latest_sender=nkaifang latest_message=港股这IPO架势， stop=false
time=2026-06-16T23:11:41.234+08:00 level=INFO msg=处理完成一个批次 latest_time="2026-06-16 13:12:48" latest_sender=nkaifang latest_message=还有一周属于月底的范 stop=false
time=2026-06-16T23:11:42.863+08:00 level=INFO msg=处理完成一个批次 latest_time="2026-06-16 13:08:20" latest_sender=nkaifang latest_message=是的 stop=false
time=2026-06-16T23:11:44.534+08:00 level=INFO msg=处理完成一个批次 latest_time="2026-06-16 12:58:16" latest_sender=Moor-eeffoc latest_message=http://weibo.com/1496883514/R4 stop=false
time=2026-06-16T23:11:46.343+08:00 level=INFO msg=处理完成一个批次 latest_time="2026-06-16 12:53:46" latest_sender=tombkeeper latest_message=淘宝卖格力，别人也可 stop=false
time=2026-06-16T23:11:48.083+08:00 level=INFO msg=处理完成一个批次 latest_time="2026-06-16 12:41:21" latest_sender=z嘿呀_哇咔咔 latest_message=盒马每的份量比较合适 stop=false
time=2026-06-16T23:11:50.449+08:00 level=INFO msg=处理完成一个批次 latest_time="2026-06-16 12:35:35" latest_sender=tk今天盲猜关注列表了吗 latest_message=这一部分的能力对零售 stop=false
time=2026-06-16T23:11:52.127+08:00 level=INFO msg=处理完成一个批次 latest_time="2026-06-16 12:28:08" latest_sender=庆敦儿 latest_message=羡慕这些随随便便就可 stop=false
time=2026-06-16T23:11:54.428+08:00 level=INFO msg=处理完成一个批次 latest_time="2026-06-16 12:16:47" latest_sender=ScaryLeopard419 latest_message=分享图片 stop=false
time=2026-06-16T23:11:56.249+08:00 level=INFO msg=处理完成一个批次 latest_time="2026-06-16 12:01:01" latest_sender=Horcruxer0x9c73bf31 latest_message=分享图片 stop=false
time=2026-06-16T23:11:57.928+08:00 level=INFO msg=处理完成一个批次 latest_time="2026-06-16 11:56:19" latest_sender=Monkey_D_Law latest_message=但是没办法支撑房价 stop=false
time=2026-06-16T23:11:59.542+08:00 level=INFO msg=处理完成一个批次 latest_time="2026-06-16 11:38:53" latest_sender=叫我小鸡君吧 latest_message=[动画表情] stop=false
time=2026-06-16T23:12:01.280+08:00 level=INFO msg=处理完成一个批次 latest_time="2026-06-16 11:22:39" latest_sender=花小生鱼 latest_message=真牛 stop=false
time=2026-06-16T23:12:03.621+08:00 level=INFO msg=处理完成一个批次 latest_time="2026-06-16 11:00:06" latest_sender=小阿飞_jiro latest_message=这两个每天还有十万的 stop=false
time=2026-06-16T23:12:05.449+08:00 level=INFO msg=处理完成一个批次 latest_time="2026-06-16 10:35:41" latest_sender=黑眼圈要减肥Hyc latest_message="「图片」\n- - - - - - - - -" stop=false
time=2026-06-16T23:12:07.998+08:00 level=INFO msg=处理完成一个批次 latest_time="2026-06-16 10:18:54" latest_sender=四岚1883 latest_message="spa sex" stop=false
time=2026-06-16T23:12:10.043+08:00 level=INFO msg=处理完成一个批次 latest_time="2026-06-16 09:55:57" latest_sender=雨石plus latest_message=「还可以赌一把呀，刚 stop=false
time=2026-06-16T23:12:11.924+08:00 level=INFO msg=处理完成一个批次 latest_time="2026-06-16 09:34:39" latest_sender=黑眼圈要减肥Hyc latest_message=群里都是大牛 stop=false
time=2026-06-16T23:12:13.797+08:00 level=INFO msg=处理完成一个批次 latest_time="2026-06-16 09:15:16" latest_sender=肥圆真君_WWW latest_message=http://weibo.com/1814584931/R4 stop=false
time=2026-06-16T23:12:16.284+08:00 level=INFO msg=处理完成一个批次 latest_time="2026-06-16 08:50:14" latest_sender=小大饼 latest_message=分享图片 stop=false
time=2026-06-16T23:12:18.196+08:00 level=INFO msg=处理完成一个批次 latest_time="2026-06-16 08:06:38" latest_sender=庆敦儿 latest_message=平常群里讨论的新知离 stop=false
time=2026-06-16T23:12:35.059+08:00 level=WARN msg="通过响应监听下载 fid 失败，尝试回退到浏览器内 fetch" fid=5310272090144783 err="timeout:Timeout 15000.00ms exceeded."
time=2026-06-16T23:12:35.138+08:00 level=WARN msg="浏览器内 fetch 下载 fid 失败" fid=5310272090144783 url="https://upload.api.weibo.com/2/mss/msget?fid=5310272090144783&source=209678993&imageType=origin&ts=1781622755060" err="TypeError: Failed to fetch"
time=2026-06-16T23:12:35.180+08:00 level=WARN msg="浏览器内 fetch 下载 fid 失败" fid=5310272090144783 url="https://upload.api.weibo.com/2/mss/msget?fid=5310272090144783&touid=4761715839862414&ts=1781622755060" err="TypeError: Failed to fetch"
time=2026-06-16T23:12:35.271+08:00 level=WARN msg="浏览器内 fetch 下载 fid 失败" fid=5310272090144783 url="https://upload.api.weibo.com/2/mss/msget?fid=5310272090144783&source=209678993&touid=4761715839862414&imageType=origin&ts=1781622755060" err="TypeError: Failed to fetch"
time=2026-06-16T23:12:35.271+08:00 level=WARN msg="浏览器内 fid 下载全部失败，尝试直接 HTTP 下载" fid=5310272090144783 err="TypeError: Failed to fetch"
time=2026-06-16T23:12:35.474+08:00 level=INFO msg="fid 媒体已通过直接 HTTP 回退下载成功" fid=5310272090144783 path=/home/duty/weibo_cron/chat_media_downloads/img_5310272090144783_茧房日报260615.pdf
time=2026-06-16T23:12:35.475+08:00 level=INFO msg=处理完成一个批次 latest_time="2026-06-16 07:15:49" latest_sender=羽化的布偶 latest_message=http://weibo.com/6452287226/R4 stop=false
time=2026-06-16T23:12:54.277+08:00 level=WARN msg="通过响应监听下载 fid 失败，尝试回退到浏览器内 fetch" fid=5310214602757960 err="timeout:Timeout 15000.00ms exceeded."
time=2026-06-16T23:12:54.660+08:00 level=WARN msg="浏览器内 fetch 下载 fid 失败" fid=5310214602757960 url="https://upload.api.weibo.com/2/mss/msget?fid=5310214602757960&source=209678993&imageType=origin&ts=1781622774277" err="TypeError: Failed to fetch"
time=2026-06-16T23:12:54.734+08:00 level=WARN msg="浏览器内 fetch 下载 fid 失败" fid=5310214602757960 url="https://upload.api.weibo.com/2/mss/msget?fid=5310214602757960&touid=4761715839862414&ts=1781622774277" err="TypeError: Failed to fetch"
time=2026-06-16T23:12:55.157+08:00 level=WARN msg="浏览器内 fetch 下载 fid 失败" fid=5310214602757960 url="https://upload.api.weibo.com/2/mss/msget?fid=5310214602757960&source=209678993&touid=4761715839862414&imageType=origin&ts=1781622774277" err="TypeError: Failed to fetch"
time=2026-06-16T23:12:55.157+08:00 level=WARN msg="浏览器内 fid 下载全部失败，尝试直接 HTTP 下载" fid=5310214602757960 err="TypeError: Failed to fetch"
time=2026-06-16T23:12:56.132+08:00 level=INFO msg="fid 媒体已通过直接 HTTP 回退下载成功" fid=5310214602757960 path=/home/duty/weibo_cron/chat_media_downloads/img_5310214602757960_芸芸众生：被生活转换的政治_沈乾飞.pdf
time=2026-06-16T23:12:56.133+08:00 level=INFO msg=处理完成一个批次 latest_time="2026-06-16 00:59:53" latest_sender=肥圆真君_WWW latest_message=可恶(｀へ´) stop=false
time=2026-06-16T23:12:58.525+08:00 level=INFO msg=处理完成一个批次 latest_time="2026-06-15 23:14:43" latest_sender=叫我小鸡君吧 latest_message=晚安友友们 stop=true
time=2026-06-16T23:12:58.557+08:00 level=INFO msg=群聊历史抓取完成 new_count=990 history_dir=/home/duty/weibo_cron/clean_history state_file=/home/duty/weibo_cron/group_chat_state.json
time=2026-06-16T23:13:00.520+08:00 level=INFO msg=群聊摘要推送完成 message_count=1
time=2026-06-17T23:10:03.883+08:00 level=INFO msg=群聊模式配置加载完成 config=config.groupchat.yaml
time=2026-06-17T23:10:08.888+08:00 level=INFO msg=打开微博群聊页面 url="https://api.weibo.com/chat/#/chat?check_gid=4761715839862414&source_from=11" user_data_dir=/home/duty/weibo_cron/weibo_user_data browser_channel=chrome
time=2026-06-17T23:10:09.857+08:00 level=INFO msg=如未登录，请在打开的浏览器中完成登录；程序正在等待群聊消息接口返回
time=2026-06-17T23:10:11.043+08:00 level=INFO msg=群聊页面已加载，开始抓取历史消息
time=2026-06-17T23:10:12.046+08:00 level=INFO msg=处理完成一个批次 latest_time="2026-06-17 23:10:04" latest_sender=FFFFVIP latest_message="FFFFVIP 撤回了一条消息" stop=false
time=2026-06-17T23:10:27.375+08:00 level=WARN msg="通过响应监听下载 fid 失败，尝试回退到浏览器内 fetch" fid=5310911301552730 err="timeout:Timeout 15000.00ms exceeded."
time=2026-06-17T23:10:27.568+08:00 level=WARN msg="浏览器内 fetch 下载 fid 失败" fid=5310911301552730 url="https://upload.api.weibo.com/2/mss/msget?fid=5310911301552730&source=209678993&imageType=origin&ts=1781709027375" err="TypeError: Failed to fetch"
time=2026-06-17T23:10:27.621+08:00 level=WARN msg="浏览器内 fetch 下载 fid 失败" fid=5310911301552730 url="https://upload.api.weibo.com/2/mss/msget?fid=5310911301552730&touid=4761715839862414&ts=1781709027375" err="TypeError: Failed to fetch"
time=2026-06-17T23:10:27.720+08:00 level=WARN msg="浏览器内 fetch 下载 fid 失败" fid=5310911301552730 url="https://upload.api.weibo.com/2/mss/msget?fid=5310911301552730&source=209678993&touid=4761715839862414&imageType=origin&ts=1781709027375" err="TypeError: Failed to fetch"
time=2026-06-17T23:10:27.720+08:00 level=WARN msg="浏览器内 fid 下载全部失败，尝试直接 HTTP 下载" fid=5310911301552730 err="TypeError: Failed to fetch"
time=2026-06-17T23:10:28.233+08:00 level=INFO msg="fid 媒体已通过直接 HTTP 回退下载成功" fid=5310911301552730 path=/home/duty/weibo_cron/chat_media_downloads/img_5310911301552730_1781703386001.mp4
time=2026-06-17T23:10:28.938+08:00 level=INFO msg=处理完成一个批次 latest_time="2026-06-17 22:33:06" latest_sender=在公车上吃花生酱的浣熊 latest_message="「@tombkeeper 我问过几个" stop=false
time=2026-06-17T23:10:30.914+08:00 level=INFO msg=处理完成一个批次 latest_time="2026-06-17 21:28:10" latest_sender=拱bot latest_message=http://weibo.com/1517384942/R4 stop=false
time=2026-06-17T23:10:32.514+08:00 level=INFO msg=处理完成一个批次 latest_time="2026-06-17 20:59:57" latest_sender=freemg123 latest_message="3.06元，@庸人不自扰jzh " stop=false
time=2026-06-17T23:10:34.327+08:00 level=INFO msg=处理完成一个批次 latest_time="2026-06-17 20:55:04" latest_sender=一只劒鯮 latest_message=得等后年价格才正常了 stop=false
time=2026-06-17T23:10:36.145+08:00 level=INFO msg=处理完成一个批次 latest_time="2026-06-17 20:50:47" latest_sender=万物既渺小又伟大 latest_message=「主要是我自己不玩游 stop=false
time=2026-06-17T23:10:38.589+08:00 level=INFO msg=处理完成一个批次 latest_time="2026-06-17 20:47:43" latest_sender=Seaces latest_message="fable体验了一下 花了一" stop=false
time=2026-06-17T23:10:41.377+08:00 level=INFO msg=处理完成一个批次 latest_time="2026-06-17 20:42:21" latest_sender=我爱吃肠粉001 latest_message="我爱吃肠粉001 撤回了\xe4\xb8" stop=false
time=2026-06-17T23:10:43.502+08:00 level=INFO msg=处理完成一个批次 latest_time="2026-06-17 20:36:03" latest_sender=我爱吃肠粉001 latest_message=「可以让她本人去电脑 stop=false
time=2026-06-17T23:10:45.622+08:00 level=INFO msg=处理完成一个批次 latest_time="2026-06-17 20:32:02" latest_sender=nkaifang latest_message="如果 3a 的话，需要买\xe6\x9c" stop=false
time=2026-06-17T23:10:48.109+08:00 level=INFO msg=处理完成一个批次 latest_time="2026-06-17 20:20:58" latest_sender=梦星河200602 latest_message="买一次 14w 起步" stop=false
time=2026-06-17T23:10:50.227+08:00 level=INFO msg=处理完成一个批次 latest_time="2026-06-17 19:54:37" latest_sender=9527号JoJo latest_message=分享图片 stop=false
time=2026-06-17T23:10:52.470+08:00 level=INFO msg=处理完成一个批次 latest_time="2026-06-17 19:34:03" latest_sender=冰火岛的曾阿牛 latest_message="「图片」\n- - - - - - - - -" stop=false
time=2026-06-17T23:10:54.745+08:00 level=INFO msg=处理完成一个批次 latest_time="2026-06-17 19:06:35" latest_sender=拾人牙慧的复读机 latest_message=分享图片 stop=false
time=2026-06-17T23:10:56.668+08:00 level=INFO msg=处理完成一个批次 latest_time="2026-06-17 18:22:31" latest_sender=雨石plus latest_message=前情提要，我有恐飞症 stop=false
time=2026-06-17T23:10:59.001+08:00 level=INFO msg=处理完成一个批次 latest_time="2026-06-17 18:06:09" latest_sender=雨石plus latest_message="「10万不够，起码得再\xe5" stop=false
time=2026-06-17T23:11:00.673+08:00 level=INFO msg=处理完成一个批次 latest_time="2026-06-17 17:59:18" latest_sender=梦星河200602 latest_message="「ai 这种智商不稳定太" stop=false
time=2026-06-17T23:11:02.652+08:00 level=INFO msg=处理完成一个批次 latest_time="2026-06-17 17:27:05" latest_sender=粉丝群 latest_message=涉及资金问题请务必提 stop=false
time=2026-06-17T23:11:04.744+08:00 level=INFO msg=处理完成一个批次 latest_time="2026-06-17 16:46:41" latest_sender=羽化的布偶 latest_message=浓眉大眼的大劳 stop=false
time=2026-06-17T23:11:06.934+08:00 level=INFO msg=处理完成一个批次 latest_time="2026-06-17 16:10:52" latest_sender=雾中航行志趣 latest_message=「咦，这个支持在claude stop=false
time=2026-06-17T23:11:08.575+08:00 level=INFO msg=处理完成一个批次 latest_time="2026-06-17 15:55:35" latest_sender=花小生鱼 latest_message=我手上还拿着浙江的大 stop=false
time=2026-06-17T23:11:10.213+08:00 level=INFO msg=处理完成一个批次 latest_time="2026-06-17 15:46:03" latest_sender=花小生鱼 latest_message=今天和玻璃基板有关的 stop=false
time=2026-06-17T23:11:12.250+08:00 level=INFO msg=处理完成一个批次 latest_time="2026-06-17 15:40:21" latest_sender=Jane王师傅 latest_message=「虽然说今天朱行长说 stop=false
time=2026-06-17T23:11:13.893+08:00 level=INFO msg=处理完成一个批次 latest_time="2026-06-17 15:20:50" latest_sender=万物既渺小又伟大 latest_message=「「「让workbuddy做了一 stop=false
time=2026-06-17T23:11:16.099+08:00 level=INFO msg=处理完成一个批次 latest_time="2026-06-17 15:07:52" latest_sender=四岚1883 latest_message="「@我爱吃肠粉001:「火\xe5" stop=false
time=2026-06-17T23:11:18.302+08:00 level=INFO msg=处理完成一个批次 latest_time="2026-06-17 15:01:26" latest_sender=小大饼 latest_message="支付宝也有 AI 模式惹" stop=false
time=2026-06-17T23:11:20.079+08:00 level=INFO msg=处理完成一个批次 latest_time="2026-06-17 14:11:25" latest_sender=我爱吃肠粉001 latest_message="我爱吃肠粉001 撤回了\xe4\xb8" stop=false
time=2026-06-17T23:11:22.943+08:00 level=INFO msg=处理完成一个批次 latest_time="2026-06-17 13:36:18" latest_sender=响当当当的铜豌豆 latest_message="「「「图片」\n- - - - - -" stop=false
time=2026-06-17T23:11:30.511+08:00 level=INFO msg=处理完成一个批次 latest_time="2026-06-17 13:26:54" latest_sender=响当当当的铜豌豆 latest_message=以前想不明白为什么会 stop=false
time=2026-06-17T23:11:34.574+08:00 level=INFO msg=处理完成一个批次 latest_time="2026-06-17 12:56:27" latest_sender=黑眼圈要减肥Hyc latest_message=数学用的最多吧 stop=false
time=2026-06-17T23:11:36.483+08:00 level=INFO msg=处理完成一个批次 latest_time="2026-06-17 12:41:58" latest_sender=Joyce_irina latest_message=京东自营全球购不是隔 stop=false
time=2026-06-17T23:11:38.356+08:00 level=INFO msg=处理完成一个批次 latest_time="2026-06-17 12:29:39" latest_sender=茴字的1970种写法 latest_message=http://weibo.com/1401527553/R4 stop=false
time=2026-06-17T23:11:40.320+08:00 level=INFO msg=处理完成一个批次 latest_time="2026-06-17 11:39:31" latest_sender=小阿飞_jiro latest_message=分享图片 stop=false
time=2026-06-17T23:11:42.329+08:00 level=INFO msg=处理完成一个批次 latest_time="2026-06-17 11:25:56" latest_sender=快把大鹅炖进铁锅 latest_message="「微博」\n- - - - - - - - -" stop=false
time=2026-06-17T23:11:44.318+08:00 level=INFO msg=处理完成一个批次 latest_time="2026-06-17 11:15:27" latest_sender=星逸几度秋_ latest_message=「「必胜客也出轻食了 stop=false
time=2026-06-17T23:11:50.180+08:00 level=INFO msg=处理完成一个批次 latest_time="2026-06-17 11:03:39" latest_sender=有种来中路 latest_message=「刚哥付锅级，谁赞成 stop=false
time=2026-06-17T23:11:52.593+08:00 level=INFO msg=处理完成一个批次 latest_time="2026-06-17 10:39:46" latest_sender=Iris_0809 latest_message=我家有四代以内的血亲 stop=false
time=2026-06-17T23:11:54.368+08:00 level=INFO msg=处理完成一个批次 latest_time="2026-06-17 10:29:25" latest_sender=Tenacious_U latest_message="「@Iris_0809:「微博」\n- -" stop=false
time=2026-06-17T23:11:56.321+08:00 level=INFO msg=处理完成一个批次 latest_time="2026-06-17 10:12:03" latest_sender=BentleyMicrostationV8i latest_message=这类事儿真的最直观的 stop=false
time=2026-06-17T23:11:58.614+08:00 level=INFO msg=处理完成一个批次 latest_time="2026-06-17 10:00:01" latest_sender=四岚1883 latest_message=分享图片 stop=false
time=2026-06-17T23:12:00.839+08:00 level=INFO msg=处理完成一个批次 latest_time="2026-06-17 09:23:43" latest_sender=CZW2025 latest_message=一开始微博说已经被投 stop=false
time=2026-06-17T23:12:03.091+08:00 level=INFO msg=处理完成一个批次 latest_time="2026-06-17 08:41:15" latest_sender=小大饼 latest_message=上门挺好啊 stop=false
time=2026-06-17T23:12:04.912+08:00 level=INFO msg=处理完成一个批次 latest_time="2026-06-17 08:15:28" latest_sender=亚奇奇洛贝 latest_message=[动画表情] stop=false
time=2026-06-17T23:12:07.193+08:00 level=INFO msg=处理完成一个批次 latest_time="2026-06-17 07:08:45" latest_sender=ActionKnows- latest_message=早 stop=false
time=2026-06-17T23:12:24.229+08:00 level=WARN msg="通过响应监听下载 fid 失败，尝试回退到浏览器内 fetch" fid=5310634628743956 err="timeout:Timeout 15000.00ms exceeded."
time=2026-06-17T23:12:24.330+08:00 level=WARN msg="浏览器内 fetch 下载 fid 失败" fid=5310634628743956 url="https://upload.api.weibo.com/2/mss/msget?fid=5310634628743956&source=209678993&imageType=origin&ts=1781709144229" err="TypeError: Failed to fetch"
time=2026-06-17T23:12:24.376+08:00 level=WARN msg="浏览器内 fetch 下载 fid 失败" fid=5310634628743956 url="https://upload.api.weibo.com/2/mss/msget?fid=5310634628743956&touid=4761715839862414&ts=1781709144229" err="TypeError: Failed to fetch"
time=2026-06-17T23:12:24.451+08:00 level=WARN msg="浏览器内 fetch 下载 fid 失败" fid=5310634628743956 url="https://upload.api.weibo.com/2/mss/msget?fid=5310634628743956&source=209678993&touid=4761715839862414&imageType=origin&ts=1781709144229" err="TypeError: Failed to fetch"
time=2026-06-17T23:12:24.451+08:00 level=WARN msg="浏览器内 fid 下载全部失败，尝试直接 HTTP 下载" fid=5310634628743956 err="TypeError: Failed to fetch"
time=2026-06-17T23:12:24.673+08:00 level=INFO msg="fid 媒体已通过直接 HTTP 回退下载成功" fid=5310634628743956 path=/home/duty/weibo_cron/chat_media_downloads/img_5310634628743956_茧房日报260616.pdf
time=2026-06-17T23:12:24.996+08:00 level=INFO msg=处理完成一个批次 latest_time="2026-06-17 05:53:48" latest_sender=小大饼 latest_message=啊啊啊啊啊啊啊昨天赚 stop=true
time=2026-06-17T23:12:25.030+08:00 level=INFO msg=群聊历史抓取完成 new_count=899 history_dir=/home/duty/weibo_cron/clean_history state_file=/home/duty/weibo_cron/group_chat_state.json
time=2026-06-17T23:12:30.288+08:00 level=ERROR msg=执行群聊抓取失败 err="推送群聊摘要失败: 发送 Telegram 文本消息失败: Post \"https://api.telegram.org/bot8204662091:AAFzpy1Avsi92-doxgv3ku-aGPv6n3l0cLI/sendMessage\": EOF"
time=2026-06-18T23:10:03.622+08:00 level=INFO msg=群聊模式配置加载完成 config=config.groupchat.yaml
time=2026-06-18T23:10:08.469+08:00 level=INFO msg=打开微博群聊页面 url="https://api.weibo.com/chat/#/chat?check_gid=4761715839862414&source_from=11" user_data_dir=/home/duty/weibo_cron/weibo_user_data browser_channel=chrome
time=2026-06-18T23:10:09.475+08:00 level=INFO msg=如未登录，请在打开的浏览器中完成登录；程序正在等待群聊消息接口返回
time=2026-06-18T23:10:10.590+08:00 level=INFO msg=群聊页面已加载，开始抓取历史消息
time=2026-06-18T23:10:11.179+08:00 level=INFO msg=处理完成一个批次 latest_time="2026-06-18 23:08:50" latest_sender=花小生鱼 latest_message="「图片」\n- - - - - - - - -" stop=false
time=2026-06-18T23:10:11.675+08:00 level=INFO msg=处理完成一个批次 latest_time="2026-06-18 22:37:53" latest_sender=叫我小鸡君吧 latest_message="「图片」\n- - - - - - - - -" stop=false
time=2026-06-18T23:10:13.530+08:00 level=INFO msg=处理完成一个批次 latest_time="2026-06-18 22:13:53" latest_sender=陈陈想吃西瓜 latest_message="[允悲][允悲]牙齿这方\xe9\x9d" stop=false
time=2026-06-18T23:10:20.214+08:00 level=INFO msg=处理完成一个批次 latest_time="2026-06-18 21:56:19" latest_sender=拾人牙慧的复读机 latest_message=分享视频 stop=false
time=2026-06-18T23:10:22.588+08:00 level=INFO msg=处理完成一个批次 latest_time="2026-06-18 21:38:34" latest_sender=梦星河200602 latest_message=都买过 stop=false
time=2026-06-18T23:10:24.702+08:00 level=INFO msg=处理完成一个批次 latest_time="2026-06-18 21:31:47" latest_sender=小大饼 latest_message=你看幅度很小的 stop=false
time=2026-06-18T23:10:27.415+08:00 level=INFO msg=处理完成一个批次 latest_time="2026-06-18 21:25:34" latest_sender=叫我小鸡君吧 latest_message="我刚顺手买了个辅酶 \xe4\xba" stop=false
time=2026-06-18T23:10:29.552+08:00 level=INFO msg=处理完成一个批次 latest_time="2026-06-18 21:20:16" latest_sender=我爱吃肠粉001 latest_message=在选内裤，莫代尔作为 stop=false
time=2026-06-18T23:10:31.912+08:00 level=INFO msg=处理完成一个批次 latest_time="2026-06-18 20:48:43" latest_sender=拾人牙慧的复读机 latest_message="「图片」\n- - - - - - - - -" stop=false
time=2026-06-18T23:10:34.567+08:00 level=INFO msg=处理完成一个批次 latest_time="2026-06-18 20:20:37" latest_sender=用户730122160588 latest_message=那电影能豆瓣9.3分，我 stop=false
time=2026-06-18T23:10:36.897+08:00 level=INFO msg=处理完成一个批次 latest_time="2026-06-18 20:11:45" latest_sender=星逸几度秋_ latest_message=「电影肯定是部好电影 stop=false
time=2026-06-18T23:10:44.189+08:00 level=INFO msg=处理完成一个批次 latest_time="2026-06-18 19:59:39" latest_sender=我爱吃肠粉001 latest_message="「图片」\n- - - - - - - - -" stop=false
time=2026-06-18T23:10:50.030+08:00 level=INFO msg=处理完成一个批次 latest_time="2026-06-18 19:47:46" latest_sender=胖子快醒醒 latest_message=我买了这种药盒，前几 stop=false
time=2026-06-18T23:10:51.951+08:00 level=INFO msg=处理完成一个批次 latest_time="2026-06-18 19:28:29" latest_sender=xelnaga瞭望塔 latest_message=他们好几个都不拿 stop=false
time=2026-06-18T23:10:54.037+08:00 level=INFO msg=处理完成一个批次 latest_time="2026-06-18 19:21:24" latest_sender=古拉TE latest_message=人真是太参差多样了 stop=false
time=2026-06-18T23:10:56.002+08:00 level=INFO msg=处理完成一个批次 latest_time="2026-06-18 18:59:33" latest_sender=nkaifang latest_message=杯子旁边 stop=false
time=2026-06-18T23:10:57.664+08:00 level=INFO msg=处理完成一个批次 latest_time="2026-06-18 18:33:55" latest_sender=梦星河200602 latest_message=http://weibo.com/1413005717/R4 stop=false
time=2026-06-18T23:10:59.898+08:00 level=INFO msg=处理完成一个批次 latest_time="2026-06-18 18:25:42" latest_sender=一蓑烟雨任平生WB latest_message=[动画表情] stop=false
time=2026-06-18T23:11:01.669+08:00 level=INFO msg=处理完成一个批次 latest_time="2026-06-18 18:20:22" latest_sender=干拌面过冷水 latest_message="1.28元，@一粒粒木子 发" stop=false
time=2026-06-18T23:11:03.387+08:00 level=INFO msg=处理完成一个批次 latest_time="2026-06-18 18:17:10" latest_sender=茴字的1970种写法 latest_message=《铁拳教育》看着不错 stop=false
time=2026-06-18T23:11:05.017+08:00 level=INFO msg=处理完成一个批次 latest_time="2026-06-18 18:06:14" latest_sender=叫我小鸡君吧 latest_message=都有kpi stop=false
time=2026-06-18T23:11:06.715+08:00 level=INFO msg=处理完成一个批次 latest_time="2026-06-18 18:03:29" latest_sender=古拉TE latest_message=至少得内部告诉你哪个 stop=false
time=2026-06-18T23:11:08.890+08:00 level=INFO msg=处理完成一个批次 latest_time="2026-06-18 17:57:18" latest_sender=樱桃树rani latest_message=「现在吃的用的能够做 stop=false
time=2026-06-18T23:11:10.522+08:00 level=INFO msg=处理完成一个批次 latest_time="2026-06-18 17:52:19" latest_sender=粉丝群 latest_message=涉及资金问题请务必提 stop=false
time=2026-06-18T23:11:12.144+08:00 level=INFO msg=处理完成一个批次 latest_time="2026-06-18 17:48:36" latest_sender=茴字的1970种写法 latest_message="21 款里有 20 款有问题\xe3\x80" stop=false
time=2026-06-18T23:11:13.975+08:00 level=INFO msg=处理完成一个批次 latest_time="2026-06-18 17:41:58" latest_sender=古拉TE latest_message=「我家附近几个小区老 stop=false
time=2026-06-18T23:11:15.630+08:00 level=INFO msg=处理完成一个批次 latest_time="2026-06-18 17:39:58" latest_sender=ScaryLeopard419 latest_message="2.53元，@_oooooooooop 包主" stop=false
time=2026-06-18T23:11:17.796+08:00 level=INFO msg=处理完成一个批次 latest_time="2026-06-18 17:34:53" latest_sender=小大饼 latest_message=「人太多了。我跟微博 stop=false
time=2026-06-18T23:11:19.587+08:00 level=INFO msg=处理完成一个批次 latest_time="2026-06-18 17:28:51" latest_sender=古拉TE latest_message=之前看的漕溪路那个小 stop=false
time=2026-06-18T23:11:21.185+08:00 level=INFO msg=处理完成一个批次 latest_time="2026-06-18 17:10:47" latest_sender=nkaifang latest_message=有本事搞这个，应该去 stop=false
time=2026-06-18T23:11:23.126+08:00 level=INFO msg=处理完成一个批次 latest_time="2026-06-18 16:43:53" latest_sender=古拉TE latest_message=我也嫉妒 stop=false
time=2026-06-18T23:11:24.760+08:00 level=INFO msg=处理完成一个批次 latest_time="2026-06-18 16:33:39" latest_sender=germer_123 latest_message="「「6年前岂不是买在\xe4\xba" stop=false
time=2026-06-18T23:11:26.417+08:00 level=INFO msg=处理完成一个批次 latest_time="2026-06-18 16:25:47" latest_sender=梦星河200602 latest_message=一户建在浙江还是江苏 stop=false
time=2026-06-18T23:11:28.375+08:00 level=INFO msg=处理完成一个批次 latest_time="2026-06-18 16:20:17" latest_sender=等下就去吃饭 latest_message=啊 stop=false
time=2026-06-18T23:11:30.087+08:00 level=INFO msg=处理完成一个批次 latest_time="2026-06-18 16:01:13" latest_sender=Joyce_irina latest_message=地板下还有地窖 stop=false
time=2026-06-18T23:11:32.010+08:00 level=INFO msg=处理完成一个批次 latest_time="2026-06-18 15:38:09" latest_sender=茴字的1970种写法 latest_message="昨天 TK 说，我就想买[\xe6" stop=false
time=2026-06-18T23:11:33.869+08:00 level=INFO msg=处理完成一个批次 latest_time="2026-06-18 15:19:07" latest_sender=粉丝群 latest_message=涉及资金问题请务必提 stop=false
time=2026-06-18T23:11:35.541+08:00 level=INFO msg=处理完成一个批次 latest_time="2026-06-18 14:59:05" latest_sender=我爱吃肠粉001 latest_message="我爱吃肠粉001 撤回了\xe4\xb8" stop=false
time=2026-06-18T23:11:37.203+08:00 level=INFO msg=处理完成一个批次 latest_time="2026-06-18 14:47:57" latest_sender=粉丝群 latest_message=涉及资金问题请务必提 stop=false
time=2026-06-18T23:11:38.856+08:00 level=INFO msg=处理完成一个批次 latest_time="2026-06-18 14:28:05" latest_sender=___Ray__ latest_message=今年618都没人聊买东西 stop=false
time=2026-06-18T23:11:40.588+08:00 level=INFO msg=处理完成一个批次 latest_time="2026-06-18 14:05:02" latest_sender=TopRoe latest_message=http://weibo.com/2803301701/R4 stop=false
time=2026-06-18T23:11:42.904+08:00 level=INFO msg=处理完成一个批次 latest_time="2026-06-18 13:36:12" latest_sender=陈陈想吃西瓜 latest_message="陈陈想吃西瓜 撤回了\xe4\xb8" stop=false
time=2026-06-18T23:11:44.962+08:00 level=INFO msg=处理完成一个批次 latest_time="2026-06-18 12:56:41" latest_sender=等下就去吃饭 latest_message=「人太多了。我跟微博 stop=false
time=2026-06-18T23:11:47.007+08:00 level=INFO msg=处理完成一个批次 latest_time="2026-06-18 12:43:27" latest_sender=雨石plus latest_message=分享图片 stop=false
time=2026-06-18T23:11:48.873+08:00 level=INFO msg=处理完成一个批次 latest_time="2026-06-18 12:37:59" latest_sender=Afeeeer latest_message="今年有优惠券吗[流鼻\xe8\xa1" stop=false
time=2026-06-18T23:11:50.578+08:00 level=INFO msg=处理完成一个批次 latest_time="2026-06-18 12:33:10" latest_sender=金陵琥珀雪 latest_message=今天群友茧房续费赶上 stop=false
time=2026-06-18T23:11:52.620+08:00 level=INFO msg=处理完成一个批次 latest_time="2026-06-18 12:27:15" latest_sender=我爱吃肠粉001 latest_message=分享图片 stop=false
time=2026-06-18T23:11:54.691+08:00 level=INFO msg=处理完成一个批次 latest_time="2026-06-18 12:20:06" latest_sender=七床技师 latest_message=但是今天登股亏麻了… stop=false
time=2026-06-18T23:11:56.534+08:00 level=INFO msg=处理完成一个批次 latest_time="2026-06-18 12:09:49" latest_sender=雨石plus latest_message="还是 qdii 吧" stop=false
time=2026-06-18T23:11:58.612+08:00 level=INFO msg=处理完成一个批次 latest_time="2026-06-18 12:03:52" latest_sender=梦星河200602 latest_message=http://weibo.com/7953761169/R2 stop=false
time=2026-06-18T23:12:00.240+08:00 level=INFO msg=处理完成一个批次 latest_time="2026-06-18 12:01:21" latest_sender=梦星河200602 latest_message=领导留活口了 stop=false
time=2026-06-18T23:12:02.221+08:00 level=INFO msg=处理完成一个批次 latest_time="2026-06-18 11:59:33" latest_sender=羽化的布偶 latest_message=分享图片 stop=false
time=2026-06-18T23:12:03.906+08:00 level=INFO msg=处理完成一个批次 latest_time="2026-06-18 11:55:08" latest_sender=一团意大利面 latest_message=「@雨石plus:「昨天其他 stop=false
time=2026-06-18T23:12:21.451+08:00 level=WARN msg="通过响应监听下载 fid 失败，尝试回退到浏览器内 fetch" fid=5311117112115655 err="timeout:Timeout 15000.00ms exceeded."
time=2026-06-18T23:12:21.548+08:00 level=WARN msg="浏览器内 fetch 下载 fid 失败" fid=5311117112115655 url="https://upload.api.weibo.com/2/mss/msget?fid=5311117112115655&source=209678993&imageType=origin&ts=1781795541451" err="TypeError: Failed to fetch"
time=2026-06-18T23:12:21.591+08:00 level=WARN msg="浏览器内 fetch 下载 fid 失败" fid=5311117112115655 url="https://upload.api.weibo.com/2/mss/msget?fid=5311117112115655&touid=4761715839862414&ts=1781795541451" err="TypeError: Failed to fetch"
time=2026-06-18T23:12:21.715+08:00 level=WARN msg="浏览器内 fetch 下载 fid 失败" fid=5311117112115655 url="https://upload.api.weibo.com/2/mss/msget?fid=5311117112115655&source=209678993&touid=4761715839862414&imageType=origin&ts=1781795541451" err="TypeError: Failed to fetch"
time=2026-06-18T23:12:21.715+08:00 level=WARN msg="浏览器内 fid 下载全部失败，尝试直接 HTTP 下载" fid=5311117112115655 err="TypeError: Failed to fetch"
time=2026-06-18T23:12:22.086+08:00 level=INFO msg="fid 媒体已通过直接 HTTP 回退下载成功" fid=5311117112115655 path=/home/duty/weibo_cron/chat_media_downloads/img_5311117112115655_screenshot20260618111417.png
time=2026-06-18T23:12:22.087+08:00 level=INFO msg=处理完成一个批次 latest_time="2026-06-18 11:34:47" latest_sender=花小生鱼 latest_message="花小生鱼 撤回了一条\xe6\xb6" stop=false
time=2026-06-18T23:12:24.111+08:00 level=INFO msg=处理完成一个批次 latest_time="2026-06-18 11:09:18" latest_sender=我爱吃肠粉001 latest_message=是的，目前看国内几家 stop=false
time=2026-06-18T23:12:25.784+08:00 level=INFO msg=处理完成一个批次 latest_time="2026-06-18 11:02:20" latest_sender=CZW2025 latest_message=半导体这几天夯爆了， stop=false
time=2026-06-18T23:12:27.788+08:00 level=INFO msg=处理完成一个批次 latest_time="2026-06-18 10:44:09" latest_sender=tombkeeper latest_message=躺好别动，让股票自己 stop=false
time=2026-06-18T23:12:29.830+08:00 level=INFO msg=处理完成一个批次 latest_time="2026-06-18 10:20:15" latest_sender=自由的西瓜L latest_message=在里边混了大半辈子上 stop=false
time=2026-06-18T23:12:31.437+08:00 level=INFO msg=处理完成一个批次 latest_time="2026-06-18 09:56:41" latest_sender=花小生鱼 latest_message=恭喜面哥 stop=false
time=2026-06-18T23:12:33.121+08:00 level=INFO msg=处理完成一个批次 latest_time="2026-06-18 09:52:09" latest_sender=nkaifang latest_message="1.15元，@一团意大利面 " stop=false
time=2026-06-18T23:12:34.786+08:00 level=INFO msg=处理完成一个批次 latest_time="2026-06-18 09:49:00" latest_sender=梦星河200602 latest_message=「体验过最难吃的是星 stop=false
time=2026-06-18T23:12:36.940+08:00 level=INFO msg=处理完成一个批次 latest_time="2026-06-18 09:08:43" latest_sender=陈陈想吃西瓜 latest_message=有的关系挺好的 stop=false
time=2026-06-18T23:12:38.793+08:00 level=INFO msg=处理完成一个批次 latest_time="2026-06-18 08:49:24" latest_sender=小大饼 latest_message=喝咖啡惹 stop=false
time=2026-06-18T23:12:40.464+08:00 level=INFO msg=处理完成一个批次 latest_time="2026-06-18 08:12:27" latest_sender=Eric_Z_ latest_message=早 stop=false
time=2026-06-18T23:12:57.148+08:00 level=WARN msg="通过响应监听下载 fid 失败，尝试回退到浏览器内 fetch" fid=5310997243101854 err="timeout:Timeout 15000.00ms exceeded."
time=2026-06-18T23:12:57.346+08:00 level=WARN msg="浏览器内 fetch 下载 fid 失败" fid=5310997243101854 url="https://upload.api.weibo.com/2/mss/msget?fid=5310997243101854&source=209678993&imageType=origin&ts=1781795577148" err="TypeError: Failed to fetch"
time=2026-06-18T23:12:57.393+08:00 level=WARN msg="浏览器内 fetch 下载 fid 失败" fid=5310997243101854 url="https://upload.api.weibo.com/2/mss/msget?fid=5310997243101854&touid=4761715839862414&ts=1781795577148" err="TypeError: Failed to fetch"
time=2026-06-18T23:12:57.474+08:00 level=WARN msg="浏览器内 fetch 下载 fid 失败" fid=5310997243101854 url="https://upload.api.weibo.com/2/mss/msget?fid=5310997243101854&source=209678993&touid=4761715839862414&imageType=origin&ts=1781795577148" err="TypeError: Failed to fetch"
time=2026-06-18T23:12:57.475+08:00 level=WARN msg="浏览器内 fid 下载全部失败，尝试直接 HTTP 下载" fid=5310997243101854 err="TypeError: Failed to fetch"
time=2026-06-18T23:12:57.602+08:00 level=INFO msg="fid 媒体已通过直接 HTTP 回退下载成功" fid=5310997243101854 path=/home/duty/weibo_cron/chat_media_downloads/img_5310997243101854_茧房日报260617.pdf
time=2026-06-18T23:12:57.603+08:00 level=INFO msg=处理完成一个批次 latest_time="2026-06-18 06:44:16" latest_sender=Joyce_irina latest_message=沃什讲话完，美股又跌 stop=false
time=2026-06-18T23:13:00.530+08:00 level=INFO msg=处理完成一个批次 latest_time="2026-06-18 01:18:06" latest_sender=蒸汽烤冷麵 latest_message="续订什么的 真的会直\xe6\x8e" stop=false
time=2026-06-18T23:13:02.503+08:00 level=INFO msg=处理完成一个批次 latest_time="2026-06-17 23:56:40" latest_sender=胖子快醒醒 latest_message=Chrome主题竟然也是粉的 stop=false
time=2026-06-18T23:13:04.167+08:00 level=INFO msg=处理完成一个批次 latest_time="2026-06-17 23:11:08" latest_sender=FFFFVIP latest_message="FFFFVIP 撤回了一条消息" stop=true
time=2026-06-18T23:13:04.216+08:00 level=INFO msg=群聊历史抓取完成 new_count=1341 history_dir=/home/duty/weibo_cron/clean_history state_file=/home/duty/weibo_cron/group_chat_state.json
time=2026-06-18T23:13:06.498+08:00 level=INFO msg=群聊摘要推送完成 message_count=1
time=2026-06-19T23:10:03.766+08:00 level=INFO msg=群聊模式配置加载完成 config=config.groupchat.yaml
time=2026-06-19T23:10:08.654+08:00 level=INFO msg=打开微博群聊页面 url="https://api.weibo.com/chat/#/chat?check_gid=4761715839862414&source_from=11" user_data_dir=/home/duty/weibo_cron/weibo_user_data browser_channel=chrome
time=2026-06-19T23:10:09.735+08:00 level=INFO msg=如未登录，请在打开的浏览器中完成登录；程序正在等待群聊消息接口返回
time=2026-06-19T23:10:10.959+08:00 level=INFO msg=群聊页面已加载，开始抓取历史消息
time=2026-06-19T23:10:12.912+08:00 level=INFO msg=处理完成一个批次 latest_time="2026-06-19 23:09:59" latest_sender=o0李筱楼0o latest_message="[赞][赞][赞][赞]谢谢人\xe5" stop=false
time=2026-06-19T23:10:13.135+08:00 level=INFO msg=处理完成一个批次 latest_time="2026-06-19 22:30:34" latest_sender=我爱吃肠粉001 latest_message="「红包」\n- - - - - - - - -" stop=false
time=2026-06-19T23:10:14.932+08:00 level=INFO msg=处理完成一个批次 latest_time="2026-06-19 22:26:38" latest_sender=白噪声white_noise latest_message="0.76元，@小大饼 土豪你" stop=false
time=2026-06-19T23:10:17.052+08:00 level=INFO msg=处理完成一个批次 latest_time="2026-06-19 21:43:15" latest_sender=黑眼圈要减肥Hyc latest_message=“第四权”令相关行政 stop=false
time=2026-06-19T23:10:19.427+08:00 level=INFO msg=处理完成一个批次 latest_time="2026-06-19 20:36:08" latest_sender=干饭大作手的学习日记 latest_message=http://weibo.com/5587951849/R4 stop=false
time=2026-06-19T23:10:23.230+08:00 level=INFO msg=处理完成一个批次 latest_time="2026-06-19 17:38:16" latest_sender=nkaifang latest_message=http://weibo.com/1871474290/R4 stop=false
time=2026-06-19T23:10:25.618+08:00 level=INFO msg=处理完成一个批次 latest_time="2026-06-19 16:05:28" latest_sender=我爱吃肠粉001 latest_message=「翻了一下订单，我之 stop=false
time=2026-06-19T23:10:27.810+08:00 level=INFO msg=处理完成一个批次 latest_time="2026-06-19 15:46:13" latest_sender=樱桃树rani latest_message="樱桃树rani 撤回了一条\xe6" stop=false
time=2026-06-19T23:10:29.724+08:00 level=INFO msg=处理完成一个批次 latest_time="2026-06-19 15:37:35" latest_sender=等下就去吃饭 latest_message=http://weibo.com/5051077448/R4 stop=false
time=2026-06-19T23:10:31.891+08:00 level=INFO msg=处理完成一个批次 latest_time="2026-06-19 14:44:05" latest_sender=阿尼亚是安妮亞 latest_message="[哪吒使坏]回头我发给\xe8" stop=false
time=2026-06-19T23:10:34.188+08:00 level=INFO msg=处理完成一个批次 latest_time="2026-06-19 14:35:18" latest_sender=干饭大作手的学习日记 latest_message=分享图片 stop=false
time=2026-06-19T23:10:35.974+08:00 level=INFO msg=处理完成一个批次 latest_time="2026-06-19 14:19:32" latest_sender=自由的西瓜L latest_message=http://weibo.com/1902256024/R4 stop=false
time=2026-06-19T23:10:54.001+08:00 level=WARN msg="通过响应监听下载 fid 失败，尝试回退到浏览器内 fetch" fid=5311511360179071 err="timeout:Timeout 15000.00ms exceeded."
time=2026-06-19T23:10:54.092+08:00 level=WARN msg="浏览器内 fetch 下载 fid 失败" fid=5311511360179071 url="https://upload.api.weibo.com/2/mss/msget?fid=5311511360179071&source=209678993&imageType=origin&ts=1781881854001" err="TypeError: Failed to fetch"
time=2026-06-19T23:10:54.138+08:00 level=WARN msg="浏览器内 fetch 下载 fid 失败" fid=5311511360179071 url="https://upload.api.weibo.com/2/mss/msget?fid=5311511360179071&touid=4761715839862414&ts=1781881854001" err="TypeError: Failed to fetch"
time=2026-06-19T23:10:54.264+08:00 level=WARN msg="浏览器内 fetch 下载 fid 失败" fid=5311511360179071 url="https://upload.api.weibo.com/2/mss/msget?fid=5311511360179071&source=209678993&touid=4761715839862414&imageType=origin&ts=1781881854001" err="TypeError: Failed to fetch"
time=2026-06-19T23:10:54.264+08:00 level=WARN msg="浏览器内 fid 下载全部失败，尝试直接 HTTP 下载" fid=5311511360179071 err="TypeError: Failed to fetch"
time=2026-06-19T23:11:04.975+08:00 level=INFO msg="fid 媒体已通过直接 HTTP 回退下载成功" fid=5311511360179071 path=/home/duty/weibo_cron/chat_media_downloads/img_5311511360179071_茧房日报260618.pdf
time=2026-06-19T23:11:05.132+08:00 level=INFO msg=处理完成一个批次 latest_time="2026-06-19 13:35:46" latest_sender=一蓑烟雨任平生WB latest_message=驱狼吞虎[good] stop=false
time=2026-06-19T23:11:07.056+08:00 level=INFO msg=处理完成一个批次 latest_time="2026-06-19 12:40:33" latest_sender=古拉TE latest_message=「实在不行把楼板砸了 stop=false
time=2026-06-19T23:11:09.985+08:00 level=INFO msg=处理完成一个批次 latest_time="2026-06-19 12:25:24" latest_sender=孟昭俊 latest_message=[动画表情] stop=false
time=2026-06-19T23:11:11.791+08:00 level=INFO msg=处理完成一个批次 latest_time="2026-06-19 12:16:35" latest_sender=粉丝群 latest_message=涉及资金问题请务必提 stop=false
time=2026-06-19T23:11:14.150+08:00 level=INFO msg=处理完成一个批次 latest_time="2026-06-19 12:08:02" latest_sender=星逸几度秋_ latest_message=我已经尽力给，能发快 stop=false
time=2026-06-19T23:11:16.583+08:00 level=INFO msg=处理完成一个批次 latest_time="2026-06-19 11:57:45" latest_sender=亚奇奇洛贝 latest_message=老孟快搞完没？ stop=false
time=2026-06-19T23:11:18.316+08:00 level=INFO msg=处理完成一个批次 latest_time="2026-06-19 11:26:52" latest_sender=古拉TE latest_message=厨房卫生间都得装 stop=false
time=2026-06-19T23:11:20.952+08:00 level=INFO msg=处理完成一个批次 latest_time="2026-06-19 10:56:28" latest_sender=羽化的布偶 latest_message=http://weibo.com/5732444145/R4 stop=false
time=2026-06-19T23:11:24.730+08:00 level=INFO msg=处理完成一个批次 latest_time="2026-06-19 10:35:58" latest_sender=黄健楸 latest_message=分享图片 stop=false
time=2026-06-19T23:11:26.508+08:00 level=INFO msg=处理完成一个批次 latest_time="2026-06-19 09:46:53" latest_sender=黑眼圈要减肥Hyc latest_message=http://weibo.com/1253846303/R4 stop=false
time=2026-06-19T23:11:29.150+08:00 level=INFO msg=处理完成一个批次 latest_time="2026-06-19 09:15:02" latest_sender=小阿飞_jiro latest_message=教主的订阅优惠券发了 stop=false
time=2026-06-19T23:11:30.822+08:00 level=INFO msg=处理完成一个批次 latest_time="2026-06-19 08:50:54" latest_sender=花小生鱼 latest_message=今天很大 stop=false
time=2026-06-19T23:11:32.496+08:00 level=INFO msg=处理完成一个批次 latest_time="2026-06-19 07:27:48" latest_sender=达芬奇喝冰水 latest_message=早 stop=false
time=2026-06-19T23:11:34.428+08:00 level=INFO msg=处理完成一个批次 latest_time="2026-06-19 05:45:41" latest_sender=羽化的布偶 latest_message=http://weibo.com/1974568711/R4 stop=false
time=2026-06-19T23:11:36.870+08:00 level=INFO msg=处理完成一个批次 latest_time="2026-06-18 23:24:28" latest_sender=花小生鱼 latest_message=牙一旦有了问题就得定 stop=false
time=2026-06-19T23:11:38.498+08:00 level=INFO msg=处理完成一个批次 latest_time="2026-06-18 23:15:45" latest_sender=Joyce_irina latest_message="2.95元，@阿尼亚是安妮\xe4" stop=true
time=2026-06-19T23:11:38.515+08:00 level=INFO msg=群聊历史抓取完成 new_count=553 history_dir=/home/duty/weibo_cron/clean_history state_file=/home/duty/weibo_cron/group_chat_state.json
time=2026-06-19T23:11:40.303+08:00 level=INFO msg=群聊摘要推送完成 message_count=1
time=2026-06-20T23:10:03.906+08:00 level=INFO msg=群聊模式配置加载完成 config=config.groupchat.yaml
time=2026-06-20T23:10:08.905+08:00 level=INFO msg=打开微博群聊页面 url="https://api.weibo.com/chat/#/chat?check_gid=4761715839862414&source_from=11" user_data_dir=/home/duty/weibo_cron/weibo_user_data browser_channel=chrome
time=2026-06-20T23:10:09.845+08:00 level=INFO msg=如未登录，请在打开的浏览器中完成登录；程序正在等待群聊消息接口返回
time=2026-06-20T23:10:11.249+08:00 level=INFO msg=群聊页面已加载，开始抓取历史消息
time=2026-06-20T23:10:12.124+08:00 level=INFO msg=处理完成一个批次 latest_time="2026-06-20 23:04:23" latest_sender=等下就去吃饭 latest_message=分享图片 stop=false
time=2026-06-20T23:10:13.054+08:00 level=INFO msg=处理完成一个批次 latest_time="2026-06-20 21:48:58" latest_sender=拾人牙慧的复读机 latest_message=要是冰西瓜的话，我可 stop=false
time=2026-06-20T23:10:14.932+08:00 level=INFO msg=处理完成一个批次 latest_time="2026-06-20 21:26:14" latest_sender=古拉TE latest_message="马兰头  本来就是吃了\xe5" stop=false
time=2026-06-20T23:10:16.855+08:00 level=INFO msg=处理完成一个批次 latest_time="2026-06-20 20:54:59" latest_sender=Joyce_irina latest_message=情绪过热的时候要把挣 stop=false
time=2026-06-20T23:10:18.762+08:00 level=INFO msg=处理完成一个批次 latest_time="2026-06-20 20:19:44" latest_sender=古拉TE latest_message=中考就更难了 stop=false
time=2026-06-20T23:10:21.682+08:00 level=INFO msg=处理完成一个批次 latest_time="2026-06-20 19:19:28" latest_sender=nkaifang latest_message=「我成绩出来，老师说 stop=false
time=2026-06-20T23:10:23.455+08:00 level=INFO msg=处理完成一个批次 latest_time="2026-06-20 18:36:39" latest_sender=伽俐详 latest_message=不知道我的那些学生是 stop=false
time=2026-06-20T23:10:25.159+08:00 level=INFO msg=处理完成一个批次 latest_time="2026-06-20 18:11:08" latest_sender=古拉TE latest_message=[二哈] stop=false
time=2026-06-20T23:10:27.750+08:00 level=INFO msg=处理完成一个批次 latest_time="2026-06-20 17:56:15" latest_sender=clone_sheep latest_message=「现在社会对无赖太友 stop=false
time=2026-06-20T23:10:30.065+08:00 level=INFO msg=处理完成一个批次 latest_time="2026-06-20 17:25:41" latest_sender=星逸几度秋_ latest_message=「最近有个医疗界新闻 stop=false
time=2026-06-20T23:10:32.098+08:00 level=INFO msg=处理完成一个批次 latest_time="2026-06-20 16:56:45" latest_sender=干饭大作手的学习日记 latest_message=http://weibo.com/1401527553/R5 stop=false
time=2026-06-20T23:10:34.001+08:00 level=INFO msg=处理完成一个批次 latest_time="2026-06-20 16:37:11" latest_sender=Aviator_hu latest_message=所以我是想不明白为啥 stop=false
time=2026-06-20T23:10:35.848+08:00 level=INFO msg=处理完成一个批次 latest_time="2026-06-20 16:21:23" latest_sender=羽化的布偶 latest_message=看刚哥每次讲话都中气 stop=false
time=2026-06-20T23:10:37.476+08:00 level=INFO msg=处理完成一个批次 latest_time="2026-06-20 16:01:46" latest_sender=伽俐详 latest_message="「@万物既渺小又伟大 \xe6" stop=false
time=2026-06-20T23:10:40.051+08:00 level=INFO msg=处理完成一个批次 latest_time="2026-06-20 15:11:48" latest_sender=Afeeeer latest_message="虽然媒体已经八过是 am" stop=false
time=2026-06-20T23:10:46.916+08:00 level=INFO msg=处理完成一个批次 latest_time="2026-06-20 14:19:13" latest_sender=茴字的1970种写法 latest_message=盒马最近开发新产品的 stop=false
time=2026-06-20T23:10:48.831+08:00 level=INFO msg=处理完成一个批次 latest_time="2026-06-20 14:06:51" latest_sender=粉丝群 latest_message=涉及资金问题请务必提 stop=false
time=2026-06-20T23:10:52.649+08:00 level=INFO msg=处理完成一个批次 latest_time="2026-06-20 13:56:36" latest_sender=雨石plus latest_message=分享图片 stop=false
time=2026-06-20T23:10:55.327+08:00 level=INFO msg=处理完成一个批次 latest_time="2026-06-20 13:21:12" latest_sender=拱bot latest_message="「@古拉TE  拉拉姐，我\xe7" stop=false
time=2026-06-20T23:10:57.110+08:00 level=INFO msg=处理完成一个批次 latest_time="2026-06-20 12:55:48" latest_sender=黑眼圈要减肥Hyc latest_message=表格不好识别，还有里 stop=false
time=2026-06-20T23:10:59.189+08:00 level=INFO msg=处理完成一个批次 latest_time="2026-06-20 12:23:24" latest_sender=nkaifang latest_message=http://weibo.com/2194035935/R4 stop=false
time=2026-06-20T23:11:01.564+08:00 level=INFO msg=处理完成一个批次 latest_time="2026-06-20 11:50:16" latest_sender=0x指纹 latest_message=分享图片 stop=false
time=2026-06-20T23:11:03.884+08:00 level=INFO msg=处理完成一个批次 latest_time="2026-06-20 11:34:41" latest_sender=粉丝群 latest_message="恭喜Bsidnifi...获得“锦\xe9" stop=false
time=2026-06-20T23:11:08.451+08:00 level=INFO msg=处理完成一个批次 latest_time="2026-06-20 11:27:16" latest_sender=铜冰鉴43228 latest_message=还有一个技能，就是不 stop=false
time=2026-06-20T23:11:10.486+08:00 level=INFO msg=处理完成一个批次 latest_time="2026-06-20 11:01:21" latest_sender=干饭大作手的学习日记 latest_message=http://weibo.com/2913693053/R4 stop=false
time=2026-06-20T23:11:12.590+08:00 level=INFO msg=处理完成一个批次 latest_time="2026-06-20 10:02:55" latest_sender=快把大鹅炖进铁锅 latest_message=陈立武最新博客访谈要 stop=false
time=2026-06-20T23:11:14.752+08:00 level=INFO msg=处理完成一个批次 latest_time="2026-06-20 08:51:52" latest_sender=粉丝群 latest_message="恭喜 Horcruxer0x9c73bf31 升" stop=false
time=2026-06-20T23:11:31.426+08:00 level=WARN msg="通过响应监听下载 fid 失败，尝试回退到浏览器内 fetch" fid=5311719813153518 err="timeout:Timeout 15000.00ms exceeded."
time=2026-06-20T23:11:31.523+08:00 level=WARN msg="浏览器内 fetch 下载 fid 失败" fid=5311719813153518 url="https://upload.api.weibo.com/2/mss/msget?fid=5311719813153518&source=209678993&imageType=origin&ts=1781968291426" err="TypeError: Failed to fetch"
time=2026-06-20T23:11:31.566+08:00 level=WARN msg="浏览器内 fetch 下载 fid 失败" fid=5311719813153518 url="https://upload.api.weibo.com/2/mss/msget?fid=5311719813153518&touid=4761715839862414&ts=1781968291426" err="TypeError: Failed to fetch"
time=2026-06-20T23:11:31.698+08:00 level=WARN msg="浏览器内 fetch 下载 fid 失败" fid=5311719813153518 url="https://upload.api.weibo.com/2/mss/msget?fid=5311719813153518&source=209678993&touid=4761715839862414&imageType=origin&ts=1781968291426" err="TypeError: Failed to fetch"
time=2026-06-20T23:11:31.698+08:00 level=WARN msg="浏览器内 fid 下载全部失败，尝试直接 HTTP 下载" fid=5311719813153518 err="TypeError: Failed to fetch"
time=2026-06-20T23:11:32.007+08:00 level=INFO msg="fid 媒体已通过直接 HTTP 回退下载成功" fid=5311719813153518 path=/home/duty/weibo_cron/chat_media_downloads/img_5311719813153518_茧房日报260619.pdf
time=2026-06-20T23:11:32.008+08:00 level=INFO msg=处理完成一个批次 latest_time="2026-06-20 07:45:58" latest_sender=星逸几度秋_ latest_message=早 stop=false
time=2026-06-20T23:11:35.132+08:00 level=INFO msg=处理完成一个批次 latest_time="2026-06-20 00:59:01" latest_sender=FFFFVIP latest_message=分享图片 stop=false
time=2026-06-20T23:11:37.311+08:00 level=INFO msg=处理完成一个批次 latest_time="2026-06-19 23:55:57" latest_sender=o0李筱楼0o latest_message=我今天也有点崩溃的， stop=false
time=2026-06-20T23:11:40.026+08:00 level=INFO msg=处理完成一个批次 latest_time="2026-06-19 23:31:11" latest_sender=黑眼圈要减肥Hyc latest_message=小图预览应该还好。 stop=true
time=2026-06-20T23:11:40.047+08:00 level=INFO msg=群聊历史抓取完成 new_count=609 history_dir=/home/duty/weibo_cron/clean_history state_file=/home/duty/weibo_cron/group_chat_state.json
time=2026-06-20T23:11:41.778+08:00 level=INFO msg=群聊摘要推送完成 message_count=1
time=2026-06-21T23:10:03.105+08:00 level=INFO msg=群聊模式配置加载完成 config=config.groupchat.yaml
time=2026-06-21T23:10:08.305+08:00 level=INFO msg=打开微博群聊页面 url="https://api.weibo.com/chat/#/chat?check_gid=4761715839862414&source_from=11" user_data_dir=/home/duty/weibo_cron/weibo_user_data browser_channel=chrome
time=2026-06-21T23:10:09.271+08:00 level=INFO msg=如未登录，请在打开的浏览器中完成登录；程序正在等待群聊消息接口返回
time=2026-06-21T23:10:10.654+08:00 level=INFO msg=群聊页面已加载，开始抓取历史消息
time=2026-06-21T23:10:11.493+08:00 level=INFO msg=处理完成一个批次 latest_time="2026-06-21 23:04:00" latest_sender=PPPiPi-_- latest_message=http://weibo.com/5829752288/R5 stop=false
time=2026-06-21T23:10:11.675+08:00 level=INFO msg=处理完成一个批次 latest_time="2026-06-21 21:25:07" latest_sender=黄健楸 latest_message=出题应该不能联网的， stop=false
time=2026-06-21T23:10:13.383+08:00 level=INFO msg=处理完成一个批次 latest_time="2026-06-21 19:58:41" latest_sender=想早睡C latest_message="0.11元，@无脸男最喜欢\xe5" stop=false
time=2026-06-21T23:10:15.392+08:00 level=INFO msg=处理完成一个批次 latest_time="2026-06-21 18:24:17" latest_sender=等下就去吃饭 latest_message=http://weibo.com/1855787821/R4 stop=false
time=2026-06-21T23:10:17.352+08:00 level=INFO msg=处理完成一个批次 latest_time="2026-06-21 16:23:54" latest_sender=等下就去吃饭 latest_message=http://weibo.com/2963774131/R5 stop=false
time=2026-06-21T23:10:34.192+08:00 level=WARN msg="通过响应监听下载 fid 失败，尝试回退到浏览器内 fetch" fid=5312236425055737 err="timeout:Timeout 15000.00ms exceeded."
time=2026-06-21T23:10:34.310+08:00 level=WARN msg="浏览器内 fetch 下载 fid 失败" fid=5312236425055737 url="https://upload.api.weibo.com/2/mss/msget?fid=5312236425055737&source=209678993&imageType=origin&ts=1782054634192" err="TypeError: Failed to fetch"
time=2026-06-21T23:10:34.357+08:00 level=WARN msg="浏览器内 fetch 下载 fid 失败" fid=5312236425055737 url="https://upload.api.weibo.com/2/mss/msget?fid=5312236425055737&touid=4761715839862414&ts=1782054634192" err="TypeError: Failed to fetch"
time=2026-06-21T23:10:34.442+08:00 level=WARN msg="浏览器内 fetch 下载 fid 失败" fid=5312236425055737 url="https://upload.api.weibo.com/2/mss/msget?fid=5312236425055737&source=209678993&touid=4761715839862414&imageType=origin&ts=1782054634192" err="TypeError: Failed to fetch"
time=2026-06-21T23:10:34.442+08:00 level=WARN msg="浏览器内 fid 下载全部失败，尝试直接 HTTP 下载" fid=5312236425055737 err="TypeError: Failed to fetch"
time=2026-06-21T23:10:34.742+08:00 level=INFO msg="fid 媒体已通过直接 HTTP 回退下载成功" fid=5312236425055737 path=/home/duty/weibo_cron/chat_media_downloads/img_5312236425055737_IMG_20260621_132143.jpg
time=2026-06-21T23:10:34.743+08:00 level=INFO msg=处理完成一个批次 latest_time="2026-06-21 14:21:19" latest_sender=黑眼圈要减肥Hyc latest_message=JD搜“英国卡”也行 stop=false
time=2026-06-21T23:10:36.753+08:00 level=INFO msg=处理完成一个批次 latest_time="2026-06-21 12:40:22" latest_sender=黑眼圈要减肥Hyc latest_message=电脑是预装正版office stop=false
time=2026-06-21T23:10:38.463+08:00 level=INFO msg=处理完成一个批次 latest_time="2026-06-21 12:22:22" latest_sender=小大饼 latest_message=[动画表情] stop=false
time=2026-06-21T23:10:40.090+08:00 level=INFO msg=处理完成一个批次 latest_time="2026-06-21 11:49:20" latest_sender=沙漏12702 latest_message="0.81元，@特怕麻烦 等你" stop=false
time=2026-06-21T23:10:42.356+08:00 level=INFO msg=处理完成一个批次 latest_time="2026-06-21 11:43:06" latest_sender=秧Bot latest_message=「「这个在京东能搜到 stop=false
time=2026-06-21T23:10:46.053+08:00 level=INFO msg=处理完成一个批次 latest_time="2026-06-21 10:37:50" latest_sender=阿尼亚是安妮亞 latest_message=分享图片 stop=false
time=2026-06-21T23:10:47.975+08:00 level=INFO msg=处理完成一个批次 latest_time="2026-06-21 09:43:49" latest_sender=茴字的1970种写法 latest_message="现在流行 CLI 或者 TUI \xe4\xba" stop=false
time=2026-06-21T23:10:49.668+08:00 level=INFO msg=处理完成一个批次 latest_time="2026-06-21 08:16:12" latest_sender=Reeeder latest_message=早[/ee818a.png]️ stop=false
time=2026-06-21T23:11:06.401+08:00 level=WARN msg="通过响应监听下载 fid 失败，尝试回退到浏览器内 fetch" fid=5312081877533328 err="timeout:Timeout 15000.00ms exceeded."
time=2026-06-21T23:11:06.488+08:00 level=WARN msg="浏览器内 fetch 下载 fid 失败" fid=5312081877533328 url="https://upload.api.weibo.com/2/mss/msget?fid=5312081877533328&source=209678993&imageType=origin&ts=1782054666401" err="TypeError: Failed to fetch"
time=2026-06-21T23:11:06.533+08:00 level=WARN msg="浏览器内 fetch 下载 fid 失败" fid=5312081877533328 url="https://upload.api.weibo.com/2/mss/msget?fid=5312081877533328&touid=4761715839862414&ts=1782054666401" err="TypeError: Failed to fetch"
time=2026-06-21T23:11:06.662+08:00 level=WARN msg="浏览器内 fetch 下载 fid 失败" fid=5312081877533328 url="https://upload.api.weibo.com/2/mss/msget?fid=5312081877533328&source=209678993&touid=4761715839862414&imageType=origin&ts=1782054666401" err="TypeError: Failed to fetch"
time=2026-06-21T23:11:06.662+08:00 level=WARN msg="浏览器内 fid 下载全部失败，尝试直接 HTTP 下载" fid=5312081877533328 err="TypeError: Failed to fetch"
time=2026-06-21T23:11:06.760+08:00 level=INFO msg="fid 媒体已通过直接 HTTP 回退下载成功" fid=5312081877533328 path=/home/duty/weibo_cron/chat_media_downloads/img_5312081877533328_茧房日报260620.pdf
time=2026-06-21T23:11:06.761+08:00 level=INFO msg=处理完成一个批次 latest_time="2026-06-21 03:07:57" latest_sender=四岚1883 latest_message=茧房日报260620.pdf stop=true
time=2026-06-21T23:11:06.770+08:00 level=INFO msg=群聊历史抓取完成 new_count=279 history_dir=/home/duty/weibo_cron/clean_history state_file=/home/duty/weibo_cron/group_chat_state.json
time=2026-06-21T23:11:09.082+08:00 level=INFO msg=群聊摘要推送完成 message_count=1
time=2026-06-22T23:10:03.977+08:00 level=INFO msg=群聊模式配置加载完成 config=config.groupchat.yaml
time=2026-06-22T23:10:08.835+08:00 level=INFO msg=打开微博群聊页面 url="https://api.weibo.com/chat/#/chat?check_gid=4761715839862414&source_from=11" user_data_dir=/home/duty/weibo_cron/weibo_user_data browser_channel=chrome
time=2026-06-22T23:10:09.813+08:00 level=INFO msg=如未登录，请在打开的浏览器中完成登录；程序正在等待群聊消息接口返回
time=2026-06-22T23:10:10.987+08:00 level=INFO msg=群聊页面已加载，开始抓取历史消息
time=2026-06-22T23:10:11.824+08:00 level=INFO msg=处理完成一个批次 latest_time="2026-06-22 23:09:56" latest_sender=tombkeeper latest_message=「我是用“得了”“得 stop=false
time=2026-06-22T23:10:12.182+08:00 level=INFO msg=处理完成一个批次 latest_time="2026-06-22 22:58:45" latest_sender=达包咩 latest_message=罗兰朵女士最近的视频 stop=false
time=2026-06-22T23:10:14.096+08:00 level=INFO msg=处理完成一个批次 latest_time="2026-06-22 22:45:13" latest_sender=FFFFVIP latest_message=http://weibo.com/1098173713/R5 stop=false
time=2026-06-22T23:10:16.121+08:00 level=INFO msg=处理完成一个批次 latest_time="2026-06-22 22:39:51" latest_sender=FFFFVIP latest_message=[吃瓜] stop=false
time=2026-06-22T23:10:18.039+08:00 level=INFO msg=处理完成一个批次 latest_time="2026-06-22 21:33:08" latest_sender=SnowChou latest_message="「之前听tk老师建议，\xe4" stop=false
time=2026-06-22T23:10:19.640+08:00 level=INFO msg=处理完成一个批次 latest_time="2026-06-22 21:02:09" latest_sender=o0李筱楼0o latest_message=但是赌性很大的，其实 stop=false
time=2026-06-22T23:10:21.498+08:00 level=INFO msg=处理完成一个批次 latest_time="2026-06-22 20:54:27" latest_sender=想早睡C latest_message="好公司。 等风来二进\xe5\xae" stop=false
time=2026-06-22T23:10:23.456+08:00 level=INFO msg=处理完成一个批次 latest_time="2026-06-22 20:44:50" latest_sender=花小生鱼 latest_message=「就像狮君说的，还是 stop=false
time=2026-06-22T23:10:27.482+08:00 level=INFO msg=处理完成一个批次 latest_time="2026-06-22 20:31:51" latest_sender=我爱吃肠粉001 latest_message=「「理论上，东大任何 stop=false
time=2026-06-22T23:10:29.422+08:00 level=INFO msg=处理完成一个批次 latest_time="2026-06-22 20:20:33" latest_sender=樱桃树rani latest_message=「煎鸡胸肉，水煮白蘑 stop=false
time=2026-06-22T23:10:31.587+08:00 level=INFO msg=处理完成一个批次 latest_time="2026-06-22 20:04:50" latest_sender=羽化的布偶 latest_message=香港、澳门、台湾…都 stop=false
time=2026-06-22T23:10:33.776+08:00 level=INFO msg=处理完成一个批次 latest_time="2026-06-22 19:38:41" latest_sender=万物既渺小又伟大 latest_message=我今天遇到个同事…他 stop=false
time=2026-06-22T23:10:35.424+08:00 level=INFO msg=处理完成一个批次 latest_time="2026-06-22 19:25:05" latest_sender=梦星河200602 latest_message="台湾 50" stop=false
time=2026-06-22T23:10:37.066+08:00 level=INFO msg=处理完成一个批次 latest_time="2026-06-22 19:00:19" latest_sender=梦星河200602 latest_message=七宗罪里面的暴食 stop=false
time=2026-06-22T23:10:39.007+08:00 level=INFO msg=处理完成一个批次 latest_time="2026-06-22 18:32:09" latest_sender=雨石plus latest_message=分享图片 stop=false
time=2026-06-22T23:10:40.761+08:00 level=INFO msg=处理完成一个批次 latest_time="2026-06-22 17:52:48" latest_sender=我爱吃肠粉001 latest_message=http://weibo.com/1401527553/R5 stop=false
time=2026-06-22T23:10:43.395+08:00 level=INFO msg=处理完成一个批次 latest_time="2026-06-22 17:37:58" latest_sender=等下就去吃饭 latest_message=分享图片 stop=false
time=2026-06-22T23:10:45.215+08:00 level=INFO msg=处理完成一个批次 latest_time="2026-06-22 17:06:17" latest_sender=Afeeeer latest_message=原来是他，这条评论我 stop=false
time=2026-06-22T23:10:52.492+08:00 level=INFO msg=处理完成一个批次 latest_time="2026-06-22 16:30:49" latest_sender=金陵琥珀雪 latest_message="金陵琥珀雪 撤回了一\xe6\x9d" stop=false
time=2026-06-22T23:10:54.453+08:00 level=INFO msg=处理完成一个批次 latest_time="2026-06-22 16:08:48" latest_sender=花小生鱼 latest_message=我就在算力etf里面蹲着 stop=false
time=2026-06-22T23:10:56.329+08:00 level=INFO msg=处理完成一个批次 latest_time="2026-06-22 15:55:49" latest_sender=等下就去吃饭 latest_message="「光互联➕存储」\n- - -" stop=false
time=2026-06-22T23:10:57.960+08:00 level=INFO msg=处理完成一个批次 latest_time="2026-06-22 15:51:22" latest_sender=花小生鱼 latest_message=是的 stop=false
time=2026-06-22T23:10:59.800+08:00 level=INFO msg=处理完成一个批次 latest_time="2026-06-22 15:47:56" latest_sender=花小生鱼 latest_message=六氟化钨今年涨了800%+ stop=false
time=2026-06-22T23:11:01.468+08:00 level=INFO msg=处理完成一个批次 latest_time="2026-06-22 15:44:31" latest_sender=杜大念 latest_message="0.21元，@万物既渺小又\xe4" stop=false
time=2026-06-22T23:11:03.278+08:00 level=INFO msg=处理完成一个批次 latest_time="2026-06-22 15:34:07" latest_sender=我爱吃肠粉001 latest_message=但忘记具体怎么说的了 stop=false
time=2026-06-22T23:11:05.155+08:00 level=INFO msg=处理完成一个批次 latest_time="2026-06-22 15:24:34" latest_sender=钱四份 latest_message=很多科技股当下涨幅已 stop=false
time=2026-06-22T23:11:06.831+08:00 level=INFO msg=处理完成一个批次 latest_time="2026-06-22 15:19:50" latest_sender=Joyce_irina latest_message=有业绩的老登今天走强 stop=false
time=2026-06-22T23:11:08.490+08:00 level=INFO msg=处理完成一个批次 latest_time="2026-06-22 15:13:55" latest_sender=梦星河200602 latest_message="美帝也是 k 型分化，加" stop=false
time=2026-06-22T23:11:10.406+08:00 level=INFO msg=处理完成一个批次 latest_time="2026-06-22 15:09:59" latest_sender=梦星河200602 latest_message=可能已经拉完了🌚 stop=false
time=2026-06-22T23:11:12.673+08:00 level=INFO msg=处理完成一个批次 latest_time="2026-06-22 15:06:30" latest_sender=Sloanaa latest_message="跟我一样韭菜，21年买\xe7" stop=false
time=2026-06-22T23:11:14.329+08:00 level=INFO msg=处理完成一个批次 latest_time="2026-06-22 15:02:55" latest_sender=等下就去吃饭 latest_message=300的时候我嫌贵，现在 stop=false
time=2026-06-22T23:11:15.996+08:00 level=INFO msg=处理完成一个批次 latest_time="2026-06-22 14:57:29" latest_sender=梦星河200602 latest_message=汽车销量每个月都有统 stop=false
time=2026-06-22T23:11:17.683+08:00 level=INFO msg=处理完成一个批次 latest_time="2026-06-22 14:53:08" latest_sender=蓦回溯光 latest_message=饭哥 stop=false
time=2026-06-22T23:11:19.555+08:00 level=INFO msg=处理完成一个批次 latest_time="2026-06-22 14:21:38" latest_sender=一团意大利面 latest_message=你这个比喻 stop=false
time=2026-06-22T23:11:21.477+08:00 level=INFO msg=处理完成一个批次 latest_time="2026-06-22 13:41:09" latest_sender=我爱吃肠粉001 latest_message="「「@我爱吃肠粉001:「\xe5" stop=false
time=2026-06-22T23:11:23.627+08:00 level=INFO msg=处理完成一个批次 latest_time="2026-06-22 13:01:18" latest_sender=堂食也叫内用 latest_message=「「买冲牙器要三思， stop=false
time=2026-06-22T23:11:25.587+08:00 level=INFO msg=处理完成一个批次 latest_time="2026-06-22 12:52:34" latest_sender=秧Bot latest_message=「买冲牙器要三思，我 stop=false
time=2026-06-22T23:11:28.131+08:00 level=INFO msg=处理完成一个批次 latest_time="2026-06-22 12:35:53" latest_sender=拾人牙慧的复读机 latest_message=分享图片 stop=false
time=2026-06-22T23:11:30.359+08:00 level=INFO msg=处理完成一个批次 latest_time="2026-06-22 12:30:39" latest_sender=陈陈想吃西瓜 latest_message=别买小米的冲牙器 stop=false
time=2026-06-22T23:11:32.517+08:00 level=INFO msg=处理完成一个批次 latest_time="2026-06-22 12:27:05" latest_sender=Cain_nitelord latest_message="龙家s03e01很不错  下血\xe6" stop=false
time=2026-06-22T23:11:34.490+08:00 level=INFO msg=处理完成一个批次 latest_time="2026-06-22 12:21:43" latest_sender=陈陈想吃西瓜 latest_message="用户8014516591 撤回了一\xe6" stop=false
time=2026-06-22T23:11:37.863+08:00 level=INFO msg=处理完成一个批次 latest_time="2026-06-22 12:00:15" latest_sender=万物既渺小又伟大 latest_message="唉，大A怎么过山车，\xe6\x97" stop=false
time=2026-06-22T23:11:39.527+08:00 level=INFO msg=处理完成一个批次 latest_time="2026-06-22 11:51:29" latest_sender=小大饼 latest_message=五天没见到喜欢的女同 stop=false
time=2026-06-22T23:11:41.823+08:00 level=INFO msg=处理完成一个批次 latest_time="2026-06-22 11:23:20" latest_sender=黑眼圈要减肥Hyc latest_message=分享图片 stop=false
time=2026-06-22T23:11:44.150+08:00 level=INFO msg=处理完成一个批次 latest_time="2026-06-22 10:47:20" latest_sender=o0李筱楼0o latest_message=进入开悟之坡，可能就 stop=false
time=2026-06-22T23:11:46.159+08:00 level=INFO msg=处理完成一个批次 latest_time="2026-06-22 10:08:40" latest_sender=Joyce_irina latest_message=我现在已经不跟人争辩 stop=false
time=2026-06-22T23:12:02.915+08:00 level=WARN msg="通过响应监听下载 fid 失败，尝试回退到浏览器内 fetch" fid=5312518676545970 err="timeout:Timeout 15000.00ms exceeded."
time=2026-06-22T23:12:02.997+08:00 level=WARN msg="浏览器内 fetch 下载 fid 失败" fid=5312518676545970 url="https://upload.api.weibo.com/2/mss/msget?fid=5312518676545970&source=209678993&imageType=origin&ts=1782141122916" err="TypeError: Failed to fetch"
time=2026-06-22T23:12:03.037+08:00 level=WARN msg="浏览器内 fetch 下载 fid 失败" fid=5312518676545970 url="https://upload.api.weibo.com/2/mss/msget?fid=5312518676545970&touid=4761715839862414&ts=1782141122916" err="TypeError: Failed to fetch"
time=2026-06-22T23:12:03.124+08:00 level=WARN msg="浏览器内 fetch 下载 fid 失败" fid=5312518676545970 url="https://upload.api.weibo.com/2/mss/msget?fid=5312518676545970&source=209678993&touid=4761715839862414&imageType=origin&ts=1782141122916" err="TypeError: Failed to fetch"
time=2026-06-22T23:12:03.124+08:00 level=WARN msg="浏览器内 fid 下载全部失败，尝试直接 HTTP 下载" fid=5312518676545970 err="TypeError: Failed to fetch"
time=2026-06-22T23:12:03.438+08:00 level=INFO msg="fid 媒体已通过直接 HTTP 回退下载成功" fid=5312518676545970 path=/home/duty/weibo_cron/chat_media_downloads/img_5312518676545970_茧房日报260621.pdf
time=2026-06-22T23:12:03.795+08:00 level=INFO msg=处理完成一个批次 latest_time="2026-06-22 08:18:07" latest_sender=粉丝群 latest_message=涉及资金问题请务必提 stop=false
time=2026-06-22T23:12:05.417+08:00 level=INFO msg=处理完成一个批次 latest_time="2026-06-22 07:25:29" latest_sender=Horcruxer0x9c73bf31 latest_message=摩根士丹利预计HDD将短 stop=false
time=2026-06-22T23:12:07.740+08:00 level=INFO msg=处理完成一个批次 latest_time="2026-06-22 04:30:39" latest_sender=小熊猫中年事件簿 latest_message=[动画表情] stop=false
time=2026-06-22T23:12:25.125+08:00 level=WARN msg="通过响应监听下载 fid 失败，尝试回退到浏览器内 fetch" fid=5312389525541908 err="timeout:Timeout 15000.00ms exceeded."
time=2026-06-22T23:12:25.199+08:00 level=WARN msg="浏览器内 fetch 下载 fid 失败" fid=5312389525541908 url="https://upload.api.weibo.com/2/mss/msget?fid=5312389525541908&source=209678993&imageType=origin&ts=1782141145125" err="TypeError: Failed to fetch"
time=2026-06-22T23:12:25.244+08:00 level=WARN msg="浏览器内 fetch 下载 fid 失败" fid=5312389525541908 url="https://upload.api.weibo.com/2/mss/msget?fid=5312389525541908&touid=4761715839862414&ts=1782141145125" err="TypeError: Failed to fetch"
time=2026-06-22T23:12:25.525+08:00 level=WARN msg="浏览器内 fetch 下载 fid 失败" fid=5312389525541908 url="https://upload.api.weibo.com/2/mss/msget?fid=5312389525541908&source=209678993&touid=4761715839862414&imageType=origin&ts=1782141145125" err="TypeError: Failed to fetch"
time=2026-06-22T23:12:25.525+08:00 level=WARN msg="浏览器内 fid 下载全部失败，尝试直接 HTTP 下载" fid=5312389525541908 err="TypeError: Failed to fetch"
time=2026-06-22T23:12:25.812+08:00 level=INFO msg="fid 媒体已通过直接 HTTP 回退下载成功" fid=5312389525541908 path=/home/duty/weibo_cron/chat_media_downloads/img_5312389525541908_七日丝_260621.pdf
time=2026-06-22T23:12:25.812+08:00 level=INFO msg=处理完成一个批次 latest_time="2026-06-21 23:48:50" latest_sender=o0李筱楼0o latest_message=盒马nb stop=true
time=2026-06-22T23:12:25.869+08:00 level=INFO msg=群聊历史抓取完成 new_count=989 history_dir=/home/duty/weibo_cron/clean_history state_file=/home/duty/weibo_cron/group_chat_state.json
time=2026-06-22T23:12:32.567+08:00 level=INFO msg=群聊摘要推送完成 message_count=1
time=2026-06-23T23:10:04.026+08:00 level=INFO msg=群聊模式配置加载完成 config=config.groupchat.yaml
time=2026-06-23T23:10:09.301+08:00 level=INFO msg=打开微博群聊页面 url="https://api.weibo.com/chat/#/chat?check_gid=4761715839862414&source_from=11" user_data_dir=/home/duty/weibo_cron/weibo_user_data browser_channel=chrome
time=2026-06-23T23:10:10.300+08:00 level=INFO msg=如未登录，请在打开的浏览器中完成登录；程序正在等待群聊消息接口返回
time=2026-06-23T23:10:11.667+08:00 level=INFO msg=群聊页面已加载，开始抓取历史消息
time=2026-06-23T23:10:13.365+08:00 level=INFO msg=处理完成一个批次 latest_time="2026-06-23 23:08:45" latest_sender=小大饼 latest_message=分享图片 stop=false
time=2026-06-23T23:10:14.005+08:00 level=INFO msg=处理完成一个批次 latest_time="2026-06-23 22:52:54" latest_sender=等下就去吃饭 latest_message=http://weibo.com/1401527553/R5 stop=false
time=2026-06-23T23:10:17.611+08:00 level=INFO msg=处理完成一个批次 latest_time="2026-06-23 21:58:01" latest_sender=小大饼 latest_message=卧槽，开始跌噜 stop=false
time=2026-06-23T23:10:19.521+08:00 level=INFO msg=处理完成一个批次 latest_time="2026-06-23 21:21:40" latest_sender=等下就去吃饭 latest_message="「「「图片」\n- - - - - -" stop=false
time=2026-06-23T23:10:21.568+08:00 level=INFO msg=处理完成一个批次 latest_time="2026-06-23 21:09:34" latest_sender=等下就去吃饭 latest_message=我刚才还看到一个中了 stop=false
time=2026-06-23T23:10:23.825+08:00 level=INFO msg=处理完成一个批次 latest_time="2026-06-23 21:06:05" latest_sender=自由的西瓜L latest_message="自由的西瓜L 撤回了一\xe6" stop=false
time=2026-06-23T23:10:25.905+08:00 level=INFO msg=处理完成一个批次 latest_time="2026-06-23 20:41:50" latest_sender=特怕麻烦 latest_message=有国补 stop=false
time=2026-06-23T23:10:30.295+08:00 level=INFO msg=处理完成一个批次 latest_time="2026-06-23 20:15:44" latest_sender=梦星河200602 latest_message=分享图片 stop=false
time=2026-06-23T23:10:32.153+08:00 level=INFO msg=处理完成一个批次 latest_time="2026-06-23 19:55:57" latest_sender=想到草原打个滚 latest_message=[嘻嘻] stop=false
time=2026-06-23T23:10:33.837+08:00 level=INFO msg=处理完成一个批次 latest_time="2026-06-23 19:49:31" latest_sender=我爱吃肠粉001 latest_message=「b站一个up无氧登顶珠 stop=false
time=2026-06-23T23:10:36.234+08:00 level=INFO msg=处理完成一个批次 latest_time="2026-06-23 19:35:58" latest_sender=想到草原打个滚 latest_message=谢谢你们[允悲] stop=false
time=2026-06-23T23:10:38.062+08:00 level=INFO msg=处理完成一个批次 latest_time="2026-06-23 19:28:21" latest_sender=小大饼 latest_message="啊啊啊啊啊啊 龙之家\xe6\x97" stop=false
time=2026-06-23T23:10:39.888+08:00 level=INFO msg=处理完成一个批次 latest_time="2026-06-23 19:13:01" latest_sender=是包包捏 latest_message=[动画表情] stop=false
time=2026-06-23T23:10:41.601+08:00 level=INFO msg=处理完成一个批次 latest_time="2026-06-23 19:01:26" latest_sender=冰火岛的曾阿牛 latest_message=前天我刚去港股小鹏消 stop=false
time=2026-06-23T23:10:43.696+08:00 level=INFO msg=处理完成一个批次 latest_time="2026-06-23 18:53:14" latest_sender=羽化的布偶 latest_message=「德国相对惨了，光伏 stop=false
time=2026-06-23T23:10:45.530+08:00 level=INFO msg=处理完成一个批次 latest_time="2026-06-23 18:24:17" latest_sender=茴字的1970种写法 latest_message=http://weibo.com/1401527553/R5 stop=false
time=2026-06-23T23:10:47.705+08:00 level=INFO msg=处理完成一个批次 latest_time="2026-06-23 17:51:01" latest_sender=四岚1883 latest_message="「@万物既渺小又伟大:\xe3" stop=false
time=2026-06-23T23:10:49.655+08:00 level=INFO msg=处理完成一个批次 latest_time="2026-06-23 17:31:34" latest_sender=拱bot latest_message=「本群应该有很多人能 stop=false
time=2026-06-23T23:10:51.391+08:00 level=INFO msg=处理完成一个批次 latest_time="2026-06-23 17:05:29" latest_sender=一团意大利面 latest_message=我之前去北京玩的时候 stop=false
time=2026-06-23T23:10:53.060+08:00 level=INFO msg=处理完成一个批次 latest_time="2026-06-23 16:41:20" latest_sender=粉丝群 latest_message=涉及资金问题请务必提 stop=false
time=2026-06-23T23:10:54.670+08:00 level=INFO msg=处理完成一个批次 latest_time="2026-06-23 16:05:22" latest_sender=花小生鱼 latest_message=「小红书集美赐名：风 stop=false
time=2026-06-23T23:10:56.529+08:00 level=INFO msg=处理完成一个批次 latest_time="2026-06-23 15:57:15" latest_sender=响当当当的铜豌豆 latest_message=「@Aurora白White-little-haji stop=false
time=2026-06-23T23:10:58.577+08:00 level=INFO msg=处理完成一个批次 latest_time="2026-06-23 15:44:49" latest_sender=Joyce_irina latest_message=「基金公司的小哥说改 stop=false
time=2026-06-23T23:11:00.290+08:00 level=INFO msg=处理完成一个批次 latest_time="2026-06-23 15:33:35" latest_sender=响当当当的铜豌豆 latest_message="响当当当的铜豌豆 撤\xe5\x9b" stop=false
time=2026-06-23T23:11:01.934+08:00 level=INFO msg=处理完成一个批次 latest_time="2026-06-23 15:24:06" latest_sender=黄健楸 latest_message=多邻国不太适合学发音 stop=false
time=2026-06-23T23:11:04.779+08:00 level=INFO msg=处理完成一个批次 latest_time="2026-06-23 15:14:09" latest_sender=梦星河200602 latest_message=「科创半导体设备居然 stop=false
time=2026-06-23T23:11:06.638+08:00 level=INFO msg=处理完成一个批次 latest_time="2026-06-23 15:02:45" latest_sender=nkaifang latest_message=喝水 stop=false
time=2026-06-23T23:11:08.641+08:00 level=INFO msg=处理完成一个批次 latest_time="2026-06-23 14:51:11" latest_sender=蓦回溯光 latest_message=分享图片 stop=false
time=2026-06-23T23:11:15.173+08:00 level=INFO msg=处理完成一个批次 latest_time="2026-06-23 14:21:28" latest_sender=黄健楸 latest_message=不靠谱的确实不如自己 stop=false
time=2026-06-23T23:11:16.830+08:00 level=INFO msg=处理完成一个批次 latest_time="2026-06-23 14:06:40" latest_sender=o0李筱楼0o latest_message="「@o0李筱楼0o 别别别，" stop=false
time=2026-06-23T23:11:18.864+08:00 level=INFO msg=处理完成一个批次 latest_time="2026-06-23 13:52:55" latest_sender=茴字的1970种写法 latest_message=http://weibo.com/1670743152/R5 stop=false
time=2026-06-23T23:11:20.865+08:00 level=INFO msg=处理完成一个批次 latest_time="2026-06-23 13:17:57" latest_sender=Aviator_hu latest_message=动动手查一下用人成本 stop=false
time=2026-06-23T23:11:22.871+08:00 level=INFO msg=处理完成一个批次 latest_time="2026-06-23 12:49:10" latest_sender=黄健楸 latest_message=你发哪被他偷的 stop=false
time=2026-06-23T23:11:25.634+08:00 level=INFO msg=处理完成一个批次 latest_time="2026-06-23 12:23:28" latest_sender=xelnaga瞭望塔 latest_message=分享图片 stop=false
time=2026-06-23T23:11:27.636+08:00 level=INFO msg=处理完成一个批次 latest_time="2026-06-23 11:34:49" latest_sender=蓦回溯光 latest_message=特别特别明显的AI味 stop=false
time=2026-06-23T23:11:29.330+08:00 level=INFO msg=处理完成一个批次 latest_time="2026-06-23 10:48:44" latest_sender=CADgen的肉身 latest_message=京东难啊，那么多兄弟 stop=false
time=2026-06-23T23:11:31.391+08:00 level=INFO msg=处理完成一个批次 latest_time="2026-06-23 10:20:02" latest_sender=BentleyMicrostationV8i latest_message="@花小生鱼 [/ee88ae.png]" stop=false
time=2026-06-23T23:11:34.775+08:00 level=INFO msg=处理完成一个批次 latest_time="2026-06-23 10:09:14" latest_sender=梦星河200602 latest_message=大强子最近在搞涅槃计 stop=false
time=2026-06-23T23:11:37.046+08:00 level=INFO msg=处理完成一个批次 latest_time="2026-06-23 08:59:00" latest_sender=阿尼亚是安妮亞 latest_message=早早w stop=false
time=2026-06-23T23:11:38.829+08:00 level=INFO msg=处理完成一个批次 latest_time="2026-06-23 07:44:28" latest_sender=s1naweib0 latest_message=早 stop=false
time=2026-06-23T23:11:55.887+08:00 level=WARN msg="通过响应监听下载 fid 失败，尝试回退到浏览器内 fetch" fid=5312824390714415 err="timeout:Timeout 15000.00ms exceeded."
time=2026-06-23T23:11:55.974+08:00 level=WARN msg="浏览器内 fetch 下载 fid 失败" fid=5312824390714415 url="https://upload.api.weibo.com/2/mss/msget?fid=5312824390714415&source=209678993&imageType=origin&ts=1782227515887" err="TypeError: Failed to fetch"
time=2026-06-23T23:11:56.008+08:00 level=WARN msg="浏览器内 fetch 下载 fid 失败" fid=5312824390714415 url="https://upload.api.weibo.com/2/mss/msget?fid=5312824390714415&touid=4761715839862414&ts=1782227515887" err="TypeError: Failed to fetch"
time=2026-06-23T23:11:56.141+08:00 level=WARN msg="浏览器内 fetch 下载 fid 失败" fid=5312824390714415 url="https://upload.api.weibo.com/2/mss/msget?fid=5312824390714415&source=209678993&touid=4761715839862414&imageType=origin&ts=1782227515887" err="TypeError: Failed to fetch"
time=2026-06-23T23:11:56.141+08:00 level=WARN msg="浏览器内 fid 下载全部失败，尝试直接 HTTP 下载" fid=5312824390714415 err="TypeError: Failed to fetch"
time=2026-06-23T23:11:56.474+08:00 level=INFO msg="fid 媒体已通过直接 HTTP 回退下载成功" fid=5312824390714415 path=/home/duty/weibo_cron/chat_media_downloads/img_5312824390714415_茧房日报260622.pdf
time=2026-06-23T23:12:00.783+08:00 level=INFO msg=处理完成一个批次 latest_time="2026-06-23 06:58:32" latest_sender=smolenskWT latest_message=分享图片 stop=false
time=2026-06-23T23:12:02.997+08:00 level=INFO msg=处理完成一个批次 latest_time="2026-06-23 03:45:10" latest_sender=o0李筱楼0o latest_message="o0李筱楼0o 撤回了一条\xe6" stop=false
time=2026-06-23T23:12:05.295+08:00 level=INFO msg=处理完成一个批次 latest_time="2026-06-23 03:19:40" latest_sender=o0李筱楼0o latest_message="o0李筱楼0o 撤回了一条\xe6" stop=false
time=2026-06-23T23:12:06.983+08:00 level=INFO msg=处理完成一个批次 latest_time="2026-06-23 00:28:44" latest_sender=粉丝群 latest_message=涉及资金问题请务必提 stop=false
time=2026-06-23T23:12:08.725+08:00 level=INFO msg=处理完成一个批次 latest_time="2026-06-22 23:59:20" latest_sender=endlessummerr- latest_message="老人还喜欢发AI美颜视\xe9" stop=false
time=2026-06-23T23:12:10.676+08:00 level=INFO msg=处理完成一个批次 latest_time="2026-06-22 23:11:26" latest_sender=tombkeeper latest_message=“值日” stop=true
time=2026-06-23T23:12:10.706+08:00 level=INFO msg=群聊历史抓取完成 new_count=906 history_dir=/home/duty/weibo_cron/clean_history state_file=/home/duty/weibo_cron/group_chat_state.json
time=2026-06-23T23:12:13.018+08:00 level=INFO msg=群聊摘要推送完成 message_count=1
time=2026-06-24T23:10:03.787+08:00 level=INFO msg=群聊模式配置加载完成 config=config.groupchat.yaml
time=2026-06-24T23:10:09.122+08:00 level=INFO msg=打开微博群聊页面 url="https://api.weibo.com/chat/#/chat?check_gid=4761715839862414&source_from=11" user_data_dir=/home/duty/weibo_cron/weibo_user_data browser_channel=chrome
time=2026-06-24T23:10:10.055+08:00 level=INFO msg=如未登录，请在打开的浏览器中完成登录；程序正在等待群聊消息接口返回
time=2026-06-24T23:10:11.213+08:00 level=INFO msg=群聊页面已加载，开始抓取历史消息
time=2026-06-24T23:10:14.889+08:00 level=INFO msg=处理完成一个批次 latest_time="2026-06-24 23:07:05" latest_sender=梦星河200602 latest_message=「怎么这么麻烦啊？我 stop=false
time=2026-06-24T23:10:30.151+08:00 level=WARN msg="通过响应监听下载 fid 失败，尝试回退到浏览器内 fetch" fid=5313461388058738 err="timeout:Timeout 15000.00ms exceeded."
time=2026-06-24T23:10:30.221+08:00 level=WARN msg="浏览器内 fetch 下载 fid 失败" fid=5313461388058738 url="https://upload.api.weibo.com/2/mss/msget?fid=5313461388058738&source=209678993&imageType=origin&ts=1782313830151" err="TypeError: Failed to fetch"
time=2026-06-24T23:10:30.268+08:00 level=WARN msg="浏览器内 fetch 下载 fid 失败" fid=5313461388058738 url="https://upload.api.weibo.com/2/mss/msget?fid=5313461388058738&touid=4761715839862414&ts=1782313830151" err="TypeError: Failed to fetch"
time=2026-06-24T23:10:30.338+08:00 level=WARN msg="浏览器内 fetch 下载 fid 失败" fid=5313461388058738 url="https://upload.api.weibo.com/2/mss/msget?fid=5313461388058738&source=209678993&touid=4761715839862414&imageType=origin&ts=1782313830151" err="TypeError: Failed to fetch"
time=2026-06-24T23:10:30.338+08:00 level=WARN msg="浏览器内 fid 下载全部失败，尝试直接 HTTP 下载" fid=5313461388058738 err="TypeError: Failed to fetch"
time=2026-06-24T23:10:30.638+08:00 level=INFO msg="fid 媒体已通过直接 HTTP 回退下载成功" fid=5313461388058738 path=/home/duty/weibo_cron/chat_media_downloads/img_5313461388058738_10792999.pdf
time=2026-06-24T23:10:31.170+08:00 level=INFO msg=处理完成一个批次 latest_time="2026-06-24 22:40:57" latest_sender=Joyce_irina latest_message=又不是民企 stop=false
time=2026-06-24T23:10:33.548+08:00 level=INFO msg=处理完成一个批次 latest_time="2026-06-24 22:18:46" latest_sender=春天小羚羊 latest_message=黄哥还在银行上过班 stop=false
time=2026-06-24T23:10:35.562+08:00 level=INFO msg=处理完成一个批次 latest_time="2026-06-24 22:03:38" latest_sender=黄健楸 latest_message=「「刚看有个纳指溢价 stop=false
time=2026-06-24T23:10:37.238+08:00 level=INFO msg=处理完成一个批次 latest_time="2026-06-24 21:53:21" latest_sender=粉丝群 latest_message=涉及资金问题请务必提 stop=false
time=2026-06-24T23:10:39.484+08:00 level=INFO msg=处理完成一个批次 latest_time="2026-06-24 21:47:40" latest_sender=黄健楸 latest_message=「狮座指示减仓黄金你 stop=false
time=2026-06-24T23:10:41.203+08:00 level=INFO msg=处理完成一个批次 latest_time="2026-06-24 21:36:59" latest_sender=Joyce_irina latest_message="「纳斯达克100买了10000\xef" stop=false
time=2026-06-24T23:10:43.113+08:00 level=INFO msg=处理完成一个批次 latest_time="2026-06-24 21:24:13" latest_sender=Notebookdong latest_message="补 500 块标普ƪ(˘⌣˘)ʃ" stop=false
time=2026-06-24T23:10:44.786+08:00 level=INFO msg=处理完成一个批次 latest_time="2026-06-24 21:11:00" latest_sender=Monkey_D_Law latest_message=真要加息了嘛[笑cry] stop=false
time=2026-06-24T23:10:46.458+08:00 level=INFO msg=处理完成一个批次 latest_time="2026-06-24 20:59:43" latest_sender=铜冰鉴43228 latest_message=[疑问][疑问] stop=false
time=2026-06-24T23:11:03.546+08:00 level=WARN msg="通过响应监听下载 fid 失败，尝试回退到浏览器内 fetch" fid=5313434372544662 err="timeout:Timeout 15000.00ms exceeded."
time=2026-06-24T23:11:03.613+08:00 level=WARN msg="浏览器内 fetch 下载 fid 失败" fid=5313434372544662 url="https://upload.api.weibo.com/2/mss/msget?fid=5313434372544662&source=209678993&imageType=origin&ts=1782313863546" err="TypeError: Failed to fetch"
time=2026-06-24T23:11:03.659+08:00 level=WARN msg="浏览器内 fetch 下载 fid 失败" fid=5313434372544662 url="https://upload.api.weibo.com/2/mss/msget?fid=5313434372544662&touid=4761715839862414&ts=1782313863546" err="TypeError: Failed to fetch"
time=2026-06-24T23:11:03.710+08:00 level=WARN msg="浏览器内 fetch 下载 fid 失败" fid=5313434372544662 url="https://upload.api.weibo.com/2/mss/msget?fid=5313434372544662&source=209678993&touid=4761715839862414&imageType=origin&ts=1782313863546" err="TypeError: Failed to fetch"
time=2026-06-24T23:11:03.710+08:00 level=WARN msg="浏览器内 fid 下载全部失败，尝试直接 HTTP 下载" fid=5313434372544662 err="TypeError: Failed to fetch"
time=2026-06-24T23:11:03.915+08:00 level=INFO msg="fid 媒体已通过直接 HTTP 回退下载成功" fid=5313434372544662 path=/home/duty/weibo_cron/chat_media_downloads/img_5313434372544662_Screenshot_20260624_204149.jpg
time=2026-06-24T23:11:03.915+08:00 level=INFO msg=处理完成一个批次 latest_time="2026-06-24 20:48:14" latest_sender=金陵琥珀雪 latest_message=好家伙，这么多 stop=false
time=2026-06-24T23:11:05.746+08:00 level=INFO msg=处理完成一个批次 latest_time="2026-06-24 20:38:17" latest_sender=小大饼 latest_message=蛭子 stop=false
time=2026-06-24T23:11:07.448+08:00 level=INFO msg=处理完成一个批次 latest_time="2026-06-24 20:33:27" latest_sender=用户6300554438 latest_message="1.69元，@阿尼亚是安妮\xe4" stop=false
time=2026-06-24T23:11:09.357+08:00 level=INFO msg=处理完成一个批次 latest_time="2026-06-24 20:21:15" latest_sender=茴字的1970种写法 latest_message=意大利乃欧洲中国再添 stop=false
time=2026-06-24T23:11:11.018+08:00 level=INFO msg=处理完成一个批次 latest_time="2026-06-24 19:56:29" latest_sender=小大饼 latest_message="「Rockstar has confirmed ther" stop=false
time=2026-06-24T23:11:12.771+08:00 level=INFO msg=处理完成一个批次 latest_time="2026-06-24 19:31:01" latest_sender=雨石plus latest_message=「现场问了，大学老师 stop=false
time=2026-06-24T23:11:14.930+08:00 level=INFO msg=处理完成一个批次 latest_time="2026-06-24 19:14:19" latest_sender=雨石plus latest_message=你也可以问 stop=false
time=2026-06-24T23:11:17.336+08:00 level=INFO msg=处理完成一个批次 latest_time="2026-06-24 18:21:59" latest_sender=玩耍的Michael latest_message="「@玩耍的Michael 这个是" stop=false
time=2026-06-24T23:11:19.690+08:00 level=INFO msg=处理完成一个批次 latest_time="2026-06-24 17:54:33" latest_sender=小大饼 latest_message=「「「群友们，总裁的 stop=false
time=2026-06-24T23:11:22.644+08:00 level=INFO msg=处理完成一个批次 latest_time="2026-06-24 17:28:30" latest_sender=咕噜o_O鸟 latest_message=分享图片 stop=false
time=2026-06-24T23:11:24.680+08:00 level=INFO msg=处理完成一个批次 latest_time="2026-06-24 17:05:22" latest_sender=o0李筱楼0o latest_message=「群友们，总裁的阿图 stop=false
time=2026-06-24T23:11:26.323+08:00 level=INFO msg=处理完成一个批次 latest_time="2026-06-24 16:46:02" latest_sender=勇敢积极的24号反派 latest_message="「SK海力士美国存托凭\xe8" stop=false
time=2026-06-24T23:11:28.437+08:00 level=INFO msg=处理完成一个批次 latest_time="2026-06-24 16:16:52" latest_sender=雾中航行志趣 latest_message=「现在有个班上，工资 stop=false
time=2026-06-24T23:11:30.745+08:00 level=INFO msg=处理完成一个批次 latest_time="2026-06-24 16:01:21" latest_sender=我爱吃肠粉001 latest_message="我爱吃肠粉001 撤回了\xe4\xb8" stop=false
time=2026-06-24T23:11:32.683+08:00 level=INFO msg=处理完成一个批次 latest_time="2026-06-24 15:36:58" latest_sender=我爱吃肠粉001 latest_message=「@七床技师:【淘宝】h stop=false
time=2026-06-24T23:11:34.633+08:00 level=INFO msg=处理完成一个批次 latest_time="2026-06-24 15:27:11" latest_sender=时间的小偷t latest_message=有个个人发展问题想问 stop=false
time=2026-06-24T23:11:36.991+08:00 level=INFO msg=处理完成一个批次 latest_time="2026-06-24 15:21:28" latest_sender=雾中航行志趣 latest_message=感觉群友在长鑫上市之 stop=false
time=2026-06-24T23:11:38.632+08:00 level=INFO msg=处理完成一个批次 latest_time="2026-06-24 15:12:15" latest_sender=胖达心态要好 latest_message="「@梦星河200602:他给他\xe8" stop=false
time=2026-06-24T23:11:40.289+08:00 level=INFO msg=处理完成一个批次 latest_time="2026-06-24 14:31:12" latest_sender=自由的西瓜L latest_message=「群里应该有不少阿里 stop=false
time=2026-06-24T23:11:42.550+08:00 level=INFO msg=处理完成一个批次 latest_time="2026-06-24 14:12:09" latest_sender=梦醒的你会很轻松 latest_message=饼哥nb stop=false
time=2026-06-24T23:11:44.746+08:00 level=INFO msg=处理完成一个批次 latest_time="2026-06-24 13:45:43" latest_sender=楼雨晴Lo latest_message=“一！定！要！戒！掉 stop=false
time=2026-06-24T23:11:46.976+08:00 level=INFO msg=处理完成一个批次 latest_time="2026-06-24 13:25:26" latest_sender=等下就去吃饭 latest_message=1818黄金眼 stop=false
time=2026-06-24T23:11:49.603+08:00 level=INFO msg=处理完成一个批次 latest_time="2026-06-24 12:46:44" latest_sender=我爱吃肠粉001 latest_message="「微博」\n- - - - - - - - -" stop=false
time=2026-06-24T23:11:51.427+08:00 level=INFO msg=处理完成一个批次 latest_time="2026-06-24 12:15:23" latest_sender=在公车上吃花生酱的浣熊 latest_message=之前在深圳还得预约摇 stop=false
time=2026-06-24T23:11:53.141+08:00 level=INFO msg=处理完成一个批次 latest_time="2026-06-24 12:08:15" latest_sender=想到草原打个滚 latest_message=减少交叉感染，也防菜 stop=false
time=2026-06-24T23:11:55.578+08:00 level=INFO msg=处理完成一个批次 latest_time="2026-06-24 11:57:33" latest_sender=梦星河200602 latest_message=药监局签发才能使用 stop=false
time=2026-06-24T23:11:57.805+08:00 level=INFO msg=处理完成一个批次 latest_time="2026-06-24 11:40:34" latest_sender=小熊猫中年事件簿 latest_message=疫苗滞销，救救厂商。 stop=false
time=2026-06-24T23:12:00.137+08:00 level=INFO msg=处理完成一个批次 latest_time="2026-06-24 11:28:58" latest_sender=万物既渺小又伟大 latest_message=恭喜挣钱 stop=false
time=2026-06-24T23:12:01.921+08:00 level=INFO msg=处理完成一个批次 latest_time="2026-06-24 11:11:21" latest_sender=小大饼 latest_message=是啊。房子已经买后悔 stop=false
time=2026-06-24T23:12:18.907+08:00 level=WARN msg="通过响应监听下载 fid 失败，尝试回退到浏览器内 fetch" fid=5313287269908753 err="timeout:Timeout 15000.00ms exceeded."
time=2026-06-24T23:12:18.984+08:00 level=WARN msg="浏览器内 fetch 下载 fid 失败" fid=5313287269908753 url="https://upload.api.weibo.com/2/mss/msget?fid=5313287269908753&source=209678993&imageType=origin&ts=1782313938907" err="TypeError: Failed to fetch"
time=2026-06-24T23:12:19.026+08:00 level=WARN msg="浏览器内 fetch 下载 fid 失败" fid=5313287269908753 url="https://upload.api.weibo.com/2/mss/msget?fid=5313287269908753&touid=4761715839862414&ts=1782313938907" err="TypeError: Failed to fetch"
time=2026-06-24T23:12:19.081+08:00 level=WARN msg="浏览器内 fetch 下载 fid 失败" fid=5313287269908753 url="https://upload.api.weibo.com/2/mss/msget?fid=5313287269908753&source=209678993&touid=4761715839862414&imageType=origin&ts=1782313938907" err="TypeError: Failed to fetch"
time=2026-06-24T23:12:19.082+08:00 level=WARN msg="浏览器内 fid 下载全部失败，尝试直接 HTTP 下载" fid=5313287269908753 err="TypeError: Failed to fetch"
time=2026-06-24T23:12:19.218+08:00 level=INFO msg="fid 媒体已通过直接 HTTP 回退下载成功" fid=5313287269908753 path=/home/duty/weibo_cron/chat_media_downloads/img_5313287269908753_screenshot20260624105740.png
time=2026-06-24T23:12:19.218+08:00 level=INFO msg=处理完成一个批次 latest_time="2026-06-24 11:04:01" latest_sender=阿尼亚是安妮亞 latest_message="[流鼻血]不看盘就不会\xe4" stop=false
time=2026-06-24T23:12:21.214+08:00 level=INFO msg=处理完成一个批次 latest_time="2026-06-24 10:56:39" latest_sender=胖达心态要好 latest_message=感觉还挺方便的 stop=false
time=2026-06-24T23:12:22.955+08:00 level=INFO msg=处理完成一个批次 latest_time="2026-06-24 10:50:56" latest_sender=万物既渺小又伟大 latest_message=现在nas哪个好用点，准 stop=false
time=2026-06-24T23:12:30.028+08:00 level=INFO msg=处理完成一个批次 latest_time="2026-06-24 10:44:15" latest_sender=黄健楸 latest_message=分享图片 stop=false
time=2026-06-24T23:12:32.739+08:00 level=INFO msg=处理完成一个批次 latest_time="2026-06-24 09:52:16" latest_sender=楼雨晴Lo latest_message=http://weibo.com/2415270331/R5 stop=false
time=2026-06-24T23:12:34.410+08:00 level=INFO msg=处理完成一个批次 latest_time="2026-06-24 09:11:13" latest_sender=自由的西瓜L latest_message=都已经好久没看到过这 stop=false
time=2026-06-24T23:12:36.296+08:00 level=INFO msg=处理完成一个批次 latest_time="2026-06-24 08:52:07" latest_sender=自由的西瓜L latest_message=没说是注销式 stop=false
time=2026-06-24T23:12:38.316+08:00 level=INFO msg=处理完成一个批次 latest_time="2026-06-24 08:43:54" latest_sender=冰火岛的曾阿牛 latest_message="「微博」\n- - - - - - - - -" stop=false
time=2026-06-24T23:12:39.967+08:00 level=INFO msg=处理完成一个批次 latest_time="2026-06-24 08:03:52" latest_sender=Drtudao latest_message=早 stop=false
time=2026-06-24T23:12:57.094+08:00 level=WARN msg="通过响应监听下载 fid 失败，尝试回退到浏览器内 fetch" fid=5313188909809873 err="timeout:Timeout 15000.00ms exceeded."
time=2026-06-24T23:12:57.184+08:00 level=WARN msg="浏览器内 fetch 下载 fid 失败" fid=5313188909809873 url="https://upload.api.weibo.com/2/mss/msget?fid=5313188909809873&source=209678993&imageType=origin&ts=1782313977095" err="TypeError: Failed to fetch"
time=2026-06-24T23:12:57.217+08:00 level=WARN msg="浏览器内 fetch 下载 fid 失败" fid=5313188909809873 url="https://upload.api.weibo.com/2/mss/msget?fid=5313188909809873&touid=4761715839862414&ts=1782313977095" err="TypeError: Failed to fetch"
time=2026-06-24T23:12:57.301+08:00 level=WARN msg="浏览器内 fetch 下载 fid 失败" fid=5313188909809873 url="https://upload.api.weibo.com/2/mss/msget?fid=5313188909809873&source=209678993&touid=4761715839862414&imageType=origin&ts=1782313977095" err="TypeError: Failed to fetch"
time=2026-06-24T23:12:57.302+08:00 level=WARN msg="浏览器内 fid 下载全部失败，尝试直接 HTTP 下载" fid=5313188909809873 err="TypeError: Failed to fetch"
time=2026-06-24T23:12:57.439+08:00 level=INFO msg="fid 媒体已通过直接 HTTP 回退下载成功" fid=5313188909809873 path=/home/duty/weibo_cron/chat_media_downloads/img_5313188909809873_茧房日报260623.pdf
time=2026-06-24T23:12:57.833+08:00 level=INFO msg=处理完成一个批次 latest_time="2026-06-24 06:49:03" latest_sender=咕噜o_O鸟 latest_message=分享图片 stop=false
time=2026-06-24T23:13:00.717+08:00 level=INFO msg=处理完成一个批次 latest_time="2026-06-24 02:23:31" latest_sender=目兮0904 latest_message=最后一枚夜猫 stop=false
time=2026-06-24T23:13:02.746+08:00 level=INFO msg=处理完成一个批次 latest_time="2026-06-23 23:50:46" latest_sender=蓦回溯光 latest_message=「九折大酬宾，可以搞 stop=false
time=2026-06-24T23:13:05.052+08:00 level=INFO msg=处理完成一个批次 latest_time="2026-06-23 23:31:30" latest_sender=叫我小鸡君吧 latest_message=「智谱还出了自己家的 stop=false
time=2026-06-24T23:13:07.102+08:00 level=INFO msg=处理完成一个批次 latest_time="2026-06-23 23:16:23" latest_sender=梦星河200602 latest_message=阿坤在易方达说了算， stop=true
time=2026-06-24T23:13:07.138+08:00 level=INFO msg=群聊历史抓取完成 new_count=1046 history_dir=/home/duty/weibo_cron/clean_history state_file=/home/duty/weibo_cron/group_chat_state.json
time=2026-06-24T23:13:09.622+08:00 level=INFO msg=群聊摘要推送完成 message_count=1
time=2026-06-25T23:10:03.372+08:00 level=INFO msg=群聊模式配置加载完成 config=config.groupchat.yaml
time=2026-06-25T23:10:08.738+08:00 level=INFO msg=打开微博群聊页面 url="https://api.weibo.com/chat/#/chat?check_gid=4761715839862414&source_from=11" user_data_dir=/home/duty/weibo_cron/weibo_user_data browser_channel=chrome
time=2026-06-25T23:10:09.973+08:00 level=INFO msg=如未登录，请在打开的浏览器中完成登录；程序正在等待群聊消息接口返回
time=2026-06-25T23:10:10.936+08:00 level=INFO msg=群聊页面已加载，开始抓取历史消息
time=2026-06-25T23:10:11.494+08:00 level=INFO msg=处理完成一个批次 latest_time="2026-06-25 23:03:33" latest_sender=SnowChou latest_message=http://weibo.com/7504003391/R5 stop=false
time=2026-06-25T23:10:12.012+08:00 level=INFO msg=处理完成一个批次 latest_time="2026-06-25 22:03:22" latest_sender=四月是你的满分作文101 latest_message="算了 涨价就安心等新\xe6\xa8" stop=false
time=2026-06-25T23:10:14.379+08:00 level=INFO msg=处理完成一个批次 latest_time="2026-06-25 21:35:29" latest_sender=陈陈想吃西瓜 latest_message=恐高了 stop=false
time=2026-06-25T23:10:16.464+08:00 level=INFO msg=处理完成一个批次 latest_time="2026-06-25 21:06:39" latest_sender=等下就去吃饭 latest_message="等下就去吃饭 撤回了\xe4\xb8" stop=false
time=2026-06-25T23:10:18.570+08:00 level=INFO msg=处理完成一个批次 latest_time="2026-06-25 20:49:11" latest_sender=咕噜o_O鸟 latest_message=分享图片 stop=false
time=2026-06-25T23:10:23.233+08:00 level=INFO msg=处理完成一个批次 latest_time="2026-06-25 20:27:06" latest_sender=Aurora白White-little-hajimi latest_message="澳洲牛肉片350g 30元" stop=false
time=2026-06-25T23:10:24.956+08:00 level=INFO msg=处理完成一个批次 latest_time="2026-06-25 19:59:15" latest_sender=咕噜o_O鸟 latest_message="GI 更低一些" stop=false
time=2026-06-25T23:10:26.793+08:00 level=INFO msg=处理完成一个批次 latest_time="2026-06-25 19:42:38" latest_sender=Horcruxer0x9c73bf31 latest_message=还补碘 stop=false
time=2026-06-25T23:10:29.183+08:00 level=INFO msg=处理完成一个批次 latest_time="2026-06-25 18:50:02" latest_sender=肥圆真君_WWW latest_message="x 能举报吗？🌚" stop=false
time=2026-06-25T23:10:30.803+08:00 level=INFO msg=处理完成一个批次 latest_time="2026-06-25 18:31:28" latest_sender=nkaifang latest_message="1.32元，@阿尼亚是安妮\xe4" stop=false
time=2026-06-25T23:10:32.627+08:00 level=INFO msg=处理完成一个批次 latest_time="2026-06-25 18:17:59" latest_sender=阿尼亚是安妮亞 latest_message=这个可以算吗？ stop=false
time=2026-06-25T23:10:34.461+08:00 level=INFO msg=处理完成一个批次 latest_time="2026-06-25 18:09:48" latest_sender=粉丝群 latest_message=涉及资金问题请务必提 stop=false
time=2026-06-25T23:10:36.134+08:00 level=INFO msg=处理完成一个批次 latest_time="2026-06-25 17:53:06" latest_sender=nkaifang latest_message=[动画表情] stop=false
time=2026-06-25T23:10:38.389+08:00 level=INFO msg=处理完成一个批次 latest_time="2026-06-25 17:36:24" latest_sender=tombkeeper latest_message=对方说“叫什么？” stop=false
time=2026-06-25T23:10:40.466+08:00 level=INFO msg=处理完成一个批次 latest_time="2026-06-25 16:58:52" latest_sender=肥圆真君_WWW latest_message=「另一个男室友也搬走 stop=false
time=2026-06-25T23:10:43.837+08:00 level=INFO msg=处理完成一个批次 latest_time="2026-06-25 16:26:34" latest_sender=Monkey_D_Law latest_message=月初那会连涨几天，我 stop=false
time=2026-06-25T23:10:46.154+08:00 level=INFO msg=处理完成一个批次 latest_time="2026-06-25 15:53:09" latest_sender=小大饼 latest_message=就随便分享一下，万一 stop=false
time=2026-06-25T23:10:47.957+08:00 level=INFO msg=处理完成一个批次 latest_time="2026-06-25 14:40:04" latest_sender=CADgen的肉身 latest_message=「半导体太脆弱了，几 stop=false
time=2026-06-25T23:11:04.755+08:00 level=WARN msg="通过响应监听下载 fid 失败，尝试回退到浏览器内 fetch" fid=5313693384180325 err="timeout:Timeout 15000.00ms exceeded."
time=2026-06-25T23:11:05.304+08:00 level=WARN msg="浏览器内 fetch 下载 fid 失败" fid=5313693384180325 url="https://upload.api.weibo.com/2/mss/msget?fid=5313693384180325&source=209678993&imageType=origin&ts=1782400264756" err="TypeError: Failed to fetch"
time=2026-06-25T23:11:05.353+08:00 level=WARN msg="浏览器内 fetch 下载 fid 失败" fid=5313693384180325 url="https://upload.api.weibo.com/2/mss/msget?fid=5313693384180325&touid=4761715839862414&ts=1782400264756" err="TypeError: Failed to fetch"
time=2026-06-25T23:11:05.685+08:00 level=WARN msg="浏览器内 fetch 下载 fid 失败" fid=5313693384180325 url="https://upload.api.weibo.com/2/mss/msget?fid=5313693384180325&source=209678993&touid=4761715839862414&imageType=origin&ts=1782400264756" err="TypeError: Failed to fetch"
time=2026-06-25T23:11:05.685+08:00 level=WARN msg="浏览器内 fid 下载全部失败，尝试直接 HTTP 下载" fid=5313693384180325 err="TypeError: Failed to fetch"
time=2026-06-25T23:11:06.184+08:00 level=INFO msg="fid 媒体已通过直接 HTTP 回退下载成功" fid=5313693384180325 path="/home/duty/weibo_cron/chat_media_downloads/img_5313693384180325_她的荆棘：从痛经到子宫内膜异位症 (徐冰) (z-library.sk, 1lib.sk, z-lib.sk).pdf"
time=2026-06-25T23:11:06.358+08:00 level=INFO msg=处理完成一个批次 latest_time="2026-06-25 14:13:42" latest_sender=nkaifang latest_message=对了，上海的房租是涨 stop=false
time=2026-06-25T23:11:08.392+08:00 level=INFO msg=处理完成一个批次 latest_time="2026-06-25 13:07:06" latest_sender=四岚1883 latest_message=股价下跌到转行段子手 stop=false
time=2026-06-25T23:11:10.085+08:00 level=INFO msg=处理完成一个批次 latest_time="2026-06-25 12:50:53" latest_sender=花小生鱼 latest_message=「「恒科真是见鬼了， stop=false
time=2026-06-25T23:11:12.946+08:00 level=INFO msg=处理完成一个批次 latest_time="2026-06-25 12:44:21" latest_sender=花小生鱼 latest_message=远远跑输半导体设备 stop=false
time=2026-06-25T23:11:14.833+08:00 level=INFO msg=处理完成一个批次 latest_time="2026-06-25 12:16:14" latest_sender=等下就去吃饭 latest_message=分享图片 stop=false
time=2026-06-25T23:11:17.218+08:00 level=INFO msg=处理完成一个批次 latest_time="2026-06-25 11:54:50" latest_sender=小大饼 latest_message="0.64元，@Hop4eva 抢红包\xe9\x9c" stop=false
time=2026-06-25T23:11:18.843+08:00 level=INFO msg=处理完成一个批次 latest_time="2026-06-25 11:48:16" latest_sender=Monkey_D_Law latest_message=最近美股的光，跑输存 stop=false
time=2026-06-25T23:11:20.511+08:00 level=INFO msg=处理完成一个批次 latest_time="2026-06-25 11:31:21" latest_sender=雾中航行志趣 latest_message=「「绿帽是武侠作者的 stop=false
time=2026-06-25T23:11:22.350+08:00 level=INFO msg=处理完成一个批次 latest_time="2026-06-25 11:25:18" latest_sender=雾中航行志趣 latest_message=比如无绿帽不武侠 stop=false
time=2026-06-25T23:11:25.047+08:00 level=INFO msg=处理完成一个批次 latest_time="2026-06-25 11:10:23" latest_sender=黑眼圈要减肥Hyc latest_message="「图片」\n- - - - - - - - -" stop=false
time=2026-06-25T23:11:27.138+08:00 level=INFO msg=处理完成一个批次 latest_time="2026-06-25 10:59:11" latest_sender=黄健楸 latest_message=你要不看看其他质量… stop=false
time=2026-06-25T23:11:28.986+08:00 level=INFO msg=处理完成一个批次 latest_time="2026-06-25 10:47:36" latest_sender=nowyoutry latest_message=codex能出图吗 stop=false
time=2026-06-25T23:11:31.566+08:00 level=INFO msg=处理完成一个批次 latest_time="2026-06-25 10:40:32" latest_sender=Iris_0809 latest_message=我觉得甚至需要挂横幅 stop=false
time=2026-06-25T23:11:33.264+08:00 level=INFO msg=处理完成一个批次 latest_time="2026-06-25 10:34:52" latest_sender=Iris_0809 latest_message=「办公楼宫寒党是不是 stop=false
time=2026-06-25T23:11:35.090+08:00 level=INFO msg=处理完成一个批次 latest_time="2026-06-25 10:24:23" latest_sender=Iris_0809 latest_message="「「「微博」\n- - - - - -" stop=false
time=2026-06-25T23:11:36.965+08:00 level=INFO msg=处理完成一个批次 latest_time="2026-06-25 09:31:21" latest_sender=黑眼圈要减肥Hyc latest_message=http://weibo.com/1088413295/R5 stop=false
time=2026-06-25T23:11:39.723+08:00 level=INFO msg=处理完成一个批次 latest_time="2026-06-25 08:56:53" latest_sender=小大饼 latest_message=又看了一下，还是白袜 stop=false
time=2026-06-25T23:11:41.350+08:00 level=INFO msg=处理完成一个批次 latest_time="2026-06-25 08:15:38" latest_sender=Reeeder latest_message=早 stop=false
time=2026-06-25T23:11:43.038+08:00 level=INFO msg=处理完成一个批次 latest_time="2026-06-25 07:33:08" latest_sender=八角猴 latest_message=早 stop=false
time=2026-06-25T23:12:00.001+08:00 level=WARN msg="通过响应监听下载 fid 失败，尝试回退到浏览器内 fetch" fid=5313550289731769 err="timeout:Timeout 15000.00ms exceeded."
time=2026-06-25T23:12:00.102+08:00 level=WARN msg="浏览器内 fetch 下载 fid 失败" fid=5313550289731769 url="https://upload.api.weibo.com/2/mss/msget?fid=5313550289731769&source=209678993&imageType=origin&ts=1782400320001" err="TypeError: Failed to fetch"
time=2026-06-25T23:12:00.141+08:00 level=WARN msg="浏览器内 fetch 下载 fid 失败" fid=5313550289731769 url="https://upload.api.weibo.com/2/mss/msget?fid=5313550289731769&touid=4761715839862414&ts=1782400320001" err="TypeError: Failed to fetch"
time=2026-06-25T23:12:00.221+08:00 level=WARN msg="浏览器内 fetch 下载 fid 失败" fid=5313550289731769 url="https://upload.api.weibo.com/2/mss/msget?fid=5313550289731769&source=209678993&touid=4761715839862414&imageType=origin&ts=1782400320001" err="TypeError: Failed to fetch"
time=2026-06-25T23:12:00.221+08:00 level=WARN msg="浏览器内 fid 下载全部失败，尝试直接 HTTP 下载" fid=5313550289731769 err="TypeError: Failed to fetch"
time=2026-06-25T23:12:00.298+08:00 level=INFO msg="fid 媒体已通过直接 HTTP 回退下载成功" fid=5313550289731769 path=/home/duty/weibo_cron/chat_media_downloads/img_5313550289731769_茧房日报260624.pdf
time=2026-06-25T23:12:00.934+08:00 level=INFO msg=处理完成一个批次 latest_time="2026-06-25 05:52:40" latest_sender=等下就去吃饭 latest_message=http://weibo.com/5051077448/R5 stop=false
time=2026-06-25T23:12:03.172+08:00 level=INFO msg=处理完成一个批次 latest_time="2026-06-25 00:40:32" latest_sender=铜冰鉴43228 latest_message=http://weibo.com/7945835335/R5 stop=false
time=2026-06-25T23:12:04.795+08:00 level=INFO msg=处理完成一个批次 latest_time="2026-06-25 00:26:12" latest_sender=茴字的1970种写法 latest_message=以你的聪明机智程度* stop=false
time=2026-06-25T23:12:22.159+08:00 level=INFO msg=处理完成一个批次 latest_time="2026-06-25 00:06:57" latest_sender=小大饼 latest_message=吃雪糕糕惹 stop=false
time=2026-06-25T23:12:23.814+08:00 level=INFO msg=处理完成一个批次 latest_time="2026-06-24 23:16:34" latest_sender=铜冰鉴43228 latest_message=卖给焦虑的考生 stop=true
time=2026-06-25T23:12:23.840+08:00 level=INFO msg=群聊历史抓取完成 new_count=828 history_dir=/home/duty/weibo_cron/clean_history state_file=/home/duty/weibo_cron/group_chat_state.json
time=2026-06-25T23:12:26.333+08:00 level=INFO msg=群聊摘要推送完成 message_count=1
time=2026-06-26T23:10:03.654+08:00 level=INFO msg=群聊模式配置加载完成 config=config.groupchat.yaml
time=2026-06-26T23:10:09.059+08:00 level=INFO msg=打开微博群聊页面 url="https://api.weibo.com/chat/#/chat?check_gid=4761715839862414&source_from=11" user_data_dir=/home/duty/weibo_cron/weibo_user_data browser_channel=chrome
time=2026-06-26T23:10:10.027+08:00 level=INFO msg=如未登录，请在打开的浏览器中完成登录；程序正在等待群聊消息接口返回
time=2026-06-26T23:10:11.156+08:00 level=INFO msg=群聊页面已加载，开始抓取历史消息
time=2026-06-26T23:10:11.775+08:00 level=INFO msg=处理完成一个批次 latest_time="2026-06-26 23:06:58" latest_sender=我爱吃肠粉001 latest_message=顺利平安完成就好[赞] stop=false
time=2026-06-26T23:10:12.183+08:00 level=INFO msg=处理完成一个批次 latest_time="2026-06-26 22:56:55" latest_sender=复数枝桠 latest_message=分享图片 stop=false
time=2026-06-26T23:10:13.853+08:00 level=INFO msg=处理完成一个批次 latest_time="2026-06-26 22:20:16" latest_sender=Bonoboooo latest_message=[/ee9092.png][/ee9092.png] stop=false
time=2026-06-26T23:10:15.911+08:00 level=INFO msg=处理完成一个批次 latest_time="2026-06-26 22:03:40" latest_sender=小大饼 latest_message=分享图片 stop=false
time=2026-06-26T23:10:18.290+08:00 level=INFO msg=处理完成一个批次 latest_time="2026-06-26 21:24:31" latest_sender=一团意大利面 latest_message=这个也搞笑 stop=false
time=2026-06-26T23:10:24.179+08:00 level=INFO msg=处理完成一个批次 latest_time="2026-06-26 20:07:45" latest_sender=tombkeeper latest_message=我们给openai报了漏洞， stop=false
time=2026-06-26T23:10:27.407+08:00 level=INFO msg=处理完成一个批次 latest_time="2026-06-26 18:14:17" latest_sender=等下就去吃饭 latest_message=分享图片 stop=false
time=2026-06-26T23:10:29.325+08:00 level=INFO msg=处理完成一个批次 latest_time="2026-06-26 17:28:19" latest_sender=Joyce_irina latest_message="7 月 1 日（星期三）\n香" stop=false
time=2026-06-26T23:10:31.212+08:00 level=INFO msg=处理完成一个批次 latest_time="2026-06-26 17:10:19" latest_sender=我爱吃肠粉001 latest_message="「「@雾中航行志趣:微\xe5" stop=false
time=2026-06-26T23:10:33.193+08:00 level=INFO msg=处理完成一个批次 latest_time="2026-06-26 16:50:28" latest_sender=粉丝群 latest_message=涉及资金问题请务必提 stop=false
time=2026-06-26T23:10:49.934+08:00 level=WARN msg="通过响应监听下载 fid 失败，尝试回退到浏览器内 fetch" fid=5314092698700363 err="timeout:Timeout 15000.00ms exceeded."
time=2026-06-26T23:10:49.999+08:00 level=WARN msg="浏览器内 fetch 下载 fid 失败" fid=5314092698700363 url="https://upload.api.weibo.com/2/mss/msget?fid=5314092698700363&source=209678993&imageType=origin&ts=1782486649934" err="TypeError: Failed to fetch"
time=2026-06-26T23:10:50.046+08:00 level=WARN msg="浏览器内 fetch 下载 fid 失败" fid=5314092698700363 url="https://upload.api.weibo.com/2/mss/msget?fid=5314092698700363&touid=4761715839862414&ts=1782486649934" err="TypeError: Failed to fetch"
time=2026-06-26T23:10:50.105+08:00 level=WARN msg="浏览器内 fetch 下载 fid 失败" fid=5314092698700363 url="https://upload.api.weibo.com/2/mss/msget?fid=5314092698700363&source=209678993&touid=4761715839862414&imageType=origin&ts=1782486649934" err="TypeError: Failed to fetch"
time=2026-06-26T23:10:50.105+08:00 level=WARN msg="浏览器内 fid 下载全部失败，尝试直接 HTTP 下载" fid=5314092698700363 err="TypeError: Failed to fetch"
time=2026-06-26T23:10:50.320+08:00 level=WARN msg="直接 HTTP 下载 fid 失败" fid=5314092698700363 url="https://upload.api.weibo.com/2/mss/msget?fid=5314092698700363&source=209678993&imageType=origin&ts=1782486649934" err="HTTP 400: {\"error\":\"illege file deleted,fid is 5314092698700363,resourceFid is 5314092681003034,uid is 6355013357\",\"error_code\":20367,\"request\":\"/2/mss/msget\",\"http_code\":400,\"request_id\":\"5065716168158380138\"}"
time=2026-06-26T23:10:50.357+08:00 level=WARN msg="直接 HTTP 下载 fid 失败" fid=5314092698700363 url="https://upload.api.weibo.com/2/mss/msget?fid=5314092698700363&touid=4761715839862414&ts=1782486649934" err="HTTP 400: {\"error\":\"auth failed!\",\"error_code\":20360,\"request\":\"/2/mss/msget\",\"http_code\":400,\"request_id\":\"5065713419379167957\"}"
time=2026-06-26T23:10:50.414+08:00 level=WARN msg="直接 HTTP 下载 fid 失败" fid=5314092698700363 url="https://upload.api.weibo.com/2/mss/msget?fid=5314092698700363&source=209678993&touid=4761715839862414&imageType=origin&ts=1782486649934" err="HTTP 400: {\"error\":\"illege file deleted,fid is 5314092698700363,resourceFid is 5314092681003034,uid is 6355013357\",\"error_code\":20367,\"request\":\"/2/mss/msget\",\"http_code\":400,\"request_id\":\"5055334991695975983\"}"
time=2026-06-26T23:10:50.414+08:00 level=ERROR msg="按 fid 下载媒体失败" fid=5314092698700363 err="HTTP 400: {\"error\":\"illege file deleted,fid is 5314092698700363,resourceFid is 5314092681003034,uid is 6355013357\",\"error_code\":20367,\"request\":\"/2/mss/msget\",\"http_code\":400,\"request_id\":\"5055334991695975983\"}"
time=2026-06-26T23:10:50.415+08:00 level=WARN msg=已保存媒体下载失败消息 path=/home/duty/weibo_cron/clean_history/failed_media_messages.jsonl message_id=5314092706302052 media_type=fid media_ref=5314092698700363
time=2026-06-26T23:10:50.416+08:00 level=INFO msg=处理完成一个批次 latest_time="2026-06-26 16:20:50" latest_sender=等下就去吃饭 latest_message=企业光有业绩并不会得 stop=false
time=2026-06-26T23:10:52.043+08:00 level=INFO msg=处理完成一个批次 latest_time="2026-06-26 16:12:36" latest_sender=我爱吃肠粉001 latest_message=还好领导去年大发慈悲 stop=false
time=2026-06-26T23:10:53.887+08:00 level=INFO msg=处理完成一个批次 latest_time="2026-06-26 16:08:16" latest_sender=CZW2025 latest_message=我怕追高摔下来 stop=false
time=2026-06-26T23:10:55.681+08:00 level=INFO msg=处理完成一个批次 latest_time="2026-06-26 16:00:56" latest_sender=四月是你的满分作文101 latest_message="本来23000 现在27500" stop=false
time=2026-06-26T23:10:57.430+08:00 level=INFO msg=处理完成一个批次 latest_time="2026-06-26 15:44:10" latest_sender=nkaifang latest_message=提&喝水 stop=false
time=2026-06-26T23:10:59.394+08:00 level=INFO msg=处理完成一个批次 latest_time="2026-06-26 15:36:44" latest_sender=书包会唱歌呀 latest_message=苹果醋已经习惯了，但 stop=false
time=2026-06-26T23:11:01.167+08:00 level=INFO msg=处理完成一个批次 latest_time="2026-06-26 15:20:33" latest_sender=梦星河200602 latest_message="「图片」\n- - - - - - - - -" stop=false
time=2026-06-26T23:11:18.046+08:00 level=WARN msg="通过响应监听下载 fid 失败，尝试回退到浏览器内 fetch" fid=5314070027702588 err="timeout:Timeout 15000.00ms exceeded."
time=2026-06-26T23:11:18.371+08:00 level=WARN msg="浏览器内 fetch 下载 fid 失败" fid=5314070027702588 url="https://upload.api.weibo.com/2/mss/msget?fid=5314070027702588&source=209678993&imageType=origin&ts=1782486678046" err="TypeError: Failed to fetch"
time=2026-06-26T23:11:18.435+08:00 level=WARN msg="浏览器内 fetch 下载 fid 失败" fid=5314070027702588 url="https://upload.api.weibo.com/2/mss/msget?fid=5314070027702588&touid=4761715839862414&ts=1782486678046" err="TypeError: Failed to fetch"
time=2026-06-26T23:11:18.609+08:00 level=WARN msg="浏览器内 fetch 下载 fid 失败" fid=5314070027702588 url="https://upload.api.weibo.com/2/mss/msget?fid=5314070027702588&source=209678993&touid=4761715839862414&imageType=origin&ts=1782486678046" err="TypeError: Failed to fetch"
time=2026-06-26T23:11:18.609+08:00 level=WARN msg="浏览器内 fid 下载全部失败，尝试直接 HTTP 下载" fid=5314070027702588 err="TypeError: Failed to fetch"
time=2026-06-26T23:11:19.709+08:00 level=INFO msg="fid 媒体已通过直接 HTTP 回退下载成功" fid=5314070027702588 path=/home/duty/weibo_cron/chat_media_downloads/img_5314070027702588_images.zip
time=2026-06-26T23:11:34.773+08:00 level=WARN msg="通过响应监听下载 fid 失败，尝试回退到浏览器内 fetch" fid=5314069541424052 err="timeout:Timeout 15000.00ms exceeded."
time=2026-06-26T23:11:34.852+08:00 level=WARN msg="浏览器内 fetch 下载 fid 失败" fid=5314069541424052 url="https://upload.api.weibo.com/2/mss/msget?fid=5314069541424052&source=209678993&imageType=origin&ts=1782486694773" err="TypeError: Failed to fetch"
time=2026-06-26T23:11:34.897+08:00 level=WARN msg="浏览器内 fetch 下载 fid 失败" fid=5314069541424052 url="https://upload.api.weibo.com/2/mss/msget?fid=5314069541424052&touid=4761715839862414&ts=1782486694773" err="TypeError: Failed to fetch"
time=2026-06-26T23:11:34.971+08:00 level=WARN msg="浏览器内 fetch 下载 fid 失败" fid=5314069541424052 url="https://upload.api.weibo.com/2/mss/msget?fid=5314069541424052&source=209678993&touid=4761715839862414&imageType=origin&ts=1782486694773" err="TypeError: Failed to fetch"
time=2026-06-26T23:11:34.971+08:00 level=WARN msg="浏览器内 fid 下载全部失败，尝试直接 HTTP 下载" fid=5314069541424052 err="TypeError: Failed to fetch"
time=2026-06-26T23:11:35.663+08:00 level=INFO msg="fid 媒体已通过直接 HTTP 回退下载成功" fid=5314069541424052 path="/home/duty/weibo_cron/chat_media_downloads/img_5314069541424052_Is SMIC N+3 Metal Pitch Smaller than Intel 18A.pdf"
time=2026-06-26T23:11:35.980+08:00 level=INFO msg=处理完成一个批次 latest_time="2026-06-26 14:56:23" latest_sender=阿尼亚是安妮亞 latest_message=我发的版本大概就多了 stop=false
time=2026-06-26T23:11:37.662+08:00 level=INFO msg=处理完成一个批次 latest_time="2026-06-26 13:46:29" latest_sender=黄健楸 latest_message=原链接我上面发了 stop=false
time=2026-06-26T23:11:39.915+08:00 level=INFO msg=处理完成一个批次 latest_time="2026-06-26 13:42:28" latest_sender=金陵琥珀雪 latest_message="「「@金陵琥珀雪:于老\xe5" stop=false
time=2026-06-26T23:11:42.014+08:00 level=INFO msg=处理完成一个批次 latest_time="2026-06-26 13:29:31" latest_sender=万千烦恼胀 latest_message=分享图片 stop=false
time=2026-06-26T23:11:48.868+08:00 level=INFO msg=处理完成一个批次 latest_time="2026-06-26 12:33:29" latest_sender=我爱吃肠粉001 latest_message=「小红书，香港证监会 stop=false
time=2026-06-26T23:11:50.491+08:00 level=INFO msg=处理完成一个批次 latest_time="2026-06-26 12:11:18" latest_sender=七床技师 latest_message="B站的推荐和抖音没法\xe6\xaf" stop=false
time=2026-06-26T23:11:53.278+08:00 level=INFO msg=处理完成一个批次 latest_time="2026-06-26 11:53:14" latest_sender=蓦回溯光 latest_message=不闹大，管不过来，但 stop=false
time=2026-06-26T23:11:55.356+08:00 level=INFO msg=处理完成一个批次 latest_time="2026-06-26 11:27:23" latest_sender=胖达心态要好 latest_message=「@CZW2025:到处都在跌， stop=false
time=2026-06-26T23:11:57.607+08:00 level=INFO msg=处理完成一个批次 latest_time="2026-06-26 11:09:12" latest_sender=黄健楸 latest_message=「「大伙买的啥二氧化 stop=false
time=2026-06-26T23:12:00.253+08:00 level=INFO msg=处理完成一个批次 latest_time="2026-06-26 10:50:23" latest_sender=黄健楸 latest_message="「「图片」\n- - - - - - - " stop=false
time=2026-06-26T23:12:02.304+08:00 level=INFO msg=处理完成一个批次 latest_time="2026-06-26 10:43:07" latest_sender=小阿飞_jiro latest_message=大饼不会喜欢少妇吧 stop=false
time=2026-06-26T23:12:05.062+08:00 level=INFO msg=处理完成一个批次 latest_time="2026-06-26 10:13:27" latest_sender=东坡酒醒还复醉 latest_message=我问他为什么资本利得 stop=false
time=2026-06-26T23:12:07.176+08:00 level=INFO msg=处理完成一个批次 latest_time="2026-06-26 09:40:06" latest_sender=architect645 latest_message="「微博」\n- - - - - - - - -" stop=false
time=2026-06-26T23:12:08.983+08:00 level=INFO msg=处理完成一个批次 latest_time="2026-06-26 09:11:43" latest_sender=Cain_nitelord latest_message=美光CEO说人形机器人对 stop=false
time=2026-06-26T23:12:10.792+08:00 level=INFO msg=处理完成一个批次 latest_time="2026-06-26 08:50:07" latest_sender=星逸几度秋_ latest_message="「桑德斯说的🌚」\n- - " stop=false
time=2026-06-26T23:12:12.400+08:00 level=INFO msg=处理完成一个批次 latest_time="2026-06-26 07:43:38" latest_sender=____方格 latest_message=早早早！ stop=false
time=2026-06-26T23:12:29.248+08:00 level=WARN msg="通过响应监听下载 fid 失败，尝试回退到浏览器内 fetch" fid=5313908924481723 err="timeout:Timeout 15000.00ms exceeded."
time=2026-06-26T23:12:29.335+08:00 level=WARN msg="浏览器内 fetch 下载 fid 失败" fid=5313908924481723 url="https://upload.api.weibo.com/2/mss/msget?fid=5313908924481723&source=209678993&imageType=origin&ts=1782486749248" err="TypeError: Failed to fetch"
time=2026-06-26T23:12:29.379+08:00 level=WARN msg="浏览器内 fetch 下载 fid 失败" fid=5313908924481723 url="https://upload.api.weibo.com/2/mss/msget?fid=5313908924481723&touid=4761715839862414&ts=1782486749248" err="TypeError: Failed to fetch"
time=2026-06-26T23:12:29.529+08:00 level=WARN msg="浏览器内 fetch 下载 fid 失败" fid=5313908924481723 url="https://upload.api.weibo.com/2/mss/msget?fid=5313908924481723&source=209678993&touid=4761715839862414&imageType=origin&ts=1782486749248" err="TypeError: Failed to fetch"
time=2026-06-26T23:12:29.529+08:00 level=WARN msg="浏览器内 fid 下载全部失败，尝试直接 HTTP 下载" fid=5313908924481723 err="TypeError: Failed to fetch"
time=2026-06-26T23:12:29.629+08:00 level=INFO msg="fid 媒体已通过直接 HTTP 回退下载成功" fid=5313908924481723 path=/home/duty/weibo_cron/chat_media_downloads/img_5313908924481723_茧房日报260625.pdf
time=2026-06-26T23:12:29.630+08:00 level=INFO msg=处理完成一个批次 latest_time="2026-06-26 06:46:28" latest_sender=Joyce_irina latest_message=我们的消费太差，所以 stop=false
time=2026-06-26T23:12:31.300+08:00 level=INFO msg=处理完成一个批次 latest_time="2026-06-26 02:09:54" latest_sender=拾人牙慧的复读机 latest_message=收到红包消息，请在手 stop=false
time=2026-06-26T23:12:33.571+08:00 level=INFO msg=处理完成一个批次 latest_time="2026-06-25 23:39:31" latest_sender=CADgen的肉身 latest_message=「选专业的时候，请问 stop=true
time=2026-06-26T23:12:33.594+08:00 level=INFO msg=群聊历史抓取完成 new_count=709 history_dir=/home/duty/weibo_cron/clean_history state_file=/home/duty/weibo_cron/group_chat_state.json
time=2026-06-26T23:12:37.029+08:00 level=INFO msg=群聊摘要推送完成 message_count=1
time=2026-06-27T23:10:03.476+08:00 level=INFO msg=群聊模式配置加载完成 config=config.groupchat.yaml
time=2026-06-27T23:10:08.458+08:00 level=INFO msg=打开微博群聊页面 url="https://api.weibo.com/chat/#/chat?check_gid=4761715839862414&source_from=11" user_data_dir=/home/duty/weibo_cron/weibo_user_data browser_channel=chrome
time=2026-06-27T23:10:09.435+08:00 level=INFO msg=如未登录，请在打开的浏览器中完成登录；程序正在等待群聊消息接口返回
time=2026-06-27T23:10:10.573+08:00 level=INFO msg=群聊页面已加载，开始抓取历史消息
time=2026-06-27T23:10:11.302+08:00 level=INFO msg=处理完成一个批次 latest_time="2026-06-27 23:05:41" latest_sender=阿尼亚是安妮亞 latest_message="仅向空调IP发UDP包就可\xe4" stop=false
time=2026-06-27T23:10:11.507+08:00 level=INFO msg=处理完成一个批次 latest_time="2026-06-27 21:48:36" latest_sender=神先 latest_message="[不愧是你]我试试，谢\xe8" stop=false
time=2026-06-27T23:10:16.025+08:00 level=INFO msg=处理完成一个批次 latest_time="2026-06-27 21:26:32" latest_sender=阿尼亚是安妮亞 latest_message="如果是 /webim/groupchat/que" stop=false
time=2026-06-27T23:10:18.163+08:00 level=INFO msg=处理完成一个批次 latest_time="2026-06-27 20:45:50" latest_sender=CADgen的肉身 latest_message=[淡淡的]难啊 stop=false
time=2026-06-27T23:10:20.381+08:00 level=INFO msg=处理完成一个批次 latest_time="2026-06-27 20:29:51" latest_sender=Jane王师傅 latest_message=我有体脂秤了，再薅一 stop=false
time=2026-06-27T23:10:22.130+08:00 level=INFO msg=处理完成一个批次 latest_time="2026-06-27 18:56:07" latest_sender=拾人牙慧的复读机 latest_message=「女室友去新疆了，家 stop=false
time=2026-06-27T23:10:23.766+08:00 level=INFO msg=处理完成一个批次 latest_time="2026-06-27 18:27:23" latest_sender=有种来中路 latest_message=「要选用一种高弹性、 stop=false
time=2026-06-27T23:10:32.720+08:00 level=INFO msg=处理完成一个批次 latest_time="2026-06-27 18:11:07" latest_sender=tombkeeper latest_message="Why-so-serious99 加入了群" stop=false
time=2026-06-27T23:10:39.051+08:00 level=INFO msg=处理完成一个批次 latest_time="2026-06-27 17:17:53" latest_sender=畅曰 latest_message="「微博」\n- - - - - - - - -" stop=false
time=2026-06-27T23:10:43.138+08:00 level=INFO msg=处理完成一个批次 latest_time="2026-06-27 16:22:36" latest_sender=小大饼 latest_message=http://t.cn/AXSQ43ZL stop=false
time=2026-06-27T23:10:47.853+08:00 level=INFO msg=处理完成一个批次 latest_time="2026-06-27 15:43:58" latest_sender=PPPiPi-_- latest_message=分享图片 stop=false
time=2026-06-27T23:10:49.661+08:00 level=INFO msg=处理完成一个批次 latest_time="2026-06-27 14:55:02" latest_sender=登的厉害 latest_message="iphone 17，wechat 版本8.0.7" stop=false
time=2026-06-27T23:10:53.852+08:00 level=INFO msg=处理完成一个批次 latest_time="2026-06-27 14:37:32" latest_sender=tombkeeper latest_message=这个一直存在了二十多 stop=false
time=2026-06-27T23:10:58.003+08:00 level=INFO msg=处理完成一个批次 latest_time="2026-06-27 14:18:14" latest_sender=Jane王师傅 latest_message=蔚县 stop=false
time=2026-06-27T23:11:14.672+08:00 level=WARN msg="通过响应监听下载 fid 失败，尝试回退到浏览器内 fetch" fid=5314413172621729 err="timeout:Timeout 15000.00ms exceeded."
time=2026-06-27T23:11:14.840+08:00 level=WARN msg="浏览器内 fetch 下载 fid 失败" fid=5314413172621729 url="https://upload.api.weibo.com/2/mss/msget?fid=5314413172621729&source=209678993&imageType=origin&ts=1782573074672" err="TypeError: Failed to fetch"
time=2026-06-27T23:11:14.881+08:00 level=WARN msg="浏览器内 fetch 下载 fid 失败" fid=5314413172621729 url="https://upload.api.weibo.com/2/mss/msget?fid=5314413172621729&touid=4761715839862414&ts=1782573074672" err="TypeError: Failed to fetch"
time=2026-06-27T23:11:14.965+08:00 level=WARN msg="浏览器内 fetch 下载 fid 失败" fid=5314413172621729 url="https://upload.api.weibo.com/2/mss/msget?fid=5314413172621729&source=209678993&touid=4761715839862414&imageType=origin&ts=1782573074672" err="TypeError: Failed to fetch"
time=2026-06-27T23:11:14.965+08:00 level=WARN msg="浏览器内 fid 下载全部失败，尝试直接 HTTP 下载" fid=5314413172621729 err="TypeError: Failed to fetch"
time=2026-06-27T23:11:15.271+08:00 level=INFO msg="fid 媒体已通过直接 HTTP 回退下载成功" fid=5314413172621729 path=/home/duty/weibo_cron/chat_media_downloads/img_5314413172621729_1782538298001.jpg
time=2026-06-27T23:11:15.733+08:00 level=INFO msg=处理完成一个批次 latest_time="2026-06-27 13:41:03" latest_sender=Maple丶leaf_292 latest_message=「朋友圈看到的河北张 stop=false
time=2026-06-27T23:11:17.357+08:00 level=INFO msg=处理完成一个批次 latest_time="2026-06-27 13:24:51" latest_sender=Iris_0809 latest_message=「「「东大赶紧把佛得 stop=false
time=2026-06-27T23:11:19.061+08:00 level=INFO msg=处理完成一个批次 latest_time="2026-06-27 13:11:07" latest_sender=茴字的1970种写法 latest_message=东大赶紧把佛得角买下 stop=false
time=2026-06-27T23:11:21.297+08:00 level=INFO msg=处理完成一个批次 latest_time="2026-06-27 12:58:46" latest_sender=任_朝暮_ latest_message=分享图片 stop=false
time=2026-06-27T23:11:24.089+08:00 level=INFO msg=处理完成一个批次 latest_time="2026-06-27 12:45:59" latest_sender=黄健楸 latest_message=「他们那最高温度居然 stop=false
time=2026-06-27T23:11:26.772+08:00 level=INFO msg=处理完成一个批次 latest_time="2026-06-27 12:29:28" latest_sender=黄健楸 latest_message=你看你就被诱惑了吧 stop=false
time=2026-06-27T23:11:29.664+08:00 level=INFO msg=处理完成一个批次 latest_time="2026-06-27 12:05:10" latest_sender=tombkeeper latest_message=我前几天发的关于阿图 stop=false
time=2026-06-27T23:11:31.824+08:00 level=INFO msg=处理完成一个批次 latest_time="2026-06-27 10:11:42" latest_sender=达包咩 latest_message=之前银教授还喜欢过休 stop=false
time=2026-06-27T23:11:33.468+08:00 level=INFO msg=处理完成一个批次 latest_time="2026-06-27 09:32:42" latest_sender=星逸几度秋_ latest_message=首页刷到白老师了？ stop=false
time=2026-06-27T23:11:40.268+08:00 level=INFO msg=处理完成一个批次 latest_time="2026-06-27 08:32:19" latest_sender=叫我小鸡君吧 latest_message="「看完惹」\n- - - - - - - " stop=false
time=2026-06-27T23:11:57.023+08:00 level=WARN msg="通过响应监听下载 fid 失败，尝试回退到浏览器内 fetch" fid=5314272667370977 err="timeout:Timeout 15000.00ms exceeded."
time=2026-06-27T23:11:57.113+08:00 level=WARN msg="浏览器内 fetch 下载 fid 失败" fid=5314272667370977 url="https://upload.api.weibo.com/2/mss/msget?fid=5314272667370977&source=209678993&imageType=origin&ts=1782573117023" err="TypeError: Failed to fetch"
time=2026-06-27T23:11:57.155+08:00 level=WARN msg="浏览器内 fetch 下载 fid 失败" fid=5314272667370977 url="https://upload.api.weibo.com/2/mss/msget?fid=5314272667370977&touid=4761715839862414&ts=1782573117023" err="TypeError: Failed to fetch"
time=2026-06-27T23:11:57.272+08:00 level=WARN msg="浏览器内 fetch 下载 fid 失败" fid=5314272667370977 url="https://upload.api.weibo.com/2/mss/msget?fid=5314272667370977&source=209678993&touid=4761715839862414&imageType=origin&ts=1782573117023" err="TypeError: Failed to fetch"
time=2026-06-27T23:11:57.272+08:00 level=WARN msg="浏览器内 fid 下载全部失败，尝试直接 HTTP 下载" fid=5314272667370977 err="TypeError: Failed to fetch"
time=2026-06-27T23:11:57.459+08:00 level=INFO msg="fid 媒体已通过直接 HTTP 回退下载成功" fid=5314272667370977 path=/home/duty/weibo_cron/chat_media_downloads/img_5314272667370977_茧房日报260626.pdf
time=2026-06-27T23:11:57.834+08:00 level=INFO msg=处理完成一个批次 latest_time="2026-06-27 07:22:26" latest_sender=Mifee飞 latest_message=早 stop=false
time=2026-06-27T23:12:01.105+08:00 level=INFO msg=处理完成一个批次 latest_time="2026-06-27 00:26:12" latest_sender=星逸几度秋_ latest_message=以他们这一一届的德行 stop=false
time=2026-06-27T23:12:04.046+08:00 level=INFO msg=处理完成一个批次 latest_time="2026-06-26 23:54:22" latest_sender=小大饼 latest_message="下周我老板休假惹~又\xe6\x98" stop=true
time=2026-06-27T23:12:04.063+08:00 level=INFO msg=群聊历史抓取完成 new_count=539 history_dir=/home/duty/weibo_cron/clean_history state_file=/home/duty/weibo_cron/group_chat_state.json
time=2026-06-27T23:12:18.526+08:00 level=INFO msg=群聊摘要推送完成 message_count=1
time=2026-06-28T23:10:03.152+08:00 level=INFO msg=群聊模式配置加载完成 config=config.groupchat.yaml
time=2026-06-28T23:10:08.262+08:00 level=INFO msg=打开微博群聊页面 url="https://api.weibo.com/chat/#/chat?check_gid=4761715839862414&source_from=11" user_data_dir=/home/duty/weibo_cron/weibo_user_data browser_channel=chrome
time=2026-06-28T23:10:09.246+08:00 level=INFO msg=如未登录，请在打开的浏览器中完成登录；程序正在等待群聊消息接口返回
time=2026-06-28T23:10:10.256+08:00 level=INFO msg=群聊页面已加载，开始抓取历史消息
time=2026-06-28T23:10:22.247+08:00 level=INFO msg=处理完成一个批次 latest_time="2026-06-28 23:08:57" latest_sender=铜冰鉴43228 latest_message="「「「「图片」\n- - - - " stop=false
time=2026-06-28T23:10:23.028+08:00 level=INFO msg=处理完成一个批次 latest_time="2026-06-28 22:57:00" latest_sender=Jane王师傅 latest_message=我的奔驰锅炸酱面比例 stop=false
time=2026-06-28T23:10:24.767+08:00 level=INFO msg=处理完成一个批次 latest_time="2026-06-28 22:23:58" latest_sender=冰火岛的曾阿牛 latest_message=我只知道那人词库错乱 stop=false
time=2026-06-28T23:10:26.476+08:00 level=INFO msg=处理完成一个批次 latest_time="2026-06-28 22:09:37" latest_sender=星逸几度秋_ latest_message=没看懂就对了吧 stop=false
time=2026-06-28T23:10:28.202+08:00 level=INFO msg=处理完成一个批次 latest_time="2026-06-28 21:54:27" latest_sender=茴字的1970种写法 latest_message=“慈父没有采取措施的 stop=false
time=2026-06-28T23:10:30.617+08:00 level=INFO msg=处理完成一个批次 latest_time="2026-06-28 21:23:22" latest_sender=畅曰 latest_message=分享图片 stop=false
time=2026-06-28T23:10:33.495+08:00 level=INFO msg=处理完成一个批次 latest_time="2026-06-28 20:48:24" latest_sender=CADgen的肉身 latest_message="「图片」\n- - - - - - - - -" stop=false
time=2026-06-28T23:10:35.732+08:00 level=INFO msg=处理完成一个批次 latest_time="2026-06-28 19:00:54" latest_sender=Maple丶leaf_292 latest_message=点进去能看到 stop=false
time=2026-06-28T23:10:38.111+08:00 level=INFO msg=处理完成一个批次 latest_time="2026-06-28 17:39:34" latest_sender=Bonoboooo latest_message=微博的评论数和点赞数 stop=false
time=2026-06-28T23:10:40.405+08:00 level=INFO msg=处理完成一个批次 latest_time="2026-06-28 17:21:26" latest_sender=干拌面过冷水 latest_message=我tmb第二天住法国酒店 stop=false
time=2026-06-28T23:10:42.462+08:00 level=INFO msg=处理完成一个批次 latest_time="2026-06-28 16:57:45" latest_sender=茴字的1970种写法 latest_message=惊呆了，美国人可能是 stop=false
time=2026-06-28T23:10:44.149+08:00 level=INFO msg=处理完成一个批次 latest_time="2026-06-28 16:31:43" latest_sender=我爱吃肠粉001 latest_message=「淦，孤陋寡闻了我又 stop=false
time=2026-06-28T23:10:46.970+08:00 level=INFO msg=处理完成一个批次 latest_time="2026-06-28 15:27:26" latest_sender=粉丝群 latest_message=涉及资金问题请务必提 stop=false
time=2026-06-28T23:10:49.013+08:00 level=INFO msg=处理完成一个批次 latest_time="2026-06-28 15:00:25" latest_sender=小大饼 latest_message=这空调真好啊，感觉适 stop=false
time=2026-06-28T23:10:51.394+08:00 level=INFO msg=处理完成一个批次 latest_time="2026-06-28 13:21:03" latest_sender=冰火岛的曾阿牛 latest_message=友友们，我来提醒一下 stop=false
time=2026-06-28T23:10:53.973+08:00 level=INFO msg=处理完成一个批次 latest_time="2026-06-28 12:43:41" latest_sender=锤耗子 latest_message=「「我的账号是三年老 stop=false
time=2026-06-28T23:10:55.590+08:00 level=INFO msg=处理完成一个批次 latest_time="2026-06-28 10:24:54" latest_sender=粉丝群 latest_message=涉及资金问题请务必提 stop=false
time=2026-06-28T23:10:57.292+08:00 level=INFO msg=处理完成一个批次 latest_time="2026-06-28 10:14:09" latest_sender=拾人牙慧的复读机 latest_message=收到红包消息，请在手 stop=false
time=2026-06-28T23:10:59.718+08:00 level=INFO msg=处理完成一个批次 latest_time="2026-06-28 08:58:20" latest_sender=铜冰鉴43228 latest_message="快30岁的同事，还要教\xe6" stop=false
time=2026-06-28T23:11:16.457+08:00 level=WARN msg="通过响应监听下载 fid 失败，尝试回退到浏览器内 fetch" fid=5314619036927345 err="timeout:Timeout 15000.00ms exceeded."
time=2026-06-28T23:11:16.542+08:00 level=WARN msg="浏览器内 fetch 下载 fid 失败" fid=5314619036927345 url="https://upload.api.weibo.com/2/mss/msget?fid=5314619036927345&source=209678993&imageType=origin&ts=1782659476457" err="TypeError: Failed to fetch"
time=2026-06-28T23:11:16.587+08:00 level=WARN msg="浏览器内 fetch 下载 fid 失败" fid=5314619036927345 url="https://upload.api.weibo.com/2/mss/msget?fid=5314619036927345&touid=4761715839862414&ts=1782659476457" err="TypeError: Failed to fetch"
time=2026-06-28T23:11:16.667+08:00 level=WARN msg="浏览器内 fetch 下载 fid 失败" fid=5314619036927345 url="https://upload.api.weibo.com/2/mss/msget?fid=5314619036927345&source=209678993&touid=4761715839862414&imageType=origin&ts=1782659476457" err="TypeError: Failed to fetch"
time=2026-06-28T23:11:16.667+08:00 level=WARN msg="浏览器内 fid 下载全部失败，尝试直接 HTTP 下载" fid=5314619036927345 err="TypeError: Failed to fetch"
time=2026-06-28T23:11:16.953+08:00 level=INFO msg="fid 媒体已通过直接 HTTP 回退下载成功" fid=5314619036927345 path=/home/duty/weibo_cron/chat_media_downloads/img_5314619036927345_茧房日报260627.pdf
time=2026-06-28T23:11:17.731+08:00 level=INFO msg=处理完成一个批次 latest_time="2026-06-28 06:04:03" latest_sender=粉丝群 latest_message="恭喜HannahAr...今日获得\xe2" stop=false
time=2026-06-28T23:11:20.669+08:00 level=INFO msg=处理完成一个批次 latest_time="2026-06-28 00:06:40" latest_sender=粉丝群 latest_message="恭喜 北角60度 升级至LV" stop=false
time=2026-06-28T23:11:22.586+08:00 level=INFO msg=处理完成一个批次 latest_time="2026-06-27 23:23:25" latest_sender=茴字的1970种写法 latest_message=「各位，请问这个怎么 stop=true
time=2026-06-28T23:11:22.601+08:00 level=INFO msg=群聊历史抓取完成 new_count=435 history_dir=/home/duty/weibo_cron/clean_history state_file=/home/duty/weibo_cron/group_chat_state.json
time=2026-06-28T23:11:32.098+08:00 level=INFO msg=群聊摘要推送完成 message_count=1
time=2026-06-29T23:10:03.903+08:00 level=INFO msg=群聊模式配置加载完成 config=config.groupchat.yaml
time=2026-06-29T23:10:08.808+08:00 level=INFO msg=打开微博群聊页面 url="https://api.weibo.com/chat/#/chat?check_gid=4761715839862414&source_from=11" user_data_dir=/home/duty/weibo_cron/weibo_user_data browser_channel=chrome
time=2026-06-29T23:10:09.765+08:00 level=INFO msg=如未登录，请在打开的浏览器中完成登录；程序正在等待群聊消息接口返回
time=2026-06-29T23:10:11.231+08:00 level=INFO msg=群聊页面已加载，开始抓取历史消息
time=2026-06-29T23:10:11.367+08:00 level=INFO msg=处理完成一个批次 latest_time="2026-06-29 23:05:02" latest_sender=clone_sheep latest_message=「大家有推荐的北京地 stop=false
time=2026-06-29T23:10:11.721+08:00 level=INFO msg=处理完成一个批次 latest_time="2026-06-29 22:38:01" latest_sender=偏东风一到二级 latest_message="1.06元，@CZW2025 为了您\xe8\xbf" stop=false
time=2026-06-29T23:10:13.829+08:00 level=INFO msg=处理完成一个批次 latest_time="2026-06-29 22:37:48" latest_sender=Seaces latest_message="2.82元，@CZW2025 这位兄\xe5\xbc" stop=false
time=2026-06-29T23:10:16.573+08:00 level=INFO msg=处理完成一个批次 latest_time="2026-06-29 22:18:55" latest_sender=Cain_nitelord latest_message="@等下就去吃饭 http://t.c" stop=false
time=2026-06-29T23:10:19.002+08:00 level=INFO msg=处理完成一个批次 latest_time="2026-06-29 21:02:21" latest_sender=黑眼圈要减肥Hyc latest_message=http://weibo.com/1733546074/R6 stop=false
time=2026-06-29T23:10:20.812+08:00 level=INFO msg=处理完成一个批次 latest_time="2026-06-29 20:22:41" latest_sender=粉丝群 latest_message=涉及资金问题请务必提 stop=false
time=2026-06-29T23:10:22.731+08:00 level=INFO msg=处理完成一个批次 latest_time="2026-06-29 20:16:48" latest_sender=seekwind_ latest_message=买水的钱也可以不用省 stop=false
time=2026-06-29T23:10:25.461+08:00 level=INFO msg=处理完成一个批次 latest_time="2026-06-29 20:01:20" latest_sender=十月的米兰 latest_message=也 stop=false
time=2026-06-29T23:10:27.553+08:00 level=INFO msg=处理完成一个批次 latest_time="2026-06-29 19:46:44" latest_sender=Jane王师傅 latest_message=翠湖公园里面有俩望远 stop=false
time=2026-06-29T23:10:29.343+08:00 level=INFO msg=处理完成一个批次 latest_time="2026-06-29 19:39:16" latest_sender=楼雨晴Lo latest_message=🤟爱鸟 stop=false
time=2026-06-29T23:10:31.152+08:00 level=INFO msg=处理完成一个批次 latest_time="2026-06-29 19:30:33" latest_sender=CZW2025 latest_message=http://weibo.com/1856404484/R6 stop=false
time=2026-06-29T23:10:33.116+08:00 level=INFO msg=处理完成一个批次 latest_time="2026-06-29 18:26:22" latest_sender=杜大念 latest_message=「周末在家发现少了一 stop=false
time=2026-06-29T23:10:35.324+08:00 level=INFO msg=处理完成一个批次 latest_time="2026-06-29 17:46:39" latest_sender=胖达心态要好 latest_message=为了对得起白老师这份 stop=false
time=2026-06-29T23:10:37.019+08:00 level=INFO msg=处理完成一个批次 latest_time="2026-06-29 17:22:07" latest_sender=等下就去吃饭 latest_message="等下就去吃饭 撤回了\xe4\xb8" stop=false
time=2026-06-29T23:10:39.519+08:00 level=INFO msg=处理完成一个批次 latest_time="2026-06-29 16:51:26" latest_sender=南洋水师 latest_message="Bragg 我要稀释50倍，才\xe6" stop=false
time=2026-06-29T23:10:41.380+08:00 level=INFO msg=处理完成一个批次 latest_time="2026-06-29 16:15:43" latest_sender=茴字的1970种写法 latest_message=要是能邀请南京队来打 stop=false
time=2026-06-29T23:10:43.494+08:00 level=INFO msg=处理完成一个批次 latest_time="2026-06-29 15:43:46" latest_sender=响当当当的铜豌豆 latest_message="「图片」\n- - - - - - - - -" stop=false
time=2026-06-29T23:10:45.225+08:00 level=INFO msg=处理完成一个批次 latest_time="2026-06-29 15:22:12" latest_sender=自由的西瓜L latest_message=这又不是佛罗里达 stop=false
time=2026-06-29T23:10:46.958+08:00 level=INFO msg=处理完成一个批次 latest_time="2026-06-29 15:07:06" latest_sender=花小生鱼 latest_message=涨这么快让我想起了一 stop=false
time=2026-06-29T23:10:48.635+08:00 level=INFO msg=处理完成一个批次 latest_time="2026-06-29 14:50:41" latest_sender=clone_sheep latest_message=比如我前司多年前有个 stop=false
time=2026-06-29T23:10:50.406+08:00 level=INFO msg=处理完成一个批次 latest_time="2026-06-29 13:53:55" latest_sender=伽俐详 latest_message=「现场各单位小喽啰互 stop=false
time=2026-06-29T23:10:52.295+08:00 level=INFO msg=处理完成一个批次 latest_time="2026-06-29 12:55:14" latest_sender=Aviator_hu latest_message="「图片」\n- - - - - - - - -" stop=false
time=2026-06-29T23:10:54.035+08:00 level=INFO msg=处理完成一个批次 latest_time="2026-06-29 12:21:33" latest_sender=梦星河200602 latest_message="有个采访，采访 nebis \xe5\x88" stop=false
time=2026-06-29T23:10:55.985+08:00 level=INFO msg=处理完成一个批次 latest_time="2026-06-29 12:04:08" latest_sender=小大饼 latest_message=http://t.cn/AXSdEdp1 stop=false
time=2026-06-29T23:10:58.044+08:00 level=INFO msg=处理完成一个批次 latest_time="2026-06-29 11:04:14" latest_sender=ScaryLeopard419 latest_message=科技还是狮座看好的存 stop=false
time=2026-06-29T23:11:00.054+08:00 level=INFO msg=处理完成一个批次 latest_time="2026-06-29 09:19:30" latest_sender=海苔冻甜心 latest_message=早 stop=false
time=2026-06-29T23:11:01.708+08:00 level=INFO msg=处理完成一个批次 latest_time="2026-06-29 07:41:41" latest_sender=fromheart596 latest_message=早 stop=false
time=2026-06-29T23:11:18.404+08:00 level=WARN msg="通过响应监听下载 fid 失败，尝试回退到浏览器内 fetch" fid=5314980822122948 err="timeout:Timeout 15000.00ms exceeded."
time=2026-06-29T23:11:18.492+08:00 level=WARN msg="浏览器内 fetch 下载 fid 失败" fid=5314980822122948 url="https://upload.api.weibo.com/2/mss/msget?fid=5314980822122948&source=209678993&imageType=origin&ts=1782745878404" err="TypeError: Failed to fetch"
time=2026-06-29T23:11:18.529+08:00 level=WARN msg="浏览器内 fetch 下载 fid 失败" fid=5314980822122948 url="https://upload.api.weibo.com/2/mss/msget?fid=5314980822122948&touid=4761715839862414&ts=1782745878404" err="TypeError: Failed to fetch"
time=2026-06-29T23:11:18.599+08:00 level=WARN msg="浏览器内 fetch 下载 fid 失败" fid=5314980822122948 url="https://upload.api.weibo.com/2/mss/msget?fid=5314980822122948&source=209678993&touid=4761715839862414&imageType=origin&ts=1782745878404" err="TypeError: Failed to fetch"
time=2026-06-29T23:11:18.600+08:00 level=WARN msg="浏览器内 fid 下载全部失败，尝试直接 HTTP 下载" fid=5314980822122948 err="TypeError: Failed to fetch"
time=2026-06-29T23:11:18.929+08:00 level=INFO msg="fid 媒体已通过直接 HTTP 回退下载成功" fid=5314980822122948 path=/home/duty/weibo_cron/chat_media_downloads/img_5314980822122948_茧房日报260628.pdf
time=2026-06-29T23:11:20.216+08:00 level=INFO msg=处理完成一个批次 latest_time="2026-06-29 06:06:41" latest_sender=何夜无月何处无松柏 latest_message=上班 stop=false
time=2026-06-29T23:11:22.298+08:00 level=INFO msg=处理完成一个批次 latest_time="2026-06-29 00:06:30" latest_sender=要做一个可爱的人 latest_message=群友们晚安。 stop=false
time=2026-06-29T23:11:39.383+08:00 level=WARN msg="通过响应监听下载 fid 失败，尝试回退到浏览器内 fetch" fid=5314926253180680 err="timeout:Timeout 15000.00ms exceeded."
time=2026-06-29T23:11:39.454+08:00 level=WARN msg="浏览器内 fetch 下载 fid 失败" fid=5314926253180680 url="https://upload.api.weibo.com/2/mss/msget?fid=5314926253180680&source=209678993&imageType=origin&ts=1782745899384" err="TypeError: Failed to fetch"
time=2026-06-29T23:11:39.505+08:00 level=WARN msg="浏览器内 fetch 下载 fid 失败" fid=5314926253180680 url="https://upload.api.weibo.com/2/mss/msget?fid=5314926253180680&touid=4761715839862414&ts=1782745899384" err="TypeError: Failed to fetch"
time=2026-06-29T23:11:39.621+08:00 level=WARN msg="浏览器内 fetch 下载 fid 失败" fid=5314926253180680 url="https://upload.api.weibo.com/2/mss/msget?fid=5314926253180680&source=209678993&touid=4761715839862414&imageType=origin&ts=1782745899384" err="TypeError: Failed to fetch"
time=2026-06-29T23:11:39.622+08:00 level=WARN msg="浏览器内 fid 下载全部失败，尝试直接 HTTP 下载" fid=5314926253180680 err="TypeError: Failed to fetch"
time=2026-06-29T23:11:39.779+08:00 level=INFO msg="fid 媒体已通过直接 HTTP 回退下载成功" fid=5314926253180680 path=/home/duty/weibo_cron/chat_media_downloads/img_5314926253180680_七日丝_260628.pdf
time=2026-06-29T23:11:41.617+08:00 level=INFO msg=处理完成一个批次 latest_time="2026-06-28 23:37:26" latest_sender=十月的米兰 latest_message=分享图片 stop=false
time=2026-06-29T23:11:43.665+08:00 level=INFO msg=处理完成一个批次 latest_time="2026-06-28 23:14:47" latest_sender=____方格 latest_message=谢谢饼哥 stop=true
time=2026-06-29T23:11:43.684+08:00 level=INFO msg=群聊历史抓取完成 new_count=606 history_dir=/home/duty/weibo_cron/clean_history state_file=/home/duty/weibo_cron/group_chat_state.json
time=2026-06-29T23:11:48.554+08:00 level=INFO msg=群聊摘要推送完成 message_count=1
time=2026-06-30T23:10:03.401+08:00 level=INFO msg=群聊模式配置加载完成 config=config.groupchat.yaml
time=2026-06-30T23:10:08.599+08:00 level=INFO msg=打开微博群聊页面 url="https://api.weibo.com/chat/#/chat?check_gid=4761715839862414&source_from=11" user_data_dir=/home/duty/weibo_cron/weibo_user_data browser_channel=chrome
time=2026-06-30T23:10:09.518+08:00 level=INFO msg=如未登录，请在打开的浏览器中完成登录；程序正在等待群聊消息接口返回
time=2026-06-30T23:10:10.626+08:00 level=INFO msg=群聊页面已加载，开始抓取历史消息
time=2026-06-30T23:10:27.835+08:00 level=INFO msg=处理完成一个批次 latest_time="2026-06-30 23:07:22" latest_sender=要做一个可爱的人 latest_message=「买上的也很痛苦，因 stop=false
time=2026-06-30T23:10:34.069+08:00 level=INFO msg=处理完成一个批次 latest_time="2026-06-30 22:45:27" latest_sender=深蹲三下就晕 latest_message=分享视频 stop=false
time=2026-06-30T23:10:35.906+08:00 level=INFO msg=处理完成一个批次 latest_time="2026-06-30 22:34:33" latest_sender=黑眼圈要减肥Hyc latest_message=「要么意志坚定的，买 stop=false
time=2026-06-30T23:10:38.394+08:00 level=INFO msg=处理完成一个批次 latest_time="2026-06-30 22:00:42" latest_sender=粉丝群 latest_message=恭喜登的厉害今日获得 stop=false
time=2026-06-30T23:10:40.307+08:00 level=INFO msg=处理完成一个批次 latest_time="2026-06-30 21:17:39" latest_sender=拱bot latest_message="拱bot 撤回了一条消息" stop=false
time=2026-06-30T23:10:42.054+08:00 level=INFO msg=处理完成一个批次 latest_time="2026-06-30 20:47:50" latest_sender=肥圆真君_WWW latest_message=http://weibo.com/6593383189/R6 stop=false
time=2026-06-30T23:10:44.248+08:00 level=INFO msg=处理完成一个批次 latest_time="2026-06-30 20:08:59" latest_sender=登的厉害 latest_message=「@茴字的1970种写法:那 stop=false
time=2026-06-30T23:10:46.452+08:00 level=INFO msg=处理完成一个批次 latest_time="2026-06-30 19:51:34" latest_sender=xelnaga瞭望塔 latest_message=分享图片 stop=false
time=2026-06-30T23:10:48.332+08:00 level=INFO msg=处理完成一个批次 latest_time="2026-06-30 19:21:37" latest_sender=杜大念 latest_message=「薅哭马云的机会又来 stop=false
time=2026-06-30T23:10:50.911+08:00 level=INFO msg=处理完成一个批次 latest_time="2026-06-30 18:43:06" latest_sender=Tenacious_U latest_message=俗话说，老母猪戴胸罩 stop=false
time=2026-06-30T23:10:52.835+08:00 level=INFO msg=处理完成一个批次 latest_time="2026-06-30 18:39:11" latest_sender=达包咩 latest_message=对焦，防抖 stop=false
time=2026-06-30T23:10:55.020+08:00 level=INFO msg=处理完成一个批次 latest_time="2026-06-30 18:23:38" latest_sender=达包咩 latest_message=http://weibo.com/1197404173/Oe stop=false
time=2026-06-30T23:10:57.317+08:00 level=INFO msg=处理完成一个批次 latest_time="2026-06-30 17:59:58" latest_sender=我爱吃肠粉001 latest_message=分享图片 stop=false
time=2026-06-30T23:10:59.473+08:00 level=INFO msg=处理完成一个批次 latest_time="2026-06-30 17:02:17" latest_sender=用户8342964635 latest_message=嗯，我主要的目标是找 stop=false
time=2026-06-30T23:11:16.172+08:00 level=WARN msg="通过响应监听下载 fid 失败，尝试回退到浏览器内 fetch" fid=5315547136003782 err="timeout:Timeout 15000.00ms exceeded."
time=2026-06-30T23:11:16.250+08:00 level=WARN msg="浏览器内 fetch 下载 fid 失败" fid=5315547136003782 url="https://upload.api.weibo.com/2/mss/msget?fid=5315547136003782&source=209678993&imageType=origin&ts=1782832276172" err="TypeError: Failed to fetch"
time=2026-06-30T23:11:16.294+08:00 level=WARN msg="浏览器内 fetch 下载 fid 失败" fid=5315547136003782 url="https://upload.api.weibo.com/2/mss/msget?fid=5315547136003782&touid=4761715839862414&ts=1782832276172" err="TypeError: Failed to fetch"
time=2026-06-30T23:11:16.380+08:00 level=WARN msg="浏览器内 fetch 下载 fid 失败" fid=5315547136003782 url="https://upload.api.weibo.com/2/mss/msget?fid=5315547136003782&source=209678993&touid=4761715839862414&imageType=origin&ts=1782832276172" err="TypeError: Failed to fetch"
time=2026-06-30T23:11:16.381+08:00 level=WARN msg="浏览器内 fid 下载全部失败，尝试直接 HTTP 下载" fid=5315547136003782 err="TypeError: Failed to fetch"
time=2026-06-30T23:11:16.715+08:00 level=INFO msg="fid 媒体已通过直接 HTTP 回退下载成功" fid=5315547136003782 path=/home/duty/weibo_cron/chat_media_downloads/img_5315547136003782_大路灯选择要点.pdf
time=2026-06-30T23:11:16.716+08:00 level=INFO msg=处理完成一个批次 latest_time="2026-06-30 16:42:40" latest_sender=我爱吃肠粉001 latest_message="「文件」\n- - - - - - - - -" stop=false
time=2026-06-30T23:11:19.144+08:00 level=INFO msg=处理完成一个批次 latest_time="2026-06-30 16:25:26" latest_sender=小大饼 latest_message="「图片」\n- - - - - - - - -" stop=false
time=2026-06-30T23:11:21.445+08:00 level=INFO msg=处理完成一个批次 latest_time="2026-06-30 16:11:55" latest_sender=Afeeeer latest_message=用关注列表做图分析应 stop=false
time=2026-06-30T23:11:24.679+08:00 level=INFO msg=处理完成一个批次 latest_time="2026-06-30 15:47:33" latest_sender=CADgen的肉身 latest_message="CADgen的肉身 撤回了一\xe6\x9d" stop=false
time=2026-06-30T23:11:26.886+08:00 level=INFO msg=处理完成一个批次 latest_time="2026-06-30 14:55:13" latest_sender=nowyoutry latest_message="观鸟不得不提尼康P1100\xef" stop=false
time=2026-06-30T23:11:28.583+08:00 level=INFO msg=处理完成一个批次 latest_time="2026-06-30 14:41:01" latest_sender=一粒粒木子 latest_message="TK老师好像提到过一套\xe4" stop=false
time=2026-06-30T23:11:31.126+08:00 level=INFO msg=处理完成一个批次 latest_time="2026-06-30 14:03:15" latest_sender=Afeeeer latest_message="catfish，又名腐乳（湖\xe5\x8d" stop=false
time=2026-06-30T23:11:33.742+08:00 level=INFO msg=处理完成一个批次 latest_time="2026-06-30 13:57:39" latest_sender=我亦擅绘 latest_message="我亦擅绘 撤回了一条\xe6\xb6" stop=false
time=2026-06-30T23:11:41.227+08:00 level=INFO msg=处理完成一个批次 latest_time="2026-06-30 13:48:27" latest_sender=____方格 latest_message=分享视频 stop=false
time=2026-06-30T23:11:43.704+08:00 level=INFO msg=处理完成一个批次 latest_time="2026-06-30 13:25:09" latest_sender=阿尼亚是安妮亞 latest_message=(在打鸟场景下) stop=false
time=2026-06-30T23:11:45.675+08:00 level=INFO msg=处理完成一个批次 latest_time="2026-06-30 13:06:44" latest_sender=茴字的1970种写法 latest_message=即时我今早看的只是黑 stop=false
time=2026-06-30T23:11:47.710+08:00 level=INFO msg=处理完成一个批次 latest_time="2026-06-30 12:30:57" latest_sender=冰火岛的曾阿牛 latest_message=http://weibo.com/1820201245/R6 stop=false
time=2026-06-30T23:11:49.848+08:00 level=INFO msg=处理完成一个批次 latest_time="2026-06-30 11:59:05" latest_sender=开开kk1 latest_message=我站起来蹬摔了。小学 stop=false
time=2026-06-30T23:11:51.673+08:00 level=INFO msg=处理完成一个批次 latest_time="2026-06-30 11:35:24" latest_sender=黑眼圈要减肥Hyc latest_message=gg卡有自动续费吗？ stop=false
time=2026-06-30T23:11:53.742+08:00 level=INFO msg=处理完成一个批次 latest_time="2026-06-30 11:07:51" latest_sender=slipknot-li latest_message=穿着非常朴素 stop=false
time=2026-06-30T23:11:55.987+08:00 level=INFO msg=处理完成一个批次 latest_time="2026-06-30 10:32:00" latest_sender=修蒙的gentle latest_message="「「「有 gtx 膜的户外\xe9" stop=false
time=2026-06-30T23:11:58.576+08:00 level=INFO msg=处理完成一个批次 latest_time="2026-06-30 09:59:38" latest_sender=沈指导 latest_message=感谢。 stop=false
time=2026-06-30T23:12:15.456+08:00 level=WARN msg="通过响应监听下载 fid 失败，尝试回退到浏览器内 fetch" fid=5315426869317544 err="timeout:Timeout 15000.00ms exceeded."
time=2026-06-30T23:12:15.540+08:00 level=WARN msg="浏览器内 fetch 下载 fid 失败" fid=5315426869317544 url="https://upload.api.weibo.com/2/mss/msget?fid=5315426869317544&source=209678993&imageType=origin&ts=1782832335456" err="TypeError: Failed to fetch"
time=2026-06-30T23:12:15.577+08:00 level=WARN msg="浏览器内 fetch 下载 fid 失败" fid=5315426869317544 url="https://upload.api.weibo.com/2/mss/msget?fid=5315426869317544&touid=4761715839862414&ts=1782832335456" err="TypeError: Failed to fetch"
time=2026-06-30T23:12:15.707+08:00 level=WARN msg="浏览器内 fetch 下载 fid 失败" fid=5315426869317544 url="https://upload.api.weibo.com/2/mss/msget?fid=5315426869317544&source=209678993&touid=4761715839862414&imageType=origin&ts=1782832335456" err="TypeError: Failed to fetch"
time=2026-06-30T23:12:15.707+08:00 level=WARN msg="浏览器内 fid 下载全部失败，尝试直接 HTTP 下载" fid=5315426869317544 err="TypeError: Failed to fetch"
time=2026-06-30T23:12:15.814+08:00 level=INFO msg="fid 媒体已通过直接 HTTP 回退下载成功" fid=5315426869317544 path=/home/duty/weibo_cron/chat_media_downloads/img_5315426869317544_茧房日报260629.pdf
time=2026-06-30T23:12:15.815+08:00 level=INFO msg=处理完成一个批次 latest_time="2026-06-30 08:54:45" latest_sender=小大饼 latest_message=鞋湿了啊 stop=false
time=2026-06-30T23:12:17.911+08:00 level=INFO msg=处理完成一个批次 latest_time="2026-06-30 07:58:58" latest_sender=小码想想 latest_message=早 stop=false
time=2026-06-30T23:12:19.639+08:00 level=INFO msg=处理完成一个批次 latest_time="2026-06-30 06:57:55" latest_sender=秧Bot latest_message=早 stop=false
time=2026-06-30T23:12:21.413+08:00 level=INFO msg=处理完成一个批次 latest_time="2026-06-30 01:52:22" latest_sender=梦醒的你会很轻松 latest_message=[思考] stop=false
time=2026-06-30T23:12:23.314+08:00 level=INFO msg=处理完成一个批次 latest_time="2026-06-29 23:33:05" latest_sender=小大饼 latest_message="「@clone_sheep:「现在严\xe6\xa0" stop=false
time=2026-06-30T23:12:25.161+08:00 level=INFO msg=处理完成一个批次 latest_time="2026-06-29 23:12:22" latest_sender=小大饼 latest_message=「哦哦，往好处想是的 stop=true
time=2026-06-30T23:12:25.190+08:00 level=INFO msg=群聊历史抓取完成 new_count=725 history_dir=/home/duty/weibo_cron/clean_history state_file=/home/duty/weibo_cron/group_chat_state.json
time=2026-06-30T23:12:37.653+08:00 level=INFO msg=群聊摘要推送完成 message_count=1
time=2026-07-01T23:10:03.534+08:00 level=INFO msg=群聊模式配置加载完成 config=config.groupchat.yaml
time=2026-07-01T23:10:08.905+08:00 level=INFO msg=打开微博群聊页面 url="https://api.weibo.com/chat/#/chat?check_gid=4761715839862414&source_from=11" user_data_dir=/home/duty/weibo_cron/weibo_user_data browser_channel=chrome
time=2026-07-01T23:10:09.855+08:00 level=INFO msg=如未登录，请在打开的浏览器中完成登录；程序正在等待群聊消息接口返回
time=2026-07-01T23:10:10.944+08:00 level=INFO msg=群聊页面已加载，开始抓取历史消息
time=2026-07-01T23:10:11.271+08:00 level=INFO msg=处理完成一个批次 latest_time="2026-07-01 22:59:07" latest_sender=Cain_nitelord latest_message="“There is no Parliament in t" stop=false
time=2026-07-01T23:10:12.142+08:00 level=INFO msg=处理完成一个批次 latest_time="2026-07-01 22:32:19" latest_sender=等下就去吃饭 latest_message="等下就去吃饭 撤回了\xe4\xb8" stop=false
time=2026-07-01T23:10:14.360+08:00 level=INFO msg=处理完成一个批次 latest_time="2026-07-01 21:56:43" latest_sender=等下就去吃饭 latest_message="等下就去吃饭 撤回了\xe4\xb8" stop=false
time=2026-07-01T23:10:16.207+08:00 level=INFO msg=处理完成一个批次 latest_time="2026-07-01 21:48:44" latest_sender=tombkeeper latest_message=还有一个我不敢发 stop=false
time=2026-07-01T23:10:18.256+08:00 level=INFO msg=处理完成一个批次 latest_time="2026-07-01 21:38:40" latest_sender=Joyce_irina latest_message=「我之前银行app也是， stop=false
time=2026-07-01T23:10:20.552+08:00 level=INFO msg=处理完成一个批次 latest_time="2026-07-01 21:05:07" latest_sender=seekwind_ latest_message=http://weibo.com/1700720163/R6 stop=false
time=2026-07-01T23:10:22.177+08:00 level=INFO msg=处理完成一个批次 latest_time="2026-07-01 20:16:14" latest_sender=Monkey_D_Law latest_message=「天哪，我观看了好几 stop=false
time=2026-07-01T23:10:24.331+08:00 level=INFO msg=处理完成一个批次 latest_time="2026-07-01 19:57:00" latest_sender=海苔冻甜心 latest_message=hi，晚上好！ stop=false
time=2026-07-01T23:10:25.992+08:00 level=INFO msg=处理完成一个批次 latest_time="2026-07-01 19:41:34" latest_sender=x先生的奇思妙想 latest_message=hi，晚上好！ stop=false
time=2026-07-01T23:10:27.815+08:00 level=INFO msg=处理完成一个批次 latest_time="2026-07-01 19:36:40" latest_sender=小大饼 latest_message=hi，晚上好！ stop=false
time=2026-07-01T23:10:29.640+08:00 level=INFO msg=处理完成一个批次 latest_time="2026-07-01 19:30:28" latest_sender=xelnaga瞭望塔 latest_message=hi，晚上好！ stop=false
time=2026-07-01T23:10:31.745+08:00 level=INFO msg=处理完成一个批次 latest_time="2026-07-01 19:13:36" latest_sender=摄摄摄摄摄魂怪 latest_message=喷洒的时候请远离食品 stop=false
time=2026-07-01T23:10:33.712+08:00 level=INFO msg=处理完成一个批次 latest_time="2026-07-01 18:45:38" latest_sender=十月的米兰 latest_message=「「「肘代孕了那么多 stop=false
time=2026-07-01T23:10:35.712+08:00 level=INFO msg=处理完成一个批次 latest_time="2026-07-01 18:09:45" latest_sender=nowyoutry latest_message=是的，共享相册，短信 stop=false
time=2026-07-01T23:10:38.677+08:00 level=INFO msg=处理完成一个批次 latest_time="2026-07-01 17:47:42" latest_sender=一团意大利面 latest_message=分享图片 stop=false
time=2026-07-01T23:10:41.795+08:00 level=INFO msg=处理完成一个批次 latest_time="2026-07-01 17:18:52" latest_sender=一只劒鯮 latest_message=[傻眼] stop=false
time=2026-07-01T23:10:44.137+08:00 level=INFO msg=处理完成一个批次 latest_time="2026-07-01 16:33:31" latest_sender=胖达心态要好 latest_message=总共三只，还有一个是 stop=false
time=2026-07-01T23:10:46.455+08:00 level=INFO msg=处理完成一个批次 latest_time="2026-07-01 16:12:32" latest_sender=CZW2025 latest_message=冲生可可粉有没有一个 stop=false
time=2026-07-01T23:11:03.117+08:00 level=WARN msg="通过响应监听下载 fid 失败，尝试回退到浏览器内 fetch" fid=5315892096538788 err="timeout:Timeout 15000.00ms exceeded."
time=2026-07-01T23:11:03.691+08:00 level=WARN msg="浏览器内 fetch 下载 fid 失败" fid=5315892096538788 url="https://upload.api.weibo.com/2/mss/msget?fid=5315892096538788&source=209678993&imageType=origin&ts=1782918663117" err="TypeError: Failed to fetch"
time=2026-07-01T23:11:03.827+08:00 level=WARN msg="浏览器内 fetch 下载 fid 失败" fid=5315892096538788 url="https://upload.api.weibo.com/2/mss/msget?fid=5315892096538788&touid=4761715839862414&ts=1782918663117" err="TypeError: Failed to fetch"
time=2026-07-01T23:11:04.007+08:00 level=WARN msg="浏览器内 fetch 下载 fid 失败" fid=5315892096538788 url="https://upload.api.weibo.com/2/mss/msget?fid=5315892096538788&source=209678993&touid=4761715839862414&imageType=origin&ts=1782918663117" err="TypeError: Failed to fetch"
time=2026-07-01T23:11:04.007+08:00 level=WARN msg="浏览器内 fid 下载全部失败，尝试直接 HTTP 下载" fid=5315892096538788 err="TypeError: Failed to fetch"
time=2026-07-01T23:11:10.265+08:00 level=INFO msg="fid 媒体已通过直接 HTTP 回退下载成功" fid=5315892096538788 path=/home/duty/weibo_cron/chat_media_downloads/img_5315892096538788_cops-w0867-pub.pdf
time=2026-07-01T23:11:10.706+08:00 level=INFO msg=处理完成一个批次 latest_time="2026-07-01 15:28:49" latest_sender=小大饼 latest_message="Animal Cruelty as a Gateway Cr" stop=false
time=2026-07-01T23:11:12.550+08:00 level=INFO msg=处理完成一个批次 latest_time="2026-07-01 15:12:35" latest_sender=茴字的1970种写法 latest_message=有关部门怕是根本不想 stop=false
time=2026-07-01T23:11:16.066+08:00 level=INFO msg=处理完成一个批次 latest_time="2026-07-01 14:52:56" latest_sender=神先 latest_message="「@神先 啊？什么邮件\xe3" stop=false
time=2026-07-01T23:11:32.844+08:00 level=WARN msg="通过响应监听下载 fid 失败，尝试回退到浏览器内 fetch" fid=5315859981271928 err="timeout:Timeout 15000.00ms exceeded."
time=2026-07-01T23:11:33.054+08:00 level=WARN msg="浏览器内 fetch 下载 fid 失败" fid=5315859981271928 url="https://upload.api.weibo.com/2/mss/msget?fid=5315859981271928&source=209678993&imageType=origin&ts=1782918692844" err="TypeError: Failed to fetch"
time=2026-07-01T23:11:33.104+08:00 level=WARN msg="浏览器内 fetch 下载 fid 失败" fid=5315859981271928 url="https://upload.api.weibo.com/2/mss/msget?fid=5315859981271928&touid=4761715839862414&ts=1782918692844" err="TypeError: Failed to fetch"
time=2026-07-01T23:11:33.233+08:00 level=WARN msg="浏览器内 fetch 下载 fid 失败" fid=5315859981271928 url="https://upload.api.weibo.com/2/mss/msget?fid=5315859981271928&source=209678993&touid=4761715839862414&imageType=origin&ts=1782918692844" err="TypeError: Failed to fetch"
time=2026-07-01T23:11:33.234+08:00 level=WARN msg="浏览器内 fid 下载全部失败，尝试直接 HTTP 下载" fid=5315859981271928 err="TypeError: Failed to fetch"
time=2026-07-01T23:11:33.787+08:00 level=INFO msg="fid 媒体已通过直接 HTTP 回退下载成功" fid=5315859981271928 path="/home/duty/weibo_cron/chat_media_downloads/img_5315859981271928_Molecular Nutrition Food Res - 2026 - Wang - Purslane  Portulaca oleracea L   Extract Alleviates Atherosclerosis in ApoE   .pdf"
time=2026-07-01T23:11:36.827+08:00 level=INFO msg=处理完成一个批次 latest_time="2026-07-01 13:31:20" latest_sender=xelnaga瞭望塔 latest_message=http://weibo.com/7595379997/R6 stop=false
time=2026-07-01T23:11:38.523+08:00 level=INFO msg=处理完成一个批次 latest_time="2026-07-01 12:45:40" latest_sender=Afeeeer latest_message=看了下那几天是跌了不 stop=false
time=2026-07-01T23:11:40.298+08:00 level=INFO msg=处理完成一个批次 latest_time="2026-07-01 12:31:12" latest_sender=CADgen的肉身 latest_message=轻度泄密，中度泄密， stop=false
time=2026-07-01T23:11:42.021+08:00 level=INFO msg=处理完成一个批次 latest_time="2026-07-01 12:19:14" latest_sender=黑眼圈要减肥Hyc latest_message="黑眼圈要减肥Hyc 撤回\xe4\xba" stop=false
time=2026-07-01T23:11:44.337+08:00 level=INFO msg=处理完成一个批次 latest_time="2026-07-01 11:50:43" latest_sender=小大饼 latest_message=「@蒸汽烤冷麵:悟了[柯 stop=false
time=2026-07-01T23:11:46.230+08:00 level=INFO msg=处理完成一个批次 latest_time="2026-07-01 11:06:54" latest_sender=楼雨晴Lo latest_message=繁复三点式 stop=false
time=2026-07-01T23:11:47.892+08:00 level=INFO msg=处理完成一个批次 latest_time="2026-07-01 10:49:39" latest_sender=germer_123 latest_message="ip 会换" stop=false
time=2026-07-01T23:11:50.663+08:00 level=INFO msg=处理完成一个批次 latest_time="2026-07-01 10:42:24" latest_sender=杜仲Don latest_message=我今天多加点水 stop=false
time=2026-07-01T23:12:07.890+08:00 level=WARN msg="通过响应监听下载 fid 失败，尝试回退到浏览器内 fetch" fid=5315794489576299 err="timeout:Timeout 15000.00ms exceeded."
time=2026-07-01T23:12:07.994+08:00 level=WARN msg="浏览器内 fetch 下载 fid 失败" fid=5315794489576299 url="https://upload.api.weibo.com/2/mss/msget?fid=5315794489576299&source=209678993&imageType=origin&ts=1782918727890" err="TypeError: Failed to fetch"
time=2026-07-01T23:12:08.036+08:00 level=WARN msg="浏览器内 fetch 下载 fid 失败" fid=5315794489576299 url="https://upload.api.weibo.com/2/mss/msget?fid=5315794489576299&touid=4761715839862414&ts=1782918727890" err="TypeError: Failed to fetch"
time=2026-07-01T23:12:08.165+08:00 level=WARN msg="浏览器内 fetch 下载 fid 失败" fid=5315794489576299 url="https://upload.api.weibo.com/2/mss/msget?fid=5315794489576299&source=209678993&touid=4761715839862414&imageType=origin&ts=1782918727890" err="TypeError: Failed to fetch"
time=2026-07-01T23:12:08.165+08:00 level=WARN msg="浏览器内 fid 下载全部失败，尝试直接 HTTP 下载" fid=5315794489576299 err="TypeError: Failed to fetch"
time=2026-07-01T23:12:08.322+08:00 level=INFO msg="fid 媒体已通过直接 HTTP 回退下载成功" fid=5315794489576299 path=/home/duty/weibo_cron/chat_media_downloads/img_5315794489576299_茧房日报260630.pdf
time=2026-07-01T23:12:08.322+08:00 level=INFO msg=处理完成一个批次 latest_time="2026-07-01 10:04:53" latest_sender=楼雨晴Lo latest_message="ta自己都用折磨这种词\xe4" stop=false
time=2026-07-01T23:12:09.945+08:00 level=INFO msg=处理完成一个批次 latest_time="2026-07-01 08:53:35" latest_sender=雾中航行志趣 latest_message=早 stop=false
time=2026-07-01T23:12:11.778+08:00 level=INFO msg=处理完成一个批次 latest_time="2026-07-01 08:17:53" latest_sender=叫我小鸡君吧 latest_message=她不能一个人胖 stop=false
time=2026-07-01T23:12:13.565+08:00 level=INFO msg=处理完成一个批次 latest_time="2026-07-01 08:02:15" latest_sender=微雨web latest_message=早 stop=false
time=2026-07-01T23:12:16.483+08:00 level=INFO msg=处理完成一个批次 latest_time="2026-07-01 06:54:19" latest_sender=特怕麻烦 latest_message=早 stop=false
time=2026-07-01T23:12:19.080+08:00 level=INFO msg=处理完成一个批次 latest_time="2026-07-01 00:25:21" latest_sender=我爱吃肠粉001 latest_message=[思考] stop=false
time=2026-07-01T23:12:21.736+08:00 level=INFO msg=处理完成一个批次 latest_time="2026-06-30 23:21:46" latest_sender=梦星河200602 latest_message=「那篇文章通过逆向分 stop=false
time=2026-07-01T23:12:23.429+08:00 level=INFO msg=处理完成一个批次 latest_time="2026-06-30 23:07:22" latest_sender=要做一个可爱的人 latest_message=「买上的也很痛苦，因 stop=true
time=2026-07-01T23:12:23.451+08:00 level=INFO msg=群聊历史抓取完成 new_count=720 history_dir=/home/duty/weibo_cron/clean_history state_file=/home/duty/weibo_cron/group_chat_state.json
time=2026-07-01T23:12:34.094+08:00 level=INFO msg=群聊摘要推送完成 message_count=1
time=2026-07-02T23:10:04.057+08:00 level=INFO msg=群聊模式配置加载完成 config=config.groupchat.yaml
time=2026-07-02T23:10:09.295+08:00 level=INFO msg=打开微博群聊页面 url="https://api.weibo.com/chat/#/chat?check_gid=4761715839862414&source_from=11" user_data_dir=/home/duty/weibo_cron/weibo_user_data browser_channel=chrome
time=2026-07-02T23:10:10.247+08:00 level=INFO msg=如未登录，请在打开的浏览器中完成登录；程序正在等待群聊消息接口返回
time=2026-07-02T23:10:11.280+08:00 level=INFO msg=群聊页面已加载，开始抓取历史消息
time=2026-07-02T23:10:12.428+08:00 level=INFO msg=处理完成一个批次 latest_time="2026-07-02 23:07:17" latest_sender=小大饼 latest_message=心好痛哦 stop=false
time=2026-07-02T23:10:15.623+08:00 level=INFO msg=处理完成一个批次 latest_time="2026-07-02 22:49:58" latest_sender=万物既渺小又伟大 latest_message=「我看到这个微博第一 stop=false
time=2026-07-02T23:10:18.116+08:00 level=INFO msg=处理完成一个批次 latest_time="2026-07-02 22:28:29" latest_sender=0x指纹 latest_message=「「记得那哥们评论回 stop=false
time=2026-07-02T23:10:20.566+08:00 level=INFO msg=处理完成一个批次 latest_time="2026-07-02 22:19:14" latest_sender=nkaifang latest_message=多谢指纹。错怪这位老 stop=false
time=2026-07-02T23:10:23.382+08:00 level=INFO msg=处理完成一个批次 latest_time="2026-07-02 21:54:13" latest_sender=一只方阿 latest_message=分享图片 stop=false
time=2026-07-02T23:10:25.303+08:00 level=INFO msg=处理完成一个批次 latest_time="2026-07-02 21:31:13" latest_sender=等下就去吃饭 latest_message=美股不硬 stop=false
time=2026-07-02T23:10:27.245+08:00 level=INFO msg=处理完成一个批次 latest_time="2026-07-02 21:17:08" latest_sender=nkaifang latest_message=专门到那给拉黑了，这 stop=false
time=2026-07-02T23:10:28.909+08:00 level=INFO msg=处理完成一个批次 latest_time="2026-07-02 20:57:25" latest_sender=Maverick_CHao latest_message=事到如今，最感谢的还 stop=false
time=2026-07-02T23:10:30.868+08:00 level=INFO msg=处理完成一个批次 latest_time="2026-07-02 20:46:32" latest_sender=金陵琥珀雪 latest_message="「该轮到黄金涨了」\n- " stop=false
time=2026-07-02T23:10:33.046+08:00 level=INFO msg=处理完成一个批次 latest_time="2026-07-02 20:17:22" latest_sender=等下就去吃饭 latest_message=新段子：质疑光，了解 stop=false
time=2026-07-02T23:10:35.277+08:00 level=INFO msg=处理完成一个批次 latest_time="2026-07-02 19:47:48" latest_sender=----Barbara latest_message="「链接」\n- - - - - - - - -" stop=false
time=2026-07-02T23:10:41.585+08:00 level=INFO msg=处理完成一个批次 latest_time="2026-07-02 19:13:09" latest_sender=若晨星同学 latest_message=hi，晚上好！ stop=false
time=2026-07-02T23:10:43.626+08:00 level=INFO msg=处理完成一个批次 latest_time="2026-07-02 18:41:22" latest_sender=等下就去吃饭 latest_message=真神！ stop=false
time=2026-07-02T23:10:45.460+08:00 level=INFO msg=处理完成一个批次 latest_time="2026-07-02 17:30:53" latest_sender=roach959 latest_message=我发现在不同的环境， stop=false
time=2026-07-02T23:10:47.460+08:00 level=INFO msg=处理完成一个批次 latest_time="2026-07-02 17:12:28" latest_sender=germer_123 latest_message=没有吧，刚才还用了， stop=false
time=2026-07-02T23:10:49.377+08:00 level=INFO msg=处理完成一个批次 latest_time="2026-07-02 16:23:47" latest_sender=小大饼 latest_message=分享图片 stop=false
time=2026-07-02T23:10:51.193+08:00 level=INFO msg=处理完成一个批次 latest_time="2026-07-02 15:29:04" latest_sender=一粒粒木子 latest_message=「@茴字的1970种写法:我 stop=false
time=2026-07-02T23:10:53.061+08:00 level=INFO msg=处理完成一个批次 latest_time="2026-07-02 15:21:22" latest_sender=冰火岛的曾阿牛 latest_message="[允悲]结果倒在了七月\xe5" stop=false
time=2026-07-02T23:10:54.800+08:00 level=INFO msg=处理完成一个批次 latest_time="2026-07-02 15:14:59" latest_sender=0xfffffffffucklife latest_message=http://weibo.com/6523426986/R6 stop=false
time=2026-07-02T23:10:56.467+08:00 level=INFO msg=处理完成一个批次 latest_time="2026-07-02 14:51:45" latest_sender=响当当当的铜豌豆 latest_message="@FansLeader 粉粉好，方便" stop=false
time=2026-07-02T23:10:58.262+08:00 level=INFO msg=处理完成一个批次 latest_time="2026-07-02 14:45:38" latest_sender=到二仙桥去放火 latest_message=好家伙 stop=false
time=2026-07-02T23:11:00.029+08:00 level=INFO msg=处理完成一个批次 latest_time="2026-07-02 13:54:37" latest_sender=FFFFVIP latest_message=http://weibo.com/1243861097/R6 stop=false
time=2026-07-02T23:11:01.695+08:00 level=INFO msg=处理完成一个批次 latest_time="2026-07-02 13:12:19" latest_sender=想到草原打个滚 latest_message="延长2.43个月，感觉离\xe2\x80" stop=false
time=2026-07-02T23:11:04.650+08:00 level=INFO msg=处理完成一个批次 latest_time="2026-07-02 12:30:03" latest_sender=梦星河200602 latest_message=按照，事实，观点，推 stop=false
time=2026-07-02T23:11:06.334+08:00 level=INFO msg=处理完成一个批次 latest_time="2026-07-02 11:56:53" latest_sender=实数在奶孩子 latest_message="「「@Afeeeer:一个说1000M\xe5" stop=false
time=2026-07-02T23:11:08.514+08:00 level=INFO msg=处理完成一个批次 latest_time="2026-07-02 11:45:57" latest_sender=万物既渺小又伟大 latest_message=「昨晚我直接挂了算力 stop=false
time=2026-07-02T23:11:10.193+08:00 level=INFO msg=处理完成一个批次 latest_time="2026-07-02 11:39:01" latest_sender=等下就去吃饭 latest_message="等下就去吃饭 撤回了\xe4\xb8" stop=false
time=2026-07-02T23:11:12.028+08:00 level=INFO msg=处理完成一个批次 latest_time="2026-07-02 11:29:44" latest_sender=粉丝群 latest_message=涉及资金问题请务必提 stop=false
time=2026-07-02T23:11:14.014+08:00 level=INFO msg=处理完成一个批次 latest_time="2026-07-02 11:18:43" latest_sender=我爱吃肠粉001 latest_message=分享图片 stop=false
time=2026-07-02T23:11:15.966+08:00 level=INFO msg=处理完成一个批次 latest_time="2026-07-02 10:53:10" latest_sender=小大饼 latest_message=自由不了一点，又跟对 stop=false
time=2026-07-02T23:11:18.288+08:00 level=INFO msg=处理完成一个批次 latest_time="2026-07-02 10:20:59" latest_sender=粉丝群 latest_message="恭喜 叽叽叽叽机叽叽 \xe5" stop=false
time=2026-07-02T23:11:20.097+08:00 level=INFO msg=处理完成一个批次 latest_time="2026-07-02 09:39:42" latest_sender=Taco_B latest_message="「只是阶段性波动」\n- " stop=false
time=2026-07-02T23:11:21.972+08:00 level=INFO msg=处理完成一个批次 latest_time="2026-07-02 09:15:46" latest_sender=小马过河0809 latest_message=hi，早上好！ stop=false
time=2026-07-02T23:11:24.073+08:00 level=INFO msg=处理完成一个批次 latest_time="2026-07-02 09:01:54" latest_sender=等下就去吃饭 latest_message=我昨天看的数据是，兆 stop=false
time=2026-07-02T23:11:25.738+08:00 level=INFO msg=处理完成一个批次 latest_time="2026-07-02 08:24:57" latest_sender=金陵琥珀雪 latest_message=http://t.cn/RgFEAgk stop=false
time=2026-07-02T23:11:27.611+08:00 level=INFO msg=处理完成一个批次 latest_time="2026-07-02 07:48:55" latest_sender=拾人牙慧的复读机 latest_message=[动画表情] stop=false
time=2026-07-02T23:11:29.572+08:00 level=INFO msg=处理完成一个批次 latest_time="2026-07-02 07:30:19" latest_sender=是包包捏 latest_message=hi，早上好！ stop=false
time=2026-07-02T23:11:46.266+08:00 level=WARN msg="通过响应监听下载 fid 失败，尝试回退到浏览器内 fetch" fid=5316068285613064 err="timeout:Timeout 15000.00ms exceeded."
time=2026-07-02T23:11:46.347+08:00 level=WARN msg="浏览器内 fetch 下载 fid 失败" fid=5316068285613064 url="https://upload.api.weibo.com/2/mss/msget?fid=5316068285613064&source=209678993&imageType=origin&ts=1783005106266" err="TypeError: Failed to fetch"
time=2026-07-02T23:11:46.383+08:00 level=WARN msg="浏览器内 fetch 下载 fid 失败" fid=5316068285613064 url="https://upload.api.weibo.com/2/mss/msget?fid=5316068285613064&touid=4761715839862414&ts=1783005106266" err="TypeError: Failed to fetch"
time=2026-07-02T23:11:46.506+08:00 level=WARN msg="浏览器内 fetch 下载 fid 失败" fid=5316068285613064 url="https://upload.api.weibo.com/2/mss/msget?fid=5316068285613064&source=209678993&touid=4761715839862414&imageType=origin&ts=1783005106266" err="TypeError: Failed to fetch"
time=2026-07-02T23:11:46.506+08:00 level=WARN msg="浏览器内 fid 下载全部失败，尝试直接 HTTP 下载" fid=5316068285613064 err="TypeError: Failed to fetch"
time=2026-07-02T23:11:46.825+08:00 level=INFO msg="fid 媒体已通过直接 HTTP 回退下载成功" fid=5316068285613064 path=/home/duty/weibo_cron/chat_media_downloads/img_5316068285613064_茧房日报260701.pdf
time=2026-07-02T23:11:46.825+08:00 level=INFO msg=处理完成一个批次 latest_time="2026-07-02 06:33:26" latest_sender=Sp1n0za latest_message=hi，早上好！ stop=false
time=2026-07-02T23:11:48.459+08:00 level=INFO msg=处理完成一个批次 latest_time="2026-07-02 01:45:18" latest_sender=胖子快醒醒 latest_message=喵呜～ stop=false
time=2026-07-02T23:11:51.047+08:00 level=INFO msg=处理完成一个批次 latest_time="2026-07-02 01:10:03" latest_sender=FFFFVIP latest_message=「我今天把半导体卖掉 stop=false
time=2026-07-02T23:11:53.343+08:00 level=INFO msg=处理完成一个批次 latest_time="2026-07-02 00:22:30" latest_sender=小大饼 latest_message=[动画表情] stop=false
time=2026-07-02T23:11:55.142+08:00 level=INFO msg=处理完成一个批次 latest_time="2026-07-02 00:09:21" latest_sender=在公车上吃花生酱的浣熊 latest_message="「图片」\n- - - - - - - - -" stop=false
time=2026-07-02T23:11:57.834+08:00 level=INFO msg=处理完成一个批次 latest_time="2026-07-01 23:59:01" latest_sender=铜冰鉴43228 latest_message=明牌TK stop=true
time=2026-07-02T23:11:57.860+08:00 level=INFO msg=群聊历史抓取完成 new_count=852 history_dir=/home/duty/weibo_cron/clean_history state_file=/home/duty/weibo_cron/group_chat_state.json
time=2026-07-02T23:12:09.608+08:00 level=INFO msg=群聊摘要推送完成 message_count=1
time=2026-07-03T23:10:03.361+08:00 level=INFO msg=群聊模式配置加载完成 config=config.groupchat.yaml
time=2026-07-03T23:10:08.290+08:00 level=INFO msg=打开微博群聊页面 url="https://api.weibo.com/chat/#/chat?check_gid=4761715839862414&source_from=11" user_data_dir=/home/duty/weibo_cron/weibo_user_data browser_channel=chrome
time=2026-07-03T23:10:09.235+08:00 level=INFO msg=如未登录，请在打开的浏览器中完成登录；程序正在等待群聊消息接口返回
time=2026-07-03T23:10:10.553+08:00 level=INFO msg=群聊页面已加载，开始抓取历史消息
time=2026-07-03T23:10:11.018+08:00 level=INFO msg=处理完成一个批次 latest_time="2026-07-03 23:09:33" latest_sender=WojakW latest_message=微博封号最讨厌的就是 stop=false
time=2026-07-03T23:10:27.480+08:00 level=WARN msg="通过响应监听下载 fid 失败，尝试回退到浏览器内 fetch" fid=5316703707468493 err="timeout:Timeout 15000.00ms exceeded."
time=2026-07-03T23:10:27.570+08:00 level=WARN msg="浏览器内 fetch 下载 fid 失败" fid=5316703707468493 url="https://upload.api.weibo.com/2/mss/msget?fid=5316703707468493&source=209678993&imageType=origin&ts=1783091427480" err="TypeError: Failed to fetch"
time=2026-07-03T23:10:27.620+08:00 level=WARN msg="浏览器内 fetch 下载 fid 失败" fid=5316703707468493 url="https://upload.api.weibo.com/2/mss/msget?fid=5316703707468493&touid=4761715839862414&ts=1783091427480" err="TypeError: Failed to fetch"
time=2026-07-03T23:10:27.747+08:00 level=WARN msg="浏览器内 fetch 下载 fid 失败" fid=5316703707468493 url="https://upload.api.weibo.com/2/mss/msget?fid=5316703707468493&source=209678993&touid=4761715839862414&imageType=origin&ts=1783091427480" err="TypeError: Failed to fetch"
time=2026-07-03T23:10:27.747+08:00 level=WARN msg="浏览器内 fid 下载全部失败，尝试直接 HTTP 下载" fid=5316703707468493 err="TypeError: Failed to fetch"
time=2026-07-03T23:10:28.062+08:00 level=INFO msg="fid 媒体已通过直接 HTTP 回退下载成功" fid=5316703707468493 path="/home/duty/weibo_cron/chat_media_downloads/img_5316703707468493_Meta Compute Everyone Wants To Be A Cloud (Clean).pdf"
time=2026-07-03T23:10:28.397+08:00 level=INFO msg=处理完成一个批次 latest_time="2026-07-03 21:38:28" latest_sender=大吉利丶 latest_message=大伙儿买了哪款烤鹰嘴 stop=false
time=2026-07-03T23:10:30.468+08:00 level=INFO msg=处理完成一个批次 latest_time="2026-07-03 21:07:40" latest_sender=干拌面过冷水 latest_message=「有没有人开发一个微 stop=false
time=2026-07-03T23:10:32.242+08:00 level=INFO msg=处理完成一个批次 latest_time="2026-07-03 20:02:36" latest_sender=星逸几度秋_ latest_message=要被你联动炸了 stop=false
time=2026-07-03T23:10:34.312+08:00 level=INFO msg=处理完成一个批次 latest_time="2026-07-03 19:47:19" latest_sender=Horcruxer0x9c73bf31 latest_message=强盗 stop=false
time=2026-07-03T23:10:36.762+08:00 level=INFO msg=处理完成一个批次 latest_time="2026-07-03 19:21:11" latest_sender=等下就去吃饭 latest_message=这么看的话，就是去年 stop=false
time=2026-07-03T23:10:38.770+08:00 level=INFO msg=处理完成一个批次 latest_time="2026-07-03 18:52:58" latest_sender=一只方阿 latest_message=http://weibo.com/3578404775/R6 stop=false
time=2026-07-03T23:10:40.675+08:00 level=INFO msg=处理完成一个批次 latest_time="2026-07-03 18:42:47" latest_sender=羽化的布偶 latest_message=分享图片 stop=false
time=2026-07-03T23:10:42.309+08:00 level=INFO msg=处理完成一个批次 latest_time="2026-07-03 18:33:45" latest_sender=Aurora白White-little-hajimi latest_message=好像又要流行七分裤 stop=false
time=2026-07-03T23:10:44.293+08:00 level=INFO msg=处理完成一个批次 latest_time="2026-07-03 18:15:47" latest_sender=晒宁死大 latest_message="「「AI上游硬件公司股\xe4" stop=false
time=2026-07-03T23:10:45.973+08:00 level=INFO msg=处理完成一个批次 latest_time="2026-07-03 17:55:00" latest_sender=我爱吃肠粉001 latest_message="「AI上游硬件公司股价\xe5" stop=false
time=2026-07-03T23:10:48.170+08:00 level=INFO msg=处理完成一个批次 latest_time="2026-07-03 17:01:04" latest_sender=粉丝群 latest_message="恭喜 李子书开 升级至L" stop=false
time=2026-07-03T23:10:50.697+08:00 level=INFO msg=处理完成一个批次 latest_time="2026-07-03 16:31:48" latest_sender=Tenacious_U latest_message=是不是可以去医院皮肤 stop=false
time=2026-07-03T23:10:52.929+08:00 level=INFO msg=处理完成一个批次 latest_time="2026-07-03 16:00:12" latest_sender=万物既渺小又伟大 latest_message=到底是怎么训练出来的 stop=false
time=2026-07-03T23:10:54.943+08:00 level=INFO msg=处理完成一个批次 latest_time="2026-07-03 15:40:18" latest_sender=万物既渺小又伟大 latest_message=对的，他们放假 stop=false
time=2026-07-03T23:10:56.603+08:00 level=INFO msg=处理完成一个批次 latest_time="2026-07-03 15:14:47" latest_sender=古拉TE latest_message=好吃的太多了 stop=false
time=2026-07-03T23:10:58.965+08:00 level=INFO msg=处理完成一个批次 latest_time="2026-07-03 14:45:54" latest_sender=铜冰鉴43228 latest_message=分享图片 stop=false
time=2026-07-03T23:11:03.792+08:00 level=INFO msg=处理完成一个批次 latest_time="2026-07-03 14:28:12" latest_sender=雨石plus latest_message=二手的是不是很香 stop=false
time=2026-07-03T23:11:05.484+08:00 level=INFO msg=处理完成一个批次 latest_time="2026-07-03 14:03:36" latest_sender=_雪雪雪雪雪人儿 latest_message=之前还有开屏广告 stop=false
time=2026-07-03T23:11:07.176+08:00 level=INFO msg=处理完成一个批次 latest_time="2026-07-03 13:22:08" latest_sender=步小想 latest_message="0.21元，@Flora_Lingering 等" stop=false
time=2026-07-03T23:11:09.178+08:00 level=INFO msg=处理完成一个批次 latest_time="2026-07-03 12:52:44" latest_sender=铜冰鉴43228 latest_message=比大模型幻觉更难处理 stop=false
time=2026-07-03T23:11:11.482+08:00 level=INFO msg=处理完成一个批次 latest_time="2026-07-03 12:28:40" latest_sender=冰火岛的曾阿牛 latest_message="我刚才在打游戏 电脑\xe7\xaa" stop=false
time=2026-07-03T23:11:13.375+08:00 level=INFO msg=处理完成一个批次 latest_time="2026-07-03 12:05:20" latest_sender=冰火岛的曾阿牛 latest_message=「「半导体当然会继续 stop=false
time=2026-07-03T23:11:15.163+08:00 level=INFO msg=处理完成一个批次 latest_time="2026-07-03 11:37:53" latest_sender=疯狂的游戏世界111 latest_message=昨天我先卖了一半 stop=false
time=2026-07-03T23:11:17.487+08:00 level=INFO msg=处理完成一个批次 latest_time="2026-07-03 11:28:02" latest_sender=书包会唱歌呀 latest_message=http://weibo.com/1401527553/R6 stop=false
time=2026-07-03T23:11:19.727+08:00 level=INFO msg=处理完成一个批次 latest_time="2026-07-03 11:17:48" latest_sender=Iris_0809 latest_message=http://weibo.com/1401527553/R6 stop=false
time=2026-07-03T23:11:21.779+08:00 level=INFO msg=处理完成一个批次 latest_time="2026-07-03 10:46:23" latest_sender=星逸几度秋_ latest_message="「@叫我小鸡君吧 我那\xe4" stop=false
time=2026-07-03T23:11:26.404+08:00 level=INFO msg=处理完成一个批次 latest_time="2026-07-03 10:33:10" latest_sender=Seaces latest_message="『阿图因 AI 在 CyberGym \xe6" stop=false
time=2026-07-03T23:11:28.562+08:00 level=INFO msg=处理完成一个批次 latest_time="2026-07-03 09:59:28" latest_sender=修蒙的gentle latest_message="「「昨天感谢tk老师勉\xe5" stop=false
time=2026-07-03T23:11:30.565+08:00 level=INFO msg=处理完成一个批次 latest_time="2026-07-03 09:39:13" latest_sender=吃完麻辣烫后想来点甜 latest_message=给大家看一下我在公司 stop=false
time=2026-07-03T23:11:33.073+08:00 level=INFO msg=处理完成一个批次 latest_time="2026-07-03 09:28:49" latest_sender=爱睡觉也爱出门 latest_message=顶部有写作者 stop=false
time=2026-07-03T23:11:35.400+08:00 level=INFO msg=处理完成一个批次 latest_time="2026-07-03 09:11:35" latest_sender=要不我再改个名试试呢 latest_message=hi，早上好！ stop=false
time=2026-07-03T23:11:37.331+08:00 level=INFO msg=处理完成一个批次 latest_time="2026-07-03 08:51:54" latest_sender=Nolan_lopez latest_message=hi，早上好！ stop=false
time=2026-07-03T23:11:39.377+08:00 level=INFO msg=处理完成一个批次 latest_time="2026-07-03 08:29:51" latest_sender=陈陈想吃西瓜 latest_message=这么多机位一样的手机 stop=false
time=2026-07-03T23:11:40.989+08:00 level=INFO msg=处理完成一个批次 latest_time="2026-07-03 08:15:23" latest_sender=博物鉴赏家 latest_message=hi，早上好！ stop=false
time=2026-07-03T23:11:42.607+08:00 level=INFO msg=处理完成一个批次 latest_time="2026-07-03 07:51:12" latest_sender=Maverick_CHao latest_message=hi，早上好！ stop=false
time=2026-07-03T23:11:44.360+08:00 level=INFO msg=处理完成一个批次 latest_time="2026-07-03 07:26:47" latest_sender=clone_sheep latest_message=hi，早上好！ stop=false
time=2026-07-03T23:11:46.206+08:00 level=INFO msg=处理完成一个批次 latest_time="2026-07-03 06:51:09" latest_sender=closvz latest_message="closvz 撤回了一条消息" stop=false
time=2026-07-03T23:12:03.235+08:00 level=WARN msg="通过响应监听下载 fid 失败，尝试回退到浏览器内 fetch" fid=5316430872707433 err="timeout:Timeout 15000.00ms exceeded."
time=2026-07-03T23:12:03.348+08:00 level=WARN msg="浏览器内 fetch 下载 fid 失败" fid=5316430872707433 url="https://upload.api.weibo.com/2/mss/msget?fid=5316430872707433&source=209678993&imageType=origin&ts=1783091523235" err="TypeError: Failed to fetch"
time=2026-07-03T23:12:03.394+08:00 level=WARN msg="浏览器内 fetch 下载 fid 失败" fid=5316430872707433 url="https://upload.api.weibo.com/2/mss/msget?fid=5316430872707433&touid=4761715839862414&ts=1783091523235" err="TypeError: Failed to fetch"
time=2026-07-03T23:12:03.470+08:00 level=WARN msg="浏览器内 fetch 下载 fid 失败" fid=5316430872707433 url="https://upload.api.weibo.com/2/mss/msget?fid=5316430872707433&source=209678993&touid=4761715839862414&imageType=origin&ts=1783091523235" err="TypeError: Failed to fetch"
time=2026-07-03T23:12:03.470+08:00 level=WARN msg="浏览器内 fid 下载全部失败，尝试直接 HTTP 下载" fid=5316430872707433 err="TypeError: Failed to fetch"
time=2026-07-03T23:12:03.685+08:00 level=INFO msg="fid 媒体已通过直接 HTTP 回退下载成功" fid=5316430872707433 path=/home/duty/weibo_cron/chat_media_downloads/img_5316430872707433_茧房日报260702.pdf
time=2026-07-03T23:12:04.978+08:00 level=INFO msg=处理完成一个批次 latest_time="2026-07-03 05:37:14" latest_sender=菽小满 latest_message=hi，早上好！ stop=false
time=2026-07-03T23:12:07.008+08:00 level=INFO msg=处理完成一个批次 latest_time="2026-07-02 23:54:18" latest_sender=WhiteMountain_ latest_message="明天买 看群消息晚了[\xe6" stop=false
time=2026-07-03T23:12:08.776+08:00 level=INFO msg=处理完成一个批次 latest_time="2026-07-02 23:22:38" latest_sender=万物既渺小又伟大 latest_message=闪迪已经11个点了 stop=true
time=2026-07-03T23:12:08.804+08:00 level=INFO msg=群聊历史抓取完成 new_count=813 history_dir=/home/duty/weibo_cron/clean_history state_file=/home/duty/weibo_cron/group_chat_state.json
time=2026-07-03T23:12:15.803+08:00 level=INFO msg=群聊摘要推送完成 message_count=1
time=2026-07-04T23:10:03.413+08:00 level=INFO msg=群聊模式配置加载完成 config=config.groupchat.yaml
time=2026-07-04T23:10:08.742+08:00 level=INFO msg=打开微博群聊页面 url="https://api.weibo.com/chat/#/chat?check_gid=4761715839862414&source_from=11" user_data_dir=/home/duty/weibo_cron/weibo_user_data browser_channel=chrome
time=2026-07-04T23:10:09.726+08:00 level=INFO msg=如未登录，请在打开的浏览器中完成登录；程序正在等待群聊消息接口返回
time=2026-07-04T23:10:10.689+08:00 level=INFO msg=群聊页面已加载，开始抓取历史消息
time=2026-07-04T23:10:11.208+08:00 level=INFO msg=处理完成一个批次 latest_time="2026-07-04 23:08:51" latest_sender=星逸几度秋_ latest_message="「图片」\n- - - - - - - - -" stop=false
time=2026-07-04T23:10:11.684+08:00 level=INFO msg=处理完成一个批次 latest_time="2026-07-04 22:53:48" latest_sender=Monkey_D_Law latest_message=问了一下大模型，可能 stop=false
time=2026-07-04T23:10:13.682+08:00 level=INFO msg=处理完成一个批次 latest_time="2026-07-04 22:10:20" latest_sender=ZE·XN latest_message=「昨天的想法是把微博 stop=false
time=2026-07-04T23:10:18.187+08:00 level=INFO msg=处理完成一个批次 latest_time="2026-07-04 21:46:17" latest_sender=粉丝群 latest_message=涉及资金问题请务必提 stop=false
time=2026-07-04T23:10:20.891+08:00 level=INFO msg=处理完成一个批次 latest_time="2026-07-04 20:46:36" latest_sender=阿尼亚是安妮亞 latest_message="@ZE·XN [哈哈]" stop=false
time=2026-07-04T23:10:22.832+08:00 level=INFO msg=处理完成一个批次 latest_time="2026-07-04 20:15:20" latest_sender=小大饼 latest_message=微波炉还能煮水饺煮汤 stop=false
time=2026-07-04T23:10:26.175+08:00 level=INFO msg=处理完成一个批次 latest_time="2026-07-04 19:43:09" latest_sender=复数枝桠 latest_message="「@复数枝桠 有空了可\xe5" stop=false
time=2026-07-04T23:10:28.207+08:00 level=INFO msg=处理完成一个批次 latest_time="2026-07-04 19:21:28" latest_sender=晒宁死大 latest_message="妈呀 羡慕[捂嘴哭]" stop=false
time=2026-07-04T23:10:30.944+08:00 level=INFO msg=处理完成一个批次 latest_time="2026-07-04 18:51:36" latest_sender=七床技师 latest_message="「这还要减脂吗」\n- - -" stop=false
time=2026-07-04T23:10:33.033+08:00 level=INFO msg=处理完成一个批次 latest_time="2026-07-04 18:42:03" latest_sender=晒宁死大 latest_message="「微博」\n- - - - - - - - -" stop=false
time=2026-07-04T23:10:34.967+08:00 level=INFO msg=处理完成一个批次 latest_time="2026-07-04 18:13:14" latest_sender=茴字的1970种写法 latest_message="「微博」\n- - - - - - - - -" stop=false
time=2026-07-04T23:10:41.261+08:00 level=INFO msg=处理完成一个批次 latest_time="2026-07-04 17:21:21" latest_sender=CADgen的肉身 latest_message=http://weibo.com/6974787068/R7 stop=false
time=2026-07-04T23:10:44.146+08:00 level=INFO msg=处理完成一个批次 latest_time="2026-07-04 16:22:14" latest_sender=小大饼 latest_message=分享图片 stop=false
time=2026-07-04T23:10:46.606+08:00 level=INFO msg=处理完成一个批次 latest_time="2026-07-04 15:47:21" latest_sender=我爱吃肠粉001 latest_message=http://weibo.com/2203951974/R7 stop=false
time=2026-07-04T23:10:49.713+08:00 level=INFO msg=处理完成一个批次 latest_time="2026-07-04 15:07:04" latest_sender=Jane王师傅 latest_message=长焦感人 stop=false
time=2026-07-04T23:10:52.965+08:00 level=INFO msg=处理完成一个批次 latest_time="2026-07-04 14:21:29" latest_sender=seekwind_ latest_message=「但是国内好像在大力 stop=false
time=2026-07-04T23:10:54.624+08:00 level=INFO msg=处理完成一个批次 latest_time="2026-07-04 13:22:09" latest_sender=等下就去吃饭 latest_message="等下就去吃饭 撤回了\xe4\xb8" stop=false
time=2026-07-04T23:10:57.419+08:00 level=INFO msg=处理完成一个批次 latest_time="2026-07-04 12:42:59" latest_sender=tqtq latest_message=分享图片 stop=false
time=2026-07-04T23:10:59.254+08:00 level=INFO msg=处理完成一个批次 latest_time="2026-07-04 12:09:39" latest_sender=响当当当的铜豌豆 latest_message="「「图片」\n- - - - - - - " stop=false
time=2026-07-04T23:11:02.165+08:00 level=INFO msg=处理完成一个批次 latest_time="2026-07-04 11:09:29" latest_sender=星逸几度秋_ latest_message=美股吧 stop=false
time=2026-07-04T23:11:04.633+08:00 level=INFO msg=处理完成一个批次 latest_time="2026-07-04 10:15:22" latest_sender=clone_sheep latest_message="「「图片」\n- - - - - - - " stop=false
time=2026-07-04T23:11:06.430+08:00 level=INFO msg=处理完成一个批次 latest_time="2026-07-04 09:27:59" latest_sender=粉丝群 latest_message=涉及资金问题请务必提 stop=false
time=2026-07-04T23:11:08.098+08:00 level=INFO msg=处理完成一个批次 latest_time="2026-07-04 08:34:11" latest_sender=_雪雪雪雪雪人儿 latest_message=[柯基] stop=false
time=2026-07-04T23:11:09.705+08:00 level=INFO msg=处理完成一个批次 latest_time="2026-07-04 07:41:47" latest_sender=Eric_Z_ latest_message=hi，早上好 stop=false
time=2026-07-04T23:11:26.600+08:00 level=WARN msg="通过响应监听下载 fid 失败，尝试回退到浏览器内 fetch" fid=5316793478677536 err="timeout:Timeout 15000.00ms exceeded."
time=2026-07-04T23:11:26.681+08:00 level=WARN msg="浏览器内 fetch 下载 fid 失败" fid=5316793478677536 url="https://upload.api.weibo.com/2/mss/msget?fid=5316793478677536&source=209678993&imageType=origin&ts=1783177886600" err="TypeError: Failed to fetch"
time=2026-07-04T23:11:26.718+08:00 level=WARN msg="浏览器内 fetch 下载 fid 失败" fid=5316793478677536 url="https://upload.api.weibo.com/2/mss/msget?fid=5316793478677536&touid=4761715839862414&ts=1783177886600" err="TypeError: Failed to fetch"
time=2026-07-04T23:11:26.797+08:00 level=WARN msg="浏览器内 fetch 下载 fid 失败" fid=5316793478677536 url="https://upload.api.weibo.com/2/mss/msget?fid=5316793478677536&source=209678993&touid=4761715839862414&imageType=origin&ts=1783177886600" err="TypeError: Failed to fetch"
time=2026-07-04T23:11:26.797+08:00 level=WARN msg="浏览器内 fid 下载全部失败，尝试直接 HTTP 下载" fid=5316793478677536 err="TypeError: Failed to fetch"
time=2026-07-04T23:11:27.124+08:00 level=INFO msg="fid 媒体已通过直接 HTTP 回退下载成功" fid=5316793478677536 path=/home/duty/weibo_cron/chat_media_downloads/img_5316793478677536_茧房日报260703.pdf
time=2026-07-04T23:11:27.125+08:00 level=INFO msg=处理完成一个批次 latest_time="2026-07-04 05:04:03" latest_sender=粉丝群 latest_message=恭喜小大饼今日获得“ stop=false
time=2026-07-04T23:11:28.857+08:00 level=INFO msg=处理完成一个批次 latest_time="2026-07-03 23:10:46" latest_sender=想到草原打个滚 latest_message=哪天说不定就登录不上 stop=true
time=2026-07-04T23:11:28.872+08:00 level=INFO msg=群聊历史抓取完成 new_count=503 history_dir=/home/duty/weibo_cron/clean_history state_file=/home/duty/weibo_cron/group_chat_state.json
time=2026-07-04T23:11:39.118+08:00 level=ERROR msg=执行群聊抓取失败 err="推送群聊摘要失败: 发送 Telegram 文本消息失败: Post \"https://api.telegram.org/bot8204662091:AAFzpy1Avsi92-doxgv3ku-aGPv6n3l0cLI/sendMessage\": net/http: TLS handshake timeout"
time=2026-07-05T23:10:03.967+08:00 level=INFO msg=群聊模式配置加载完成 config=config.groupchat.yaml
time=2026-07-05T23:10:09.109+08:00 level=INFO msg=打开微博群聊页面 url="https://api.weibo.com/chat/#/chat?check_gid=4761715839862414&source_from=11" user_data_dir=/home/duty/weibo_cron/weibo_user_data browser_channel=chrome
time=2026-07-05T23:10:10.156+08:00 level=INFO msg=如未登录，请在打开的浏览器中完成登录；程序正在等待群聊消息接口返回
time=2026-07-05T23:10:11.232+08:00 level=INFO msg=群聊页面已加载，开始抓取历史消息
time=2026-07-05T23:10:12.741+08:00 level=INFO msg=处理完成一个批次 latest_time="2026-07-05 23:08:35" latest_sender=伽俐详 latest_message="「看了每年服装费2000\xef\xbc" stop=false
time=2026-07-05T23:10:14.292+08:00 level=INFO msg=处理完成一个批次 latest_time="2026-07-05 21:34:27" latest_sender=阿尼亚是安妮亞 latest_message=分享图片 stop=false
time=2026-07-05T23:10:19.688+08:00 level=INFO msg=处理完成一个批次 latest_time="2026-07-05 21:22:12" latest_sender=FFFFVIP latest_message=59 stop=false
time=2026-07-05T23:10:29.021+08:00 level=INFO msg=处理完成一个批次 latest_time="2026-07-05 20:55:25" latest_sender=Why-so-serious99 latest_message=分享图片 stop=false
time=2026-07-05T23:10:32.441+08:00 level=INFO msg=处理完成一个批次 latest_time="2026-07-05 19:10:16" latest_sender=花小生鱼 latest_message=[流鼻血] stop=false
time=2026-07-05T23:10:49.538+08:00 level=WARN msg="通过响应监听下载 fid 失败，尝试回退到浏览器内 fetch" fid=5317389963232269 err="timeout:Timeout 15000.00ms exceeded."
time=2026-07-05T23:10:49.612+08:00 level=WARN msg="浏览器内 fetch 下载 fid 失败" fid=5317389963232269 url="https://upload.api.weibo.com/2/mss/msget?fid=5317389963232269&source=209678993&imageType=origin&ts=1783264249538" err="TypeError: Failed to fetch"
time=2026-07-05T23:10:49.662+08:00 level=WARN msg="浏览器内 fetch 下载 fid 失败" fid=5317389963232269 url="https://upload.api.weibo.com/2/mss/msget?fid=5317389963232269&touid=4761715839862414&ts=1783264249538" err="TypeError: Failed to fetch"
time=2026-07-05T23:10:49.731+08:00 level=WARN msg="浏览器内 fetch 下载 fid 失败" fid=5317389963232269 url="https://upload.api.weibo.com/2/mss/msget?fid=5317389963232269&source=209678993&touid=4761715839862414&imageType=origin&ts=1783264249538" err="TypeError: Failed to fetch"
time=2026-07-05T23:10:49.732+08:00 level=WARN msg="浏览器内 fid 下载全部失败，尝试直接 HTTP 下载" fid=5317389963232269 err="TypeError: Failed to fetch"
time=2026-07-05T23:10:50.062+08:00 level=INFO msg="fid 媒体已通过直接 HTTP 回退下载成功" fid=5317389963232269 path=/home/duty/weibo_cron/chat_media_downloads/img_5317389963232269_TK老师（tombkeeper）推荐好物·书籍·生活方式.pdf
time=2026-07-05T23:10:50.243+08:00 level=INFO msg=处理完成一个批次 latest_time="2026-07-05 18:57:25" latest_sender=花小生鱼 latest_message=不知道哇 stop=false
time=2026-07-05T23:10:52.073+08:00 level=INFO msg=处理完成一个批次 latest_time="2026-07-05 17:49:55" latest_sender=摄摄摄摄摄魂怪 latest_message=谢谢 stop=false
time=2026-07-05T23:10:53.816+08:00 level=INFO msg=处理完成一个批次 latest_time="2026-07-05 16:45:52" latest_sender=梦星河200602 latest_message="久期 18 年，可能多买\xe7\x82" stop=false
time=2026-07-05T23:10:55.585+08:00 level=INFO msg=处理完成一个批次 latest_time="2026-07-05 16:35:04" latest_sender=一蓑烟雨任平生WB latest_message=俺说话就是这么尖酸刻 stop=false
time=2026-07-05T23:10:58.492+08:00 level=INFO msg=处理完成一个批次 latest_time="2026-07-05 16:22:16" latest_sender=一个糊涂爸爸 latest_message="「@十月的米兰:我家是\xe4" stop=false
time=2026-07-05T23:11:17.135+08:00 level=INFO msg=处理完成一个批次 latest_time="2026-07-05 16:03:45" latest_sender=Why-so-serious99 latest_message=分享视频 stop=false
time=2026-07-05T23:11:19.218+08:00 level=INFO msg=处理完成一个批次 latest_time="2026-07-05 15:51:55" latest_sender=BottledVortex latest_message=分享图片 stop=false
time=2026-07-05T23:11:22.803+08:00 level=INFO msg=处理完成一个批次 latest_time="2026-07-05 15:39:32" latest_sender=复数枝桠 latest_message=水煮西兰花、鸡胸肉、 stop=false
time=2026-07-05T23:11:24.802+08:00 level=INFO msg=处理完成一个批次 latest_time="2026-07-05 15:20:50" latest_sender=堂食也叫内用 latest_message=想换输入法的群友可以 stop=false
time=2026-07-05T23:11:26.950+08:00 level=INFO msg=处理完成一个批次 latest_time="2026-07-05 14:58:44" latest_sender=伽俐详 latest_message=「好玩，加老师可以用 stop=false
time=2026-07-05T23:11:28.743+08:00 level=INFO msg=处理完成一个批次 latest_time="2026-07-05 14:29:27" latest_sender=阿尼亚是安妮亞 latest_message="[流鼻血]应该是离线存\xe5" stop=false
time=2026-07-05T23:11:31.735+08:00 level=INFO msg=处理完成一个批次 latest_time="2026-07-05 13:59:13" latest_sender=四岚1883 latest_message=分享图片 stop=false
time=2026-07-05T23:11:35.505+08:00 level=INFO msg=处理完成一个批次 latest_time="2026-07-05 12:53:20" latest_sender=肥圆真君_WWW latest_message=http://weibo.com/2656274875/R7 stop=false
time=2026-07-05T23:11:37.565+08:00 level=INFO msg=处理完成一个批次 latest_time="2026-07-05 12:21:49" latest_sender=小大饼 latest_message="「@____方格:「@小大饼\xef\xbc" stop=false
time=2026-07-05T23:11:39.968+08:00 level=INFO msg=处理完成一个批次 latest_time="2026-07-05 12:08:21" latest_sender=四岚1883 latest_message=我刚刚尝试了一下火山 stop=false
time=2026-07-05T23:11:41.958+08:00 level=INFO msg=处理完成一个批次 latest_time="2026-07-05 11:43:52" latest_sender=CZW2025 latest_message=我期待他们长大后组成 stop=false
time=2026-07-05T23:11:45.207+08:00 level=INFO msg=处理完成一个批次 latest_time="2026-07-05 11:16:19" latest_sender=谢喜儿 latest_message=http://weibo.com/5088502796/R7 stop=false
time=2026-07-05T23:11:48.036+08:00 level=INFO msg=处理完成一个批次 latest_time="2026-07-05 10:34:29" latest_sender=粉丝群 latest_message=涉及资金问题请务必提 stop=false
time=2026-07-05T23:11:49.775+08:00 level=INFO msg=处理完成一个批次 latest_time="2026-07-05 09:48:58" latest_sender=Mifee飞 latest_message=http://weibo.com/1885688010/R7 stop=false
time=2026-07-05T23:11:52.904+08:00 level=INFO msg=处理完成一个批次 latest_time="2026-07-05 09:14:55" latest_sender=G_YBean latest_message=hi，早上好！ stop=false
time=2026-07-05T23:11:55.183+08:00 level=INFO msg=处理完成一个批次 latest_time="2026-07-05 08:37:50" latest_sender=ActionKnows- latest_message=hi，早上好！ stop=false
time=2026-07-05T23:12:12.003+08:00 level=WARN msg="通过响应监听下载 fid 失败，尝试回退到浏览器内 fetch" fid=5317161842114747 err="timeout:Timeout 15000.00ms exceeded."
time=2026-07-05T23:12:12.102+08:00 level=WARN msg="浏览器内 fetch 下载 fid 失败" fid=5317161842114747 url="https://upload.api.weibo.com/2/mss/msget?fid=5317161842114747&source=209678993&imageType=origin&ts=1783264332003" err="TypeError: Failed to fetch"
time=2026-07-05T23:12:12.153+08:00 level=WARN msg="浏览器内 fetch 下载 fid 失败" fid=5317161842114747 url="https://upload.api.weibo.com/2/mss/msget?fid=5317161842114747&touid=4761715839862414&ts=1783264332003" err="TypeError: Failed to fetch"
time=2026-07-05T23:12:12.276+08:00 level=WARN msg="浏览器内 fetch 下载 fid 失败" fid=5317161842114747 url="https://upload.api.weibo.com/2/mss/msget?fid=5317161842114747&source=209678993&touid=4761715839862414&imageType=origin&ts=1783264332003" err="TypeError: Failed to fetch"
time=2026-07-05T23:12:12.277+08:00 level=WARN msg="浏览器内 fid 下载全部失败，尝试直接 HTTP 下载" fid=5317161842114747 err="TypeError: Failed to fetch"
time=2026-07-05T23:12:12.515+08:00 level=INFO msg="fid 媒体已通过直接 HTTP 回退下载成功" fid=5317161842114747 path=/home/duty/weibo_cron/chat_media_downloads/img_5317161842114747_茧房日报260704.pdf
time=2026-07-05T23:12:12.516+08:00 level=INFO msg=处理完成一个批次 latest_time="2026-07-05 07:20:47" latest_sender=Sp1n0za latest_message=hi，早上好！ stop=false
time=2026-07-05T23:12:14.401+08:00 level=INFO msg=处理完成一个批次 latest_time="2026-07-05 01:24:00" latest_sender=小大饼 latest_message=吃雪糕糕惹 stop=true
time=2026-07-05T23:12:14.419+08:00 level=INFO msg=群聊历史抓取完成 new_count=559 history_dir=/home/duty/weibo_cron/clean_history state_file=/home/duty/weibo_cron/group_chat_state.json
time=2026-07-05T23:12:44.842+08:00 level=ERROR msg=执行群聊抓取失败 err="推送群聊摘要失败: 发送 Telegram 媒体失败: Post \"https://api.telegram.org/bot8204662091:AAFzpy1Avsi92-doxgv3ku-aGPv6n3l0cLI/sendPhoto\": context deadline exceeded (Client.Timeout exceeded while awaiting headers)"
time=2026-07-06T23:10:03.941+08:00 level=INFO msg=群聊模式配置加载完成 config=config.groupchat.yaml
time=2026-07-06T23:10:09.282+08:00 level=INFO msg=打开微博群聊页面 url="https://api.weibo.com/chat/#/chat?check_gid=4761715839862414&source_from=11" user_data_dir=/home/duty/weibo_cron/weibo_user_data browser_channel=chrome
time=2026-07-06T23:10:10.233+08:00 level=INFO msg=如未登录，请在打开的浏览器中完成登录；程序正在等待群聊消息接口返回
time=2026-07-06T23:10:11.194+08:00 level=INFO msg=群聊页面已加载，开始抓取历史消息
time=2026-07-06T23:10:12.072+08:00 level=INFO msg=处理完成一个批次 latest_time="2026-07-06 22:56:40" latest_sender=等下就去吃饭 latest_message="好家伙，微博赢两次[\xe7\xac" stop=false
time=2026-07-06T23:10:12.483+08:00 level=INFO msg=处理完成一个批次 latest_time="2026-07-06 20:56:07" latest_sender=WEFUCKSlNA latest_message="0.72元，@任_朝暮_ 您有\xe9" stop=true
time=2026-07-06T23:10:12.484+08:00 level=INFO msg=群聊历史抓取完成 new_count=34 history_dir=/home/duty/weibo_cron/clean_history state_file=/home/duty/weibo_cron/group_chat_state.json
time=2026-07-06T23:10:12.741+08:00 level=INFO msg=群聊摘要推送完成 message_count=0
time=2026-07-07T23:10:03.156+08:00 level=INFO msg=群聊模式配置加载完成 config=config.groupchat.yaml
time=2026-07-07T23:10:08.607+08:00 level=INFO msg=打开微博群聊页面 url="https://api.weibo.com/chat/#/chat?check_gid=4761715839862414&source_from=11" user_data_dir=/home/duty/weibo_cron/weibo_user_data browser_channel=chrome
time=2026-07-07T23:10:09.579+08:00 level=INFO msg=如未登录，请在打开的浏览器中完成登录；程序正在等待群聊消息接口返回
time=2026-07-07T23:10:10.649+08:00 level=INFO msg=群聊页面已加载，开始抓取历史消息
time=2026-07-07T23:10:21.167+08:00 level=INFO msg=处理完成一个批次 latest_time="2026-07-07 23:07:46" latest_sender=Aurora白White-little-hajimi latest_message=在比亚迪基础上雪上加 stop=false
time=2026-07-07T23:10:22.023+08:00 level=INFO msg=处理完成一个批次 latest_time="2026-07-07 22:49:06" latest_sender=endlessummerr- latest_message="「图片」\n- - - - - - - - -" stop=false
time=2026-07-07T23:10:24.639+08:00 level=INFO msg=处理完成一个批次 latest_time="2026-07-07 22:27:41" latest_sender=雨石plus latest_message="「图片」\n- - - - - - - - -" stop=false
time=2026-07-07T23:10:26.680+08:00 level=INFO msg=处理完成一个批次 latest_time="2026-07-07 22:08:12" latest_sender=seekwind_ latest_message=http://weibo.com/1401527553/R7 stop=false
time=2026-07-07T23:10:28.533+08:00 level=INFO msg=处理完成一个批次 latest_time="2026-07-07 20:56:52" latest_sender=自由的西瓜L latest_message=人不是老了才会没，而 stop=false
time=2026-07-07T23:10:31.048+08:00 level=INFO msg=处理完成一个批次 latest_time="2026-07-07 20:23:30" latest_sender=等下就去吃饭 latest_message=http://t.cn/AXoEWYh3 stop=false
time=2026-07-07T23:10:32.710+08:00 level=INFO msg=处理完成一个批次 latest_time="2026-07-07 19:03:17" latest_sender=等下就去吃饭 latest_message=[允悲] stop=false
time=2026-07-07T23:10:34.489+08:00 level=INFO msg=处理完成一个批次 latest_time="2026-07-07 18:19:56" latest_sender=梦星河200602 latest_message=「「「所以现在买点实 stop=false
time=2026-07-07T23:10:36.081+08:00 level=INFO msg=处理完成一个批次 latest_time="2026-07-07 18:10:10" latest_sender=自由的西瓜L latest_message=「好消息是不止普通人 stop=false
time=2026-07-07T23:10:37.865+08:00 level=INFO msg=处理完成一个批次 latest_time="2026-07-07 18:01:38" latest_sender=小大饼 latest_message=谁有金条借我使使提肛 stop=false
time=2026-07-07T23:10:39.926+08:00 level=INFO msg=处理完成一个批次 latest_time="2026-07-07 17:50:29" latest_sender=梦星河200602 latest_message=央妈是不看实际利率， stop=false
time=2026-07-07T23:10:41.861+08:00 level=INFO msg=处理完成一个批次 latest_time="2026-07-07 17:19:27" latest_sender=梦星河200602 latest_message="一年赚 2w[赞]" stop=false
time=2026-07-07T23:10:43.498+08:00 level=INFO msg=处理完成一个批次 latest_time="2026-07-07 16:55:15" latest_sender=万物既渺小又伟大 latest_message=然后又进去了…进早了 stop=false
time=2026-07-07T23:10:45.281+08:00 level=INFO msg=处理完成一个批次 latest_time="2026-07-07 16:29:45" latest_sender=梦星河200602 latest_message="ai 硬件 回调也正常，\xe6\xb6" stop=false
time=2026-07-07T23:10:47.712+08:00 level=INFO msg=处理完成一个批次 latest_time="2026-07-07 15:53:54" latest_sender=xelnaga瞭望塔 latest_message="「微博」\n- - - - - - - - -" stop=false
time=2026-07-07T23:10:51.407+08:00 level=INFO msg=处理完成一个批次 latest_time="2026-07-07 15:44:32" latest_sender=粉丝群 latest_message=涉及资金问题请务必提 stop=false
time=2026-07-07T23:10:53.236+08:00 level=INFO msg=处理完成一个批次 latest_time="2026-07-07 15:29:21" latest_sender=雨石plus latest_message=公家可控，有税收，私 stop=false
time=2026-07-07T23:10:55.214+08:00 level=INFO msg=处理完成一个批次 latest_time="2026-07-07 15:14:38" latest_sender=粉丝群 latest_message=涉及资金问题请务必提 stop=false
time=2026-07-07T23:10:57.069+08:00 level=INFO msg=处理完成一个批次 latest_time="2026-07-07 14:52:13" latest_sender=茴字的1970种写法 latest_message=「兄弟们，我今天刚刚 stop=false
time=2026-07-07T23:10:58.876+08:00 level=INFO msg=处理完成一个批次 latest_time="2026-07-07 14:39:33" latest_sender=Joyce_irina latest_message=外储不会买地产，港股 stop=false
time=2026-07-07T23:11:00.970+08:00 level=INFO msg=处理完成一个批次 latest_time="2026-07-07 14:04:57" latest_sender=Aviator_hu latest_message=http://weibo.com/5673255066/R6 stop=false
time=2026-07-07T23:11:03.195+08:00 level=INFO msg=处理完成一个批次 latest_time="2026-07-07 13:50:14" latest_sender=Tenacious_U latest_message=「@茴字的1970种写法:这 stop=false
time=2026-07-07T23:11:04.798+08:00 level=INFO msg=处理完成一个批次 latest_time="2026-07-07 12:54:05" latest_sender=茴字的1970种写法 latest_message="偶像指 TK 。" stop=false
time=2026-07-07T23:11:14.654+08:00 level=INFO msg=处理完成一个批次 latest_time="2026-07-07 12:32:43" latest_sender=CADgen的肉身 latest_message="「比如当年真爱粉 20 \xe5\x85" stop=false
time=2026-07-07T23:11:16.506+08:00 level=INFO msg=处理完成一个批次 latest_time="2026-07-07 12:15:06" latest_sender=雨石plus latest_message=普通人，不排队，有好 stop=false
time=2026-07-07T23:11:18.165+08:00 level=INFO msg=处理完成一个批次 latest_time="2026-07-07 11:53:35" latest_sender=Monkey_D_Law latest_message=「盯价值有很多可以证 stop=false
time=2026-07-07T23:11:19.815+08:00 level=INFO msg=处理完成一个批次 latest_time="2026-07-07 11:44:26" latest_sender=粉丝群 latest_message=涉及资金问题请务必提 stop=false
time=2026-07-07T23:11:21.411+08:00 level=INFO msg=处理完成一个批次 latest_time="2026-07-07 11:37:02" latest_sender=tombkeeper latest_message=我的意思是，价值投资 stop=false
time=2026-07-07T23:11:23.546+08:00 level=INFO msg=处理完成一个批次 latest_time="2026-07-07 11:19:35" latest_sender=要做一个可爱的人 latest_message=哦，主语是“狮座”？ stop=false
time=2026-07-07T23:11:25.457+08:00 level=INFO msg=处理完成一个批次 latest_time="2026-07-07 11:01:09" latest_sender=粉丝群 latest_message=涉及资金问题请务必提 stop=false
time=2026-07-07T23:11:27.645+08:00 level=INFO msg=处理完成一个批次 latest_time="2026-07-07 10:15:14" latest_sender=梦星河200602 latest_message=智谱好像买了市面上的 stop=false
time=2026-07-07T23:11:29.634+08:00 level=INFO msg=处理完成一个批次 latest_time="2026-07-07 10:00:36" latest_sender=XMWell latest_message=今天弹出个命令执行窗 stop=false
time=2026-07-07T23:11:31.236+08:00 level=INFO msg=处理完成一个批次 latest_time="2026-07-07 09:19:27" latest_sender=CooperF03 latest_message=hi，早上好！ stop=false
time=2026-07-07T23:11:35.236+08:00 level=INFO msg=处理完成一个批次 latest_time="2026-07-07 08:53:35" latest_sender=Marco2Cents latest_message=hi，早上好！ stop=false
time=2026-07-07T23:11:36.876+08:00 level=INFO msg=处理完成一个批次 latest_time="2026-07-07 08:14:40" latest_sender=用户7962225394 latest_message=hi，早上好！ stop=false
time=2026-07-07T23:11:38.842+08:00 level=INFO msg=处理完成一个批次 latest_time="2026-07-07 07:18:50" latest_sender=咕噜o_O鸟 latest_message=早 stop=false
time=2026-07-07T23:11:55.757+08:00 level=WARN msg="通过响应监听下载 fid 失败，尝试回退到浏览器内 fetch" fid=5317879835919672 err="timeout:Timeout 15000.00ms exceeded."
time=2026-07-07T23:11:55.850+08:00 level=WARN msg="浏览器内 fetch 下载 fid 失败" fid=5317879835919672 url="https://upload.api.weibo.com/2/mss/msget?fid=5317879835919672&source=209678993&imageType=origin&ts=1783437115757" err="TypeError: Failed to fetch"
time=2026-07-07T23:11:55.893+08:00 level=WARN msg="浏览器内 fetch 下载 fid 失败" fid=5317879835919672 url="https://upload.api.weibo.com/2/mss/msget?fid=5317879835919672&touid=4761715839862414&ts=1783437115757" err="TypeError: Failed to fetch"
time=2026-07-07T23:11:56.012+08:00 level=WARN msg="浏览器内 fetch 下载 fid 失败" fid=5317879835919672 url="https://upload.api.weibo.com/2/mss/msget?fid=5317879835919672&source=209678993&touid=4761715839862414&imageType=origin&ts=1783437115757" err="TypeError: Failed to fetch"
time=2026-07-07T23:11:56.012+08:00 level=WARN msg="浏览器内 fid 下载全部失败，尝试直接 HTTP 下载" fid=5317879835919672 err="TypeError: Failed to fetch"
time=2026-07-07T23:11:56.302+08:00 level=INFO msg="fid 媒体已通过直接 HTTP 回退下载成功" fid=5317879835919672 path=/home/duty/weibo_cron/chat_media_downloads/img_5317879835919672_茧房日报260706.pdf
time=2026-07-07T23:11:56.444+08:00 level=INFO msg=处理完成一个批次 latest_time="2026-07-07 05:06:07" latest_sender=粉丝群 latest_message="恭喜明天he今日获得“\xe6" stop=false
time=2026-07-07T23:11:58.469+08:00 level=INFO msg=处理完成一个批次 latest_time="2026-07-06 23:38:26" latest_sender=粉丝群 latest_message=涉及资金问题请务必提 stop=false
time=2026-07-07T23:12:04.286+08:00 level=INFO msg=处理完成一个批次 latest_time="2026-07-06 23:25:57" latest_sender=Aviator_hu latest_message=水坝有白蚁挺常见吧 stop=true
time=2026-07-07T23:12:04.310+08:00 level=INFO msg=群聊历史抓取完成 new_count=768 history_dir=/home/duty/weibo_cron/clean_history state_file=/home/duty/weibo_cron/group_chat_state.json
time=2026-07-07T23:12:07.167+08:00 level=INFO msg=群聊摘要推送完成 message_count=1
time=2026-07-08T23:10:03.866+08:00 level=INFO msg=群聊模式配置加载完成 config=config.groupchat.yaml
time=2026-07-08T23:10:09.206+08:00 level=INFO msg=打开微博群聊页面 url="https://api.weibo.com/chat/#/chat?check_gid=4761715839862414&source_from=11" user_data_dir=/home/duty/weibo_cron/weibo_user_data browser_channel=chrome
time=2026-07-08T23:10:10.183+08:00 level=INFO msg=如未登录，请在打开的浏览器中完成登录；程序正在等待群聊消息接口返回
time=2026-07-08T23:10:11.300+08:00 level=INFO msg=群聊页面已加载，开始抓取历史消息
time=2026-07-08T23:10:11.801+08:00 level=INFO msg=处理完成一个批次 latest_time="2026-07-08 23:05:35" latest_sender=clone_sheep latest_message=「请教群佬，收拾冰箱 stop=false
time=2026-07-08T23:10:12.056+08:00 level=INFO msg=处理完成一个批次 latest_time="2026-07-08 22:10:10" latest_sender=龙彪的微博 latest_message=飞过某些城市上空，竟 stop=false
time=2026-07-08T23:10:13.729+08:00 level=INFO msg=处理完成一个批次 latest_time="2026-07-08 21:46:02" latest_sender=干拌面过冷水 latest_message=我住的地方最近多了很 stop=false
time=2026-07-08T23:10:15.952+08:00 level=INFO msg=处理完成一个批次 latest_time="2026-07-08 20:41:17" latest_sender=陈陈想吃西瓜 latest_message=这个功能是不是也方便 stop=false
time=2026-07-08T23:10:17.652+08:00 level=INFO msg=处理完成一个批次 latest_time="2026-07-08 20:17:14" latest_sender=樱桃树rani latest_message=「日本人上班都穿西装 stop=false
time=2026-07-08T23:10:19.658+08:00 level=INFO msg=处理完成一个批次 latest_time="2026-07-08 19:30:39" latest_sender=Bonoboooo latest_message=在座各位都是徐波！ stop=false
time=2026-07-08T23:10:21.781+08:00 level=INFO msg=处理完成一个批次 latest_time="2026-07-08 19:04:10" latest_sender=Iris_0809 latest_message=火彩很好，非常闪耀 stop=false
time=2026-07-08T23:10:23.523+08:00 level=INFO msg=处理完成一个批次 latest_time="2026-07-08 18:53:30" latest_sender=粉丝群 latest_message=涉及资金问题请务必提 stop=false
time=2026-07-08T23:10:25.151+08:00 level=INFO msg=处理完成一个批次 latest_time="2026-07-08 18:39:59" latest_sender=自由的西瓜L latest_message=博时app上有500 stop=false
time=2026-07-08T23:10:27.325+08:00 level=INFO msg=处理完成一个批次 latest_time="2026-07-08 18:26:07" latest_sender=七床技师 latest_message=我今年买的婚戒就是人 stop=false
time=2026-07-08T23:10:29.395+08:00 level=INFO msg=处理完成一个批次 latest_time="2026-07-08 18:01:26" latest_sender=星逸几度秋_ latest_message=http://weibo.com/1052404565/R7 stop=false
time=2026-07-08T23:10:31.360+08:00 level=INFO msg=处理完成一个批次 latest_time="2026-07-08 17:40:03" latest_sender=semihuman latest_message=「半导体收盘还是没顶 stop=false
time=2026-07-08T23:10:33.128+08:00 level=INFO msg=处理完成一个批次 latest_time="2026-07-08 17:10:02" latest_sender=Joyce_irina latest_message=科技股压力很大[允悲] stop=false
time=2026-07-08T23:10:34.840+08:00 level=INFO msg=处理完成一个批次 latest_time="2026-07-08 16:41:42" latest_sender=Joyce_irina latest_message=说谅解备忘录已经完结 stop=false
time=2026-07-08T23:10:36.556+08:00 level=INFO msg=处理完成一个批次 latest_time="2026-07-08 16:19:02" latest_sender=响当当当的铜豌豆 latest_message="响当当当的铜豌豆 撤\xe5\x9b" stop=false
time=2026-07-08T23:10:38.306+08:00 level=INFO msg=处理完成一个批次 latest_time="2026-07-08 15:39:29" latest_sender=我亦擅绘 latest_message=「@星逸几度秋_:我当初 stop=false
time=2026-07-08T23:10:39.968+08:00 level=INFO msg=处理完成一个批次 latest_time="2026-07-08 15:24:08" latest_sender=自由的西瓜L latest_message=看得出来，肘老师很喜 stop=false
time=2026-07-08T23:10:41.695+08:00 level=INFO msg=处理完成一个批次 latest_time="2026-07-08 15:16:32" latest_sender=WojakW latest_message=「「好家伙，绿盟怎么 stop=false
time=2026-07-08T23:10:43.576+08:00 level=INFO msg=处理完成一个批次 latest_time="2026-07-08 15:06:39" latest_sender=我爱吃肠粉001 latest_message=炒股投资赚钱还是太难 stop=false
time=2026-07-08T23:10:45.202+08:00 level=INFO msg=处理完成一个批次 latest_time="2026-07-08 14:50:02" latest_sender=NinoS1 latest_message=中国这几家开源模型如 stop=false
time=2026-07-08T23:10:47.266+08:00 level=INFO msg=处理完成一个批次 latest_time="2026-07-08 14:24:44" latest_sender=WojakW latest_message=「之前yuange提过之前安 stop=false
time=2026-07-08T23:10:49.489+08:00 level=INFO msg=处理完成一个批次 latest_time="2026-07-08 14:21:29" latest_sender=WojakW latest_message="「「「@tombkeeper 事到如" stop=false
time=2026-07-08T23:10:51.092+08:00 level=INFO msg=处理完成一个批次 latest_time="2026-07-08 14:08:07" latest_sender=tombkeeper latest_message="@我亦擅绘 我记得你这\xe5" stop=false
time=2026-07-08T23:10:52.751+08:00 level=INFO msg=处理完成一个批次 latest_time="2026-07-08 13:59:53" latest_sender=我爱吃肠粉001 latest_message=我只知道即刻上他的号 stop=false
time=2026-07-08T23:10:54.463+08:00 level=INFO msg=处理完成一个批次 latest_time="2026-07-08 13:30:24" latest_sender=Jane王师傅 latest_message=大哥建好仓了？ stop=false
time=2026-07-08T23:10:57.138+08:00 level=INFO msg=处理完成一个批次 latest_time="2026-07-08 13:11:57" latest_sender=等下就去吃饭 latest_message=绿盟逼近涨停…… stop=false
time=2026-07-08T23:10:58.901+08:00 level=INFO msg=处理完成一个批次 latest_time="2026-07-08 12:45:21" latest_sender=茴字的1970种写法 latest_message=http://t.cn/AXaYAjV7 stop=false
time=2026-07-08T23:11:01.205+08:00 level=INFO msg=处理完成一个批次 latest_time="2026-07-08 12:34:41" latest_sender=----Barbara latest_message=不用工作[鼓掌] stop=false
time=2026-07-08T23:11:02.918+08:00 level=INFO msg=处理完成一个批次 latest_time="2026-07-08 12:27:48" latest_sender=蓦回溯光 latest_message=「「从现在开始节衣缩 stop=false
time=2026-07-08T23:11:04.529+08:00 level=INFO msg=处理完成一个批次 latest_time="2026-07-08 12:21:16" latest_sender=Jane王师傅 latest_message=「「爬楼完毕，信息量 stop=false
time=2026-07-08T23:11:06.173+08:00 level=INFO msg=处理完成一个批次 latest_time="2026-07-08 12:14:19" latest_sender=Afeeeer latest_message=或者说模型有差距，但 stop=false
time=2026-07-08T23:11:08.395+08:00 level=INFO msg=处理完成一个批次 latest_time="2026-07-08 12:07:04" latest_sender=我爱吃肠粉001 latest_message="我爱吃肠粉001 撤回了\xe4\xb8" stop=false
time=2026-07-08T23:11:10.188+08:00 level=INFO msg=处理完成一个批次 latest_time="2026-07-08 12:03:19" latest_sender=Seaces latest_message=都加了特别关注 stop=false
time=2026-07-08T23:11:11.823+08:00 level=INFO msg=处理完成一个批次 latest_time="2026-07-08 11:59:13" latest_sender=拱bot latest_message=「我打算近期开始正式 stop=false
time=2026-07-08T23:11:13.684+08:00 level=INFO msg=处理完成一个批次 latest_time="2026-07-08 11:55:29" latest_sender=吻乳老狗 latest_message=还得买腾讯[doge] stop=false
time=2026-07-08T23:11:15.345+08:00 level=INFO msg=处理完成一个批次 latest_time="2026-07-08 11:50:31" latest_sender=万物既渺小又伟大 latest_message=「真正的聊天大都是即 stop=false
time=2026-07-08T23:11:17.057+08:00 level=INFO msg=处理完成一个批次 latest_time="2026-07-08 11:42:37" latest_sender=Bobby_Sm1th latest_message=http://weibo.com/2269761153/Ql stop=false
time=2026-07-08T23:11:19.039+08:00 level=INFO msg=处理完成一个批次 latest_time="2026-07-08 11:38:34" latest_sender=追二先森 latest_message="前段时间tk老师不还在\xe7" stop=false
time=2026-07-08T23:11:20.954+08:00 level=INFO msg=处理完成一个批次 latest_time="2026-07-08 11:34:44" latest_sender=tk今天盲猜关注列表了吗 latest_message=「你们看到那条新闻的 stop=false
time=2026-07-08T23:11:22.686+08:00 level=INFO msg=处理完成一个批次 latest_time="2026-07-08 11:30:46" latest_sender=四岚1883 latest_message=Σ(°ロ°) stop=false
time=2026-07-08T23:11:24.634+08:00 level=INFO msg=处理完成一个批次 latest_time="2026-07-08 11:18:49" latest_sender=tombkeeper latest_message=你们看到那条新闻的时 stop=false
time=2026-07-08T23:11:26.316+08:00 level=INFO msg=处理完成一个批次 latest_time="2026-07-08 11:05:24" latest_sender=秧Bot latest_message="「@冰火岛的曾阿牛:去\xe5" stop=false
time=2026-07-08T23:11:28.043+08:00 level=INFO msg=处理完成一个批次 latest_time="2026-07-08 10:42:37" latest_sender=nkaifang latest_message=http://weibo.com/1925912100/R7 stop=false
time=2026-07-08T23:11:30.081+08:00 level=INFO msg=处理完成一个批次 latest_time="2026-07-08 10:32:57" latest_sender=tombkeeper latest_message=这种K线就是画出来的 stop=false
time=2026-07-08T23:11:32.431+08:00 level=INFO msg=处理完成一个批次 latest_time="2026-07-08 10:13:49" latest_sender=小大饼 latest_message=羡慕啊，我买不起 stop=false
time=2026-07-08T23:11:34.457+08:00 level=INFO msg=处理完成一个批次 latest_time="2026-07-08 10:00:31" latest_sender=梦星河200602 latest_message=买正经品牌的成品家具 stop=false
time=2026-07-08T23:11:36.628+08:00 level=INFO msg=处理完成一个批次 latest_time="2026-07-08 09:52:38" latest_sender=小大饼 latest_message=等一下，你们说的这个 stop=false
time=2026-07-08T23:11:38.246+08:00 level=INFO msg=处理完成一个批次 latest_time="2026-07-08 09:36:42" latest_sender=阿尼亚是安妮亞 latest_message="「@小大饼:是否开一会\xe7" stop=false
time=2026-07-08T23:11:40.642+08:00 level=INFO msg=处理完成一个批次 latest_time="2026-07-08 09:28:16" latest_sender=iiiilic latest_message=总感觉是心理安慰 stop=false
time=2026-07-08T23:11:44.811+08:00 level=INFO msg=处理完成一个批次 latest_time="2026-07-08 09:16:24" latest_sender=铜冰鉴43228 latest_message=分享图片 stop=false
time=2026-07-08T23:11:46.885+08:00 level=INFO msg=处理完成一个批次 latest_time="2026-07-08 09:03:29" latest_sender=花小生鱼 latest_message=为了尽量降低对身体的 stop=false
time=2026-07-08T23:11:48.644+08:00 level=INFO msg=处理完成一个批次 latest_time="2026-07-08 08:46:41" latest_sender=梦想的旗帜 latest_message="梦想的旗帜 撤回了一\xe6\x9d" stop=false
time=2026-07-08T23:11:50.281+08:00 level=INFO msg=处理完成一个批次 latest_time="2026-07-08 07:57:09" latest_sender=天青色等烟雨201403 latest_message=hi，早上好！ stop=false
time=2026-07-08T23:12:07.029+08:00 level=WARN msg="通过响应监听下载 fid 失败，尝试回退到浏览器内 fetch" fid=5318242954118376 err="timeout:Timeout 15000.00ms exceeded."
time=2026-07-08T23:12:07.121+08:00 level=WARN msg="浏览器内 fetch 下载 fid 失败" fid=5318242954118376 url="https://upload.api.weibo.com/2/mss/msget?fid=5318242954118376&source=209678993&imageType=origin&ts=1783523527030" err="TypeError: Failed to fetch"
time=2026-07-08T23:12:07.164+08:00 level=WARN msg="浏览器内 fetch 下载 fid 失败" fid=5318242954118376 url="https://upload.api.weibo.com/2/mss/msget?fid=5318242954118376&touid=4761715839862414&ts=1783523527030" err="TypeError: Failed to fetch"
time=2026-07-08T23:12:07.277+08:00 level=WARN msg="浏览器内 fetch 下载 fid 失败" fid=5318242954118376 url="https://upload.api.weibo.com/2/mss/msget?fid=5318242954118376&source=209678993&touid=4761715839862414&imageType=origin&ts=1783523527030" err="TypeError: Failed to fetch"
time=2026-07-08T23:12:07.277+08:00 level=WARN msg="浏览器内 fid 下载全部失败，尝试直接 HTTP 下载" fid=5318242954118376 err="TypeError: Failed to fetch"
time=2026-07-08T23:12:07.604+08:00 level=INFO msg="fid 媒体已通过直接 HTTP 回退下载成功" fid=5318242954118376 path=/home/duty/weibo_cron/chat_media_downloads/img_5318242954118376_茧房日报260707.pdf
time=2026-07-08T23:12:07.604+08:00 level=INFO msg=处理完成一个批次 latest_time="2026-07-08 07:13:11" latest_sender=花小生鱼 latest_message=[动画表情] stop=false
time=2026-07-08T23:12:09.328+08:00 level=INFO msg=处理完成一个批次 latest_time="2026-07-08 02:27:38" latest_sender=o0李筱楼0o latest_message=阿根廷这比赛踢得 stop=false
time=2026-07-08T23:12:11.652+08:00 level=INFO msg=处理完成一个批次 latest_time="2026-07-07 23:52:14" latest_sender=引长弓Fate latest_message=真正具备行业和公司价 stop=false
time=2026-07-08T23:12:13.330+08:00 level=INFO msg=处理完成一个批次 latest_time="2026-07-07 23:27:42" latest_sender=我爱吃肠粉001 latest_message=摩洛哥的世界第一右后 stop=true
time=2026-07-08T23:12:13.366+08:00 level=INFO msg=群聊历史抓取完成 new_count=1138 history_dir=/home/duty/weibo_cron/clean_history state_file=/home/duty/weibo_cron/group_chat_state.json
time=2026-07-08T23:12:16.906+08:00 level=INFO msg=群聊摘要推送完成 message_count=1
time=2026-07-09T23:10:03.983+08:00 level=INFO msg=群聊模式配置加载完成 config=config.groupchat.yaml
time=2026-07-09T23:10:09.627+08:00 level=INFO msg=打开微博群聊页面 url="https://api.weibo.com/chat/#/chat?check_gid=4761715839862414&source_from=11" user_data_dir=/home/duty/weibo_cron/weibo_user_data browser_channel=chrome
time=2026-07-09T23:10:10.515+08:00 level=INFO msg=如未登录，请在打开的浏览器中完成登录；程序正在等待群聊消息接口返回
time=2026-07-09T23:10:11.848+08:00 level=INFO msg=群聊页面已加载，开始抓取历史消息
time=2026-07-09T23:10:12.353+08:00 level=INFO msg=处理完成一个批次 latest_time="2026-07-09 23:09:42" latest_sender=要做一个可爱的人 latest_message=我选议论文，我怕我区 stop=false
time=2026-07-09T23:10:12.539+08:00 level=INFO msg=处理完成一个批次 latest_time="2026-07-09 22:30:15" latest_sender=谢喜儿 latest_message="谢喜儿 撤回了一条消\xe6\x81" stop=false
time=2026-07-09T23:10:14.169+08:00 level=INFO msg=处理完成一个批次 latest_time="2026-07-09 22:09:06" latest_sender=特呜五土 latest_message=议论文 stop=false
time=2026-07-09T23:10:15.963+08:00 level=INFO msg=处理完成一个批次 latest_time="2026-07-09 21:52:30" latest_sender=----Barbara latest_message=「我点了议论文，主要 stop=false
time=2026-07-09T23:10:17.665+08:00 level=INFO msg=处理完成一个批次 latest_time="2026-07-09 21:42:31" latest_sender=拾人牙慧的复读机 latest_message=我好贪心[捂嘴哭] stop=false
time=2026-07-09T23:10:19.356+08:00 level=INFO msg=处理完成一个批次 latest_time="2026-07-09 21:37:05" latest_sender=茴字的1970种写法 latest_message=支持哪个点哪个。 stop=false
time=2026-07-09T23:10:23.821+08:00 level=INFO msg=处理完成一个批次 latest_time="2026-07-09 21:34:43" latest_sender=东坡酒醒还复醉 latest_message=议论文 stop=false
time=2026-07-09T23:10:26.615+08:00 level=INFO msg=处理完成一个批次 latest_time="2026-07-09 21:12:43" latest_sender=一只方阿 latest_message=分享图片 stop=false
time=2026-07-09T23:10:29.813+08:00 level=INFO msg=处理完成一个批次 latest_time="2026-07-09 20:46:52" latest_sender=谢喜儿 latest_message="「动画表情」\n- - - - - -" stop=false
time=2026-07-09T23:10:32.015+08:00 level=INFO msg=处理完成一个批次 latest_time="2026-07-09 20:27:37" latest_sender=水温合适 latest_message=除了酸汤，还可以尝尝 stop=false
time=2026-07-09T23:10:34.022+08:00 level=INFO msg=处理完成一个批次 latest_time="2026-07-09 19:33:20" latest_sender=上浅兮若 latest_message=「「建信的额度放开了 stop=false
time=2026-07-09T23:10:35.673+08:00 level=INFO msg=处理完成一个批次 latest_time="2026-07-09 19:10:59" latest_sender=以下是付费内容 latest_message=hi，晚上好！ stop=false
time=2026-07-09T23:10:37.600+08:00 level=INFO msg=处理完成一个批次 latest_time="2026-07-09 19:04:24" latest_sender=达包咩 latest_message=哈哈哈哈哈哈哈哈哈 stop=false
time=2026-07-09T23:10:39.620+08:00 level=INFO msg=处理完成一个批次 latest_time="2026-07-09 18:35:14" latest_sender=Horcruxer0x9c73bf31 latest_message=每天坚持提肛 stop=false
time=2026-07-09T23:10:41.688+08:00 level=INFO msg=处理完成一个批次 latest_time="2026-07-09 18:23:15" latest_sender=小大饼 latest_message=不是，苹果醋也是她送 stop=false
time=2026-07-09T23:10:43.352+08:00 level=INFO msg=处理完成一个批次 latest_time="2026-07-09 17:45:35" latest_sender=粉丝群 latest_message=涉及资金问题请务必提 stop=false
time=2026-07-09T23:10:45.668+08:00 level=INFO msg=处理完成一个批次 latest_time="2026-07-09 17:18:06" latest_sender=茴字的1970种写法 latest_message="「微博」\n- - - - - - - - -" stop=false
time=2026-07-09T23:10:48.109+08:00 level=INFO msg=处理完成一个批次 latest_time="2026-07-09 17:08:55" latest_sender=蓦回溯光 latest_message=每笔钱都有光明的未来 stop=false
time=2026-07-09T23:10:49.917+08:00 level=INFO msg=处理完成一个批次 latest_time="2026-07-09 16:29:51" latest_sender=nkaifang latest_message="nkaifang 撤回了一条消息" stop=false
time=2026-07-09T23:10:51.684+08:00 level=INFO msg=处理完成一个批次 latest_time="2026-07-09 16:08:55" latest_sender=我爱吃肠粉001 latest_message=「他脸型其实也不错的 stop=false
time=2026-07-09T23:10:53.499+08:00 level=INFO msg=处理完成一个批次 latest_time="2026-07-09 16:04:01" latest_sender=干拌面过冷水 latest_message=饼哥的身材和峰哥类似 stop=false
time=2026-07-09T23:10:55.250+08:00 level=INFO msg=处理完成一个批次 latest_time="2026-07-09 15:36:39" latest_sender=粉丝群 latest_message=涉及资金问题请务必提 stop=false
time=2026-07-09T23:10:57.039+08:00 level=INFO msg=处理完成一个批次 latest_time="2026-07-09 15:10:48" latest_sender=登的厉害 latest_message=「@nkaifang:「@樱桃树rani stop=false
time=2026-07-09T23:10:59.134+08:00 level=INFO msg=处理完成一个批次 latest_time="2026-07-09 14:58:20" latest_sender=nkaifang latest_message="「@樱桃树rani:友友们[\xe6\xb3" stop=false
time=2026-07-09T23:11:00.988+08:00 level=INFO msg=处理完成一个批次 latest_time="2026-07-09 14:43:03" latest_sender=花小生鱼 latest_message="我又有点拿不住了[捂\xe5\x98" stop=false
time=2026-07-09T23:11:02.718+08:00 level=INFO msg=处理完成一个批次 latest_time="2026-07-09 14:27:13" latest_sender=咕噜o_O鸟 latest_message=我今天把剩下的一点半 stop=false
time=2026-07-09T23:11:05.352+08:00 level=INFO msg=处理完成一个批次 latest_time="2026-07-09 13:55:28" latest_sender=星逸几度秋_ latest_message=文艺左 stop=false
time=2026-07-09T23:11:07.093+08:00 level=INFO msg=处理完成一个批次 latest_time="2026-07-09 13:18:40" latest_sender=叫我小鸡君吧 latest_message="「我记得 5.6 说是今天\xe5" stop=false
time=2026-07-09T23:11:09.695+08:00 level=INFO msg=处理完成一个批次 latest_time="2026-07-09 12:56:12" latest_sender=ZLHyzzbh latest_message=分享图片 stop=false
time=2026-07-09T23:11:11.613+08:00 level=INFO msg=处理完成一个批次 latest_time="2026-07-09 12:41:30" latest_sender=tombkeeper latest_message=得自己去查 stop=false
time=2026-07-09T23:11:13.593+08:00 level=INFO msg=处理完成一个批次 latest_time="2026-07-09 12:28:29" latest_sender=tombkeeper latest_message=人家随机买了一个，推 stop=false
time=2026-07-09T23:11:18.050+08:00 level=INFO msg=处理完成一个批次 latest_time="2026-07-09 12:22:27" latest_sender=拱bot latest_message=「@Aurora白White-little-haji stop=false
time=2026-07-09T23:11:21.467+08:00 level=INFO msg=处理完成一个批次 latest_time="2026-07-09 12:18:22" latest_sender=tombkeeper latest_message="餐前 30 分钟吃 20 克生\xe6" stop=false
time=2026-07-09T23:11:23.458+08:00 level=INFO msg=处理完成一个批次 latest_time="2026-07-09 12:00:17" latest_sender=等下就去吃饭 latest_message=我等它更新了基金描述 stop=false
time=2026-07-09T23:11:25.234+08:00 level=INFO msg=处理完成一个批次 latest_time="2026-07-09 11:45:16" latest_sender=茴字的1970种写法 latest_message=青蒿是中药，青蒿素也 stop=false
time=2026-07-09T23:11:26.920+08:00 level=INFO msg=处理完成一个批次 latest_time="2026-07-09 11:11:56" latest_sender=花小生鱼 latest_message=「你到底挣到钱了吗， stop=false
time=2026-07-09T23:11:28.588+08:00 level=INFO msg=处理完成一个批次 latest_time="2026-07-09 10:59:01" latest_sender=WojakW latest_message="「A股半导体还是硬，\xe8\xb5" stop=false
time=2026-07-09T23:11:30.583+08:00 level=INFO msg=处理完成一个批次 latest_time="2026-07-09 10:24:44" latest_sender=在公车上吃花生酱的浣熊 latest_message="「链接」\n- - - - - - - - -" stop=false
time=2026-07-09T23:11:32.579+08:00 level=INFO msg=处理完成一个批次 latest_time="2026-07-09 10:19:24" latest_sender=楼雨晴Lo latest_message=也算称王了[嘻嘻] stop=false
time=2026-07-09T23:11:34.669+08:00 level=INFO msg=处理完成一个批次 latest_time="2026-07-09 09:42:37" latest_sender=Hophead哈欠 latest_message=「由内及外当然好，但 stop=false
time=2026-07-09T23:11:36.283+08:00 level=INFO msg=处理完成一个批次 latest_time="2026-07-09 09:18:42" latest_sender=在公车上吃花生酱的浣熊 latest_message=但感觉更多时候是大人 stop=false
time=2026-07-09T23:11:37.937+08:00 level=INFO msg=处理完成一个批次 latest_time="2026-07-09 09:14:25" latest_sender=Nolan_lopez latest_message=「我决定像个站立的猴 stop=false
time=2026-07-09T23:11:39.642+08:00 level=INFO msg=处理完成一个批次 latest_time="2026-07-09 09:04:39" latest_sender=肥圆真君_WWW latest_message=「大饼要饭还得看我， stop=false
time=2026-07-09T23:11:41.298+08:00 level=INFO msg=处理完成一个批次 latest_time="2026-07-09 08:59:14" latest_sender=CZW2025 latest_message=美伊现在又开始剑拔弩 stop=false
time=2026-07-09T23:11:42.961+08:00 level=INFO msg=处理完成一个批次 latest_time="2026-07-09 08:50:01" latest_sender=Tenacious_U latest_message=卧槽，精辟 stop=false
time=2026-07-09T23:11:44.590+08:00 level=INFO msg=处理完成一个批次 latest_time="2026-07-09 08:27:28" latest_sender=楼雨晴Lo latest_message=[努力] stop=false
time=2026-07-09T23:11:46.315+08:00 level=INFO msg=处理完成一个批次 latest_time="2026-07-09 08:15:35" latest_sender=拾人牙慧的复读机 latest_message=他可是学霸啊 stop=false
time=2026-07-09T23:11:47.949+08:00 level=INFO msg=处理完成一个批次 latest_time="2026-07-09 08:04:34" latest_sender=一只方阿 latest_message=[动画表情] stop=false
time=2026-07-09T23:11:49.899+08:00 level=INFO msg=处理完成一个批次 latest_time="2026-07-09 07:54:25" latest_sender=Aurora白White-little-hajimi latest_message=不会，全部外包。 stop=false
time=2026-07-09T23:11:51.568+08:00 level=INFO msg=处理完成一个批次 latest_time="2026-07-09 07:20:38" latest_sender=Daisy8000000 latest_message=hi，早上好！ stop=false
time=2026-07-09T23:12:08.262+08:00 level=WARN msg="通过响应监听下载 fid 失败，尝试回退到浏览器内 fetch" fid=5318605731268437 err="timeout:Timeout 15000.00ms exceeded."
time=2026-07-09T23:12:08.356+08:00 level=WARN msg="浏览器内 fetch 下载 fid 失败" fid=5318605731268437 url="https://upload.api.weibo.com/2/mss/msget?fid=5318605731268437&source=209678993&imageType=origin&ts=1783609928262" err="TypeError: Failed to fetch"
time=2026-07-09T23:12:08.399+08:00 level=WARN msg="浏览器内 fetch 下载 fid 失败" fid=5318605731268437 url="https://upload.api.weibo.com/2/mss/msget?fid=5318605731268437&touid=4761715839862414&ts=1783609928262" err="TypeError: Failed to fetch"
time=2026-07-09T23:12:08.529+08:00 level=WARN msg="浏览器内 fetch 下载 fid 失败" fid=5318605731268437 url="https://upload.api.weibo.com/2/mss/msget?fid=5318605731268437&source=209678993&touid=4761715839862414&imageType=origin&ts=1783609928262" err="TypeError: Failed to fetch"
time=2026-07-09T23:12:08.529+08:00 level=WARN msg="浏览器内 fid 下载全部失败，尝试直接 HTTP 下载" fid=5318605731268437 err="TypeError: Failed to fetch"
time=2026-07-09T23:12:08.949+08:00 level=INFO msg="fid 媒体已通过直接 HTTP 回退下载成功" fid=5318605731268437 path=/home/duty/weibo_cron/chat_media_downloads/img_5318605731268437_茧房日报260708.pdf
time=2026-07-09T23:12:08.950+08:00 level=INFO msg=处理完成一个批次 latest_time="2026-07-09 05:40:08" latest_sender=樱桃树rani latest_message="樱桃树rani 撤回了一条\xe6" stop=false
time=2026-07-09T23:12:11.450+08:00 level=INFO msg=处理完成一个批次 latest_time="2026-07-09 00:43:10" latest_sender=胖子快醒醒 latest_message=[黑线] stop=false
time=2026-07-09T23:12:14.470+08:00 level=INFO msg=处理完成一个批次 latest_time="2026-07-09 00:19:59" latest_sender=拾人牙慧的复读机 latest_message=这个时候你开着空调看 stop=false
time=2026-07-09T23:12:16.249+08:00 level=INFO msg=处理完成一个批次 latest_time="2026-07-09 00:05:16" latest_sender=7enas latest_message="7enas 撤回了一条消息" stop=false
time=2026-07-09T23:12:17.972+08:00 level=INFO msg=处理完成一个批次 latest_time="2026-07-08 23:34:05" latest_sender=一只方阿 latest_message="「微博」\n- - - - - - - - -" stop=true
time=2026-07-09T23:12:18.009+08:00 level=INFO msg=群聊历史抓取完成 new_count=1083 history_dir=/home/duty/weibo_cron/clean_history state_file=/home/duty/weibo_cron/group_chat_state.json
time=2026-07-09T23:12:23.687+08:00 level=INFO msg=群聊摘要推送完成 message_count=1
time=2026-07-10T23:10:03.843+08:00 level=INFO msg=群聊模式配置加载完成 config=config.groupchat.yaml
time=2026-07-10T23:10:09.539+08:00 level=INFO msg=打开微博群聊页面 url="https://api.weibo.com/chat/#/chat?check_gid=4761715839862414&source_from=11" user_data_dir=/home/duty/weibo_cron/weibo_user_data browser_channel=chrome
time=2026-07-10T23:10:10.586+08:00 level=INFO msg=如未登录，请在打开的浏览器中完成登录；程序正在等待群聊消息接口返回
time=2026-07-10T23:10:11.837+08:00 level=INFO msg=群聊页面已加载，开始抓取历史消息
time=2026-07-10T23:10:12.886+08:00 level=INFO msg=处理完成一个批次 latest_time="2026-07-10 23:07:54" latest_sender=拾人牙慧的复读机 latest_message=分享图片 stop=false
time=2026-07-10T23:10:13.921+08:00 level=INFO msg=处理完成一个批次 latest_time="2026-07-10 22:19:57" latest_sender=谢喜儿 latest_message=分享图片 stop=false
time=2026-07-10T23:10:16.099+08:00 level=INFO msg=处理完成一个批次 latest_time="2026-07-10 21:57:25" latest_sender=Jane王师傅 latest_message=超长上下文[偷笑] stop=false
time=2026-07-10T23:10:18.289+08:00 level=INFO msg=处理完成一个批次 latest_time="2026-07-10 21:36:12" latest_sender=春天小羚羊 latest_message="「图片」\n- - - - - - - - -" stop=false
time=2026-07-10T23:10:20.801+08:00 level=INFO msg=处理完成一个批次 latest_time="2026-07-10 20:49:04" latest_sender=东坡酒醒还复醉 latest_message=从公关角度分析徐总， stop=false
time=2026-07-10T23:10:22.908+08:00 level=INFO msg=处理完成一个批次 latest_time="2026-07-10 20:25:49" latest_sender=phinley latest_message=「我吃上生巴旦木了， stop=false
time=2026-07-10T23:10:24.730+08:00 level=INFO msg=处理完成一个批次 latest_time="2026-07-10 20:09:37" latest_sender=小大饼 latest_message=我月薪十万我可能才舍 stop=false
time=2026-07-10T23:10:26.633+08:00 level=INFO msg=处理完成一个批次 latest_time="2026-07-10 19:16:18" latest_sender=一丛韭菜 latest_message=「「我无法理解，女同 stop=false
time=2026-07-10T23:10:28.475+08:00 level=INFO msg=处理完成一个批次 latest_time="2026-07-10 18:54:57" latest_sender=兰兰的露 latest_message=现在才意识到，我列的 stop=false
time=2026-07-10T23:10:30.357+08:00 level=INFO msg=处理完成一个批次 latest_time="2026-07-10 18:43:37" latest_sender=等下就去吃饭 latest_message="B站重点学知识，微博\xe9\x87" stop=false
time=2026-07-10T23:10:32.387+08:00 level=INFO msg=处理完成一个批次 latest_time="2026-07-10 18:30:33" latest_sender=万物既渺小又伟大 latest_message="「图片」\n- - - - - - - - -" stop=false
time=2026-07-10T23:10:34.546+08:00 level=INFO msg=处理完成一个批次 latest_time="2026-07-10 18:23:17" latest_sender=Aurora白White-little-hajimi latest_message=海带丝当面条 stop=false
time=2026-07-10T23:10:36.966+08:00 level=INFO msg=处理完成一个批次 latest_time="2026-07-10 18:17:27" latest_sender=一丛韭菜 latest_message="「微博」\n- - - - - - - - -" stop=false
time=2026-07-10T23:10:39.593+08:00 level=INFO msg=处理完成一个批次 latest_time="2026-07-10 18:11:20" latest_sender=十月的米兰 latest_message=「但是你不能去批评你 stop=false
time=2026-07-10T23:10:41.739+08:00 level=INFO msg=处理完成一个批次 latest_time="2026-07-10 18:02:39" latest_sender=阿尼亚是安妮亞 latest_message=分享图片 stop=false
time=2026-07-10T23:10:43.601+08:00 level=INFO msg=处理完成一个批次 latest_time="2026-07-10 17:52:51" latest_sender=iiiilic latest_message=羡慕 stop=false
time=2026-07-10T23:10:45.446+08:00 level=INFO msg=处理完成一个批次 latest_time="2026-07-10 17:47:16" latest_sender=小大饼 latest_message=别说了，我已经不行了 stop=false
time=2026-07-10T23:10:47.084+08:00 level=INFO msg=处理完成一个批次 latest_time="2026-07-10 17:43:43" latest_sender=玩耍的Michael latest_message="「因为穿瑜伽服吗」\n- " stop=false
time=2026-07-10T23:10:48.800+08:00 level=INFO msg=处理完成一个批次 latest_time="2026-07-10 17:36:07" latest_sender=小大饼 latest_message=为啥每句话都要分一段 stop=false
time=2026-07-10T23:10:51.175+08:00 level=INFO msg=处理完成一个批次 latest_time="2026-07-10 16:53:13" latest_sender=3ric2hao latest_message=银行客户经理 stop=false
time=2026-07-10T23:10:52.852+08:00 level=INFO msg=处理完成一个批次 latest_time="2026-07-10 16:21:39" latest_sender=蓦回溯光 latest_message=我觉得最难的是逻辑推 stop=false
time=2026-07-10T23:10:54.495+08:00 level=INFO msg=处理完成一个批次 latest_time="2026-07-10 16:05:19" latest_sender=冰火岛的曾阿牛 latest_message=不知道今晚海力士ADR会 stop=false
time=2026-07-10T23:10:57.197+08:00 level=INFO msg=处理完成一个批次 latest_time="2026-07-10 15:42:35" latest_sender=樱桃树rani latest_message=老大又上热搜了，上热 stop=false
time=2026-07-10T23:10:59.469+08:00 level=INFO msg=处理完成一个批次 latest_time="2026-07-10 15:16:50" latest_sender=肥圆真君_WWW latest_message=好集美，太亲密了 stop=false
time=2026-07-10T23:11:01.654+08:00 level=INFO msg=处理完成一个批次 latest_time="2026-07-10 15:05:45" latest_sender=0xfffffffffucklife latest_message=「里面有几个还是亏得 stop=false
time=2026-07-10T23:11:03.677+08:00 level=INFO msg=处理完成一个批次 latest_time="2026-07-10 14:32:18" latest_sender=o0李筱楼0o latest_message=[允悲] stop=false
time=2026-07-10T23:11:06.238+08:00 level=INFO msg=处理完成一个批次 latest_time="2026-07-10 14:23:45" latest_sender=自由的西瓜L latest_message=跟其他人一对比 stop=false
time=2026-07-10T23:11:08.115+08:00 level=INFO msg=处理完成一个批次 latest_time="2026-07-10 14:15:57" latest_sender=xelnaga瞭望塔 latest_message=分享图片 stop=false
time=2026-07-10T23:11:10.391+08:00 level=INFO msg=处理完成一个批次 latest_time="2026-07-10 13:37:55" latest_sender=阿航爱喝水呀 latest_message=TK老师皮肤好好呀 stop=false
time=2026-07-10T23:11:12.922+08:00 level=INFO msg=处理完成一个批次 latest_time="2026-07-10 13:31:08" latest_sender=响当当当的铜豌豆 latest_message=分享图片 stop=false
time=2026-07-10T23:11:14.728+08:00 level=INFO msg=处理完成一个批次 latest_time="2026-07-10 12:57:10" latest_sender=响当当当的铜豌豆 latest_message=感觉TK颜值巅峰了 stop=false
time=2026-07-10T23:11:17.391+08:00 level=INFO msg=处理完成一个批次 latest_time="2026-07-10 12:44:58" latest_sender=tombkeeper latest_message=不是说出去找的才叫SM stop=false
time=2026-07-10T23:11:19.692+08:00 level=INFO msg=处理完成一个批次 latest_time="2026-07-10 12:28:38" latest_sender=Afeeeer latest_message=http://weibo.com/1826017320/R7 stop=false
time=2026-07-10T23:11:21.814+08:00 level=INFO msg=处理完成一个批次 latest_time="2026-07-10 12:15:31" latest_sender=今晚打老虎_26 latest_message=补谁啦 stop=false
time=2026-07-10T23:11:24.206+08:00 level=INFO msg=处理完成一个批次 latest_time="2026-07-10 11:44:07" latest_sender=星逸几度秋_ latest_message=「「大不了辞职了，每 stop=false
time=2026-07-10T23:11:26.209+08:00 level=INFO msg=处理完成一个批次 latest_time="2026-07-10 11:25:22" latest_sender=星逸几度秋_ latest_message=我初中有个老师就这样 stop=false
time=2026-07-10T23:11:28.002+08:00 level=INFO msg=处理完成一个批次 latest_time="2026-07-10 11:11:36" latest_sender=xelnaga瞭望塔 latest_message="能让 TK 老师大显身手\xef\xbc" stop=false
time=2026-07-10T23:11:29.856+08:00 level=INFO msg=处理完成一个批次 latest_time="2026-07-10 11:00:03" latest_sender=0x指纹 latest_message=应该没人去看 stop=false
time=2026-07-10T23:11:32.446+08:00 level=INFO msg=处理完成一个批次 latest_time="2026-07-10 10:19:07" latest_sender=xelnaga瞭望塔 latest_message=http://weibo.com/2115566404/R7 stop=false
time=2026-07-10T23:11:34.329+08:00 level=INFO msg=处理完成一个批次 latest_time="2026-07-10 09:31:16" latest_sender=小大饼 latest_message=以后不敢叫自己小甜饼 stop=false
time=2026-07-10T23:11:35.982+08:00 level=INFO msg=处理完成一个批次 latest_time="2026-07-10 08:58:20" latest_sender=小大饼 latest_message=吃好睡好，没啥可失眠 stop=false
time=2026-07-10T23:11:38.306+08:00 level=INFO msg=处理完成一个批次 latest_time="2026-07-10 08:20:54" latest_sender=小大饼 latest_message=到公司惹 stop=false
time=2026-07-10T23:11:40.193+08:00 level=INFO msg=处理完成一个批次 latest_time="2026-07-10 07:49:06" latest_sender=蒸汽烤冷麵 latest_message=hi，早上好！ stop=false
time=2026-07-10T23:11:41.845+08:00 level=INFO msg=处理完成一个批次 latest_time="2026-07-10 07:12:41" latest_sender=小大饼 latest_message=我记得以前一直是凌晨 stop=false
time=2026-07-10T23:11:58.623+08:00 level=WARN msg="通过响应监听下载 fid 失败，尝试回退到浏览器内 fetch" fid=5318968124113037 err="timeout:Timeout 15000.00ms exceeded."
time=2026-07-10T23:11:58.790+08:00 level=WARN msg="浏览器内 fetch 下载 fid 失败" fid=5318968124113037 url="https://upload.api.weibo.com/2/mss/msget?fid=5318968124113037&source=209678993&imageType=origin&ts=1783696318623" err="TypeError: Failed to fetch"
time=2026-07-10T23:11:58.832+08:00 level=WARN msg="浏览器内 fetch 下载 fid 失败" fid=5318968124113037 url="https://upload.api.weibo.com/2/mss/msget?fid=5318968124113037&touid=4761715839862414&ts=1783696318623" err="TypeError: Failed to fetch"
time=2026-07-10T23:11:58.918+08:00 level=WARN msg="浏览器内 fetch 下载 fid 失败" fid=5318968124113037 url="https://upload.api.weibo.com/2/mss/msget?fid=5318968124113037&source=209678993&touid=4761715839862414&imageType=origin&ts=1783696318623" err="TypeError: Failed to fetch"
time=2026-07-10T23:11:58.918+08:00 level=WARN msg="浏览器内 fid 下载全部失败，尝试直接 HTTP 下载" fid=5318968124113037 err="TypeError: Failed to fetch"
time=2026-07-10T23:11:59.252+08:00 level=INFO msg="fid 媒体已通过直接 HTTP 回退下载成功" fid=5318968124113037 path=/home/duty/weibo_cron/chat_media_downloads/img_5318968124113037_茧房日报260709.pdf
time=2026-07-10T23:11:59.707+08:00 level=INFO msg=处理完成一个批次 latest_time="2026-07-10 05:46:12" latest_sender=叫我小鸡君吧 latest_message="早 友友们" stop=false
time=2026-07-10T23:12:01.648+08:00 level=INFO msg=处理完成一个批次 latest_time="2026-07-09 23:41:36" latest_sender=Hophead哈欠 latest_message=好的，谢谢 stop=true
time=2026-07-10T23:12:01.676+08:00 level=INFO msg=群聊历史抓取完成 new_count=918 history_dir=/home/duty/weibo_cron/clean_history state_file=/home/duty/weibo_cron/group_chat_state.json
time=2026-07-10T23:12:05.322+08:00 level=INFO msg=群聊摘要推送完成 message_count=1
time=2026-07-11T23:10:03.140+08:00 level=INFO msg=群聊模式配置加载完成 config=config.groupchat.yaml
time=2026-07-11T23:10:09.042+08:00 level=INFO msg=打开微博群聊页面 url="https://api.weibo.com/chat/#/chat?check_gid=4761715839862414&source_from=11" user_data_dir=/home/duty/weibo_cron/weibo_user_data browser_channel=chrome
time=2026-07-11T23:10:10.049+08:00 level=INFO msg=如未登录，请在打开的浏览器中完成登录；程序正在等待群聊消息接口返回
time=2026-07-11T23:10:11.242+08:00 level=INFO msg=群聊页面已加载，开始抓取历史消息
time=2026-07-11T23:10:11.842+08:00 level=INFO msg=处理完成一个批次 latest_time="2026-07-11 23:08:33" latest_sender=nkaifang latest_message=http://t.cn/AXKUkWQx stop=false
time=2026-07-11T23:10:24.081+08:00 level=INFO msg=处理完成一个批次 latest_time="2026-07-11 22:21:13" latest_sender=铜冰鉴43228 latest_message=分享视频 stop=false
time=2026-07-11T23:10:26.478+08:00 level=INFO msg=处理完成一个批次 latest_time="2026-07-11 21:41:04" latest_sender=畅曰 latest_message=分享图片 stop=false
time=2026-07-11T23:10:28.427+08:00 level=INFO msg=处理完成一个批次 latest_time="2026-07-11 20:18:10" latest_sender=Tenacious_U latest_message="「中午公司巴旦木\n晚\xe4\xb8" stop=false
time=2026-07-11T23:10:32.333+08:00 level=INFO msg=处理完成一个批次 latest_time="2026-07-11 19:09:46" latest_sender=修蒙的gentle latest_message="关于Ai文章的题材，我\xe5" stop=false
time=2026-07-11T23:10:34.742+08:00 level=INFO msg=处理完成一个批次 latest_time="2026-07-11 17:45:52" latest_sender=等下就去吃饭 latest_message=这篇文章的作者是余永 stop=false
time=2026-07-11T23:10:36.659+08:00 level=INFO msg=处理完成一个批次 latest_time="2026-07-11 16:46:33" latest_sender=小大饼 latest_message=「绳结处的厚度感觉不 stop=false
time=2026-07-11T23:10:39.394+08:00 level=INFO msg=处理完成一个批次 latest_time="2026-07-11 16:05:03" latest_sender=Iris_0809 latest_message=以前大自然里蓝色的大 stop=false
time=2026-07-11T23:10:41.347+08:00 level=INFO msg=处理完成一个批次 latest_time="2026-07-11 15:43:02" latest_sender=tqtq latest_message=有温州台州群友吗，风 stop=false
time=2026-07-11T23:10:43.413+08:00 level=INFO msg=处理完成一个批次 latest_time="2026-07-11 15:36:12" latest_sender=叫我小鸡君吧 latest_message="「微博」\n- - - - - - - - -" stop=false
time=2026-07-11T23:10:45.054+08:00 level=INFO msg=处理完成一个批次 latest_time="2026-07-11 15:20:51" latest_sender=茴字的1970种写法 latest_message="「真残忍 本该恋爱的\xe5\xb9" stop=false
time=2026-07-11T23:10:46.727+08:00 level=INFO msg=处理完成一个批次 latest_time="2026-07-11 15:16:01" latest_sender=小大饼 latest_message=[允悲][允悲][允悲] stop=false
time=2026-07-11T23:10:48.832+08:00 level=INFO msg=处理完成一个批次 latest_time="2026-07-11 14:55:50" latest_sender=tombkeeper latest_message=「@时间的小偷t:「你回 stop=false
time=2026-07-11T23:10:51.222+08:00 level=INFO msg=处理完成一个批次 latest_time="2026-07-11 14:12:59" latest_sender=茴字的1970种写法 latest_message=但这个跟“不碰投资” stop=false
time=2026-07-11T23:10:53.284+08:00 level=INFO msg=处理完成一个批次 latest_time="2026-07-11 13:39:11" latest_sender=冰可乐煮饺子 latest_message=分享图片 stop=false
time=2026-07-11T23:10:54.941+08:00 level=INFO msg=处理完成一个批次 latest_time="2026-07-11 13:26:41" latest_sender=玩耍的Michael latest_message=喝食醋 stop=false
time=2026-07-11T23:10:57.014+08:00 level=INFO msg=处理完成一个批次 latest_time="2026-07-11 13:07:10" latest_sender=Hollyw00d latest_message=「不如给点实惠的，我 stop=false
time=2026-07-11T23:10:59.440+08:00 level=INFO msg=处理完成一个批次 latest_time="2026-07-11 12:42:41" latest_sender=小大饼 latest_message=我说这这位南师的鞋子 stop=false
time=2026-07-11T23:11:01.247+08:00 level=INFO msg=处理完成一个批次 latest_time="2026-07-11 12:20:34" latest_sender=咕噜o_O鸟 latest_message=[哈哈] stop=false
time=2026-07-11T23:11:04.671+08:00 level=INFO msg=处理完成一个批次 latest_time="2026-07-11 12:06:12" latest_sender=梦星河200602 latest_message=有的，老师。比如前段 stop=false
time=2026-07-11T23:11:06.638+08:00 level=INFO msg=处理完成一个批次 latest_time="2026-07-11 11:43:26" latest_sender=拱bot latest_message=http://t.cn/AXK2TWUG stop=false
time=2026-07-11T23:11:08.596+08:00 level=INFO msg=处理完成一个批次 latest_time="2026-07-11 11:30:19" latest_sender=雨石plus latest_message=「都是让spacex刺激的吗 stop=false
time=2026-07-11T23:11:12.323+08:00 level=INFO msg=处理完成一个批次 latest_time="2026-07-11 11:13:09" latest_sender=茴字的1970种写法 latest_message=http://weibo.com/1401527553/Ld stop=false
time=2026-07-11T23:11:14.160+08:00 level=INFO msg=处理完成一个批次 latest_time="2026-07-11 10:45:00" latest_sender=等下就去吃饭 latest_message=http://weibo.com/1618051664/R8 stop=false
time=2026-07-11T23:11:18.761+08:00 level=INFO msg=处理完成一个批次 latest_time="2026-07-11 10:02:20" latest_sender=0x指纹 latest_message=看了下长征十号乙的网 stop=false
time=2026-07-11T23:11:20.563+08:00 level=INFO msg=处理完成一个批次 latest_time="2026-07-11 08:58:57" latest_sender=Notebookdong latest_message=hi，早上好！ stop=false
time=2026-07-11T23:11:22.225+08:00 level=INFO msg=处理完成一个批次 latest_time="2026-07-11 07:39:14" latest_sender=一粒粒木子 latest_message="一粒粒木子 撤回了一\xe6\x9d" stop=false
time=2026-07-11T23:11:38.984+08:00 level=WARN msg="通过响应监听下载 fid 失败，尝试回退到浏览器内 fetch" fid=5319351289774303 err="timeout:Timeout 15000.00ms exceeded."
time=2026-07-11T23:11:39.079+08:00 level=WARN msg="浏览器内 fetch 下载 fid 失败" fid=5319351289774303 url="https://upload.api.weibo.com/2/mss/msget?fid=5319351289774303&source=209678993&imageType=origin&ts=1783782698984" err="TypeError: Failed to fetch"
time=2026-07-11T23:11:39.128+08:00 level=WARN msg="浏览器内 fetch 下载 fid 失败" fid=5319351289774303 url="https://upload.api.weibo.com/2/mss/msget?fid=5319351289774303&touid=4761715839862414&ts=1783782698984" err="TypeError: Failed to fetch"
time=2026-07-11T23:11:39.257+08:00 level=WARN msg="浏览器内 fetch 下载 fid 失败" fid=5319351289774303 url="https://upload.api.weibo.com/2/mss/msget?fid=5319351289774303&source=209678993&touid=4761715839862414&imageType=origin&ts=1783782698984" err="TypeError: Failed to fetch"
time=2026-07-11T23:11:39.258+08:00 level=WARN msg="浏览器内 fid 下载全部失败，尝试直接 HTTP 下载" fid=5319351289774303 err="TypeError: Failed to fetch"
time=2026-07-11T23:11:39.576+08:00 level=INFO msg="fid 媒体已通过直接 HTTP 回退下载成功" fid=5319351289774303 path=/home/duty/weibo_cron/chat_media_downloads/img_5319351289774303_茧房日报260710.pdf
time=2026-07-11T23:11:40.067+08:00 level=INFO msg=处理完成一个批次 latest_time="2026-07-11 05:00:08" latest_sender=Tomelephant latest_message=[微笑] stop=false
time=2026-07-11T23:11:41.694+08:00 level=INFO msg=处理完成一个批次 latest_time="2026-07-11 00:03:00" latest_sender=粉丝群 latest_message=恭喜小大饼今日获得“ stop=false
time=2026-07-11T23:11:43.378+08:00 level=INFO msg=处理完成一个批次 latest_time="2026-07-10 23:14:26" latest_sender=ScaryLeopard419 latest_message=http://weibo.com/2868676035/R8 stop=true
time=2026-07-11T23:11:43.396+08:00 level=INFO msg=群聊历史抓取完成 new_count=581 history_dir=/home/duty/weibo_cron/clean_history state_file=/home/duty/weibo_cron/group_chat_state.json
time=2026-07-11T23:11:47.725+08:00 level=INFO msg=群聊摘要推送完成 message_count=1
time=2026-07-12T23:10:03.321+08:00 level=INFO msg=群聊模式配置加载完成 config=config.groupchat.yaml
time=2026-07-12T23:10:08.342+08:00 level=INFO msg=打开微博群聊页面 url="https://api.weibo.com/chat/#/chat?check_gid=4761715839862414&source_from=11" user_data_dir=/home/duty/weibo_cron/weibo_user_data browser_channel=chrome
time=2026-07-12T23:10:09.285+08:00 level=INFO msg=如未登录，请在打开的浏览器中完成登录；程序正在等待群聊消息接口返回
time=2026-07-12T23:10:10.452+08:00 level=INFO msg=群聊页面已加载，开始抓取历史消息
time=2026-07-12T23:10:11.764+08:00 level=INFO msg=处理完成一个批次 latest_time="2026-07-12 23:09:03" latest_sender=雨石plus latest_message=分享图片 stop=false
time=2026-07-12T23:10:18.727+08:00 level=INFO msg=处理完成一个批次 latest_time="2026-07-12 21:53:04" latest_sender=Jane王师傅 latest_message=[动画表情] stop=false
time=2026-07-12T23:10:23.117+08:00 level=INFO msg=处理完成一个批次 latest_time="2026-07-12 21:13:14" latest_sender=十月的米兰 latest_message=给我推了一个“去死保 stop=false
time=2026-07-12T23:10:25.709+08:00 level=INFO msg=处理完成一个批次 latest_time="2026-07-12 20:31:26" latest_sender=茴字的1970种写法 latest_message="果汁含量 85% 的苹果醋\xe2" stop=false
time=2026-07-12T23:10:27.737+08:00 level=INFO msg=处理完成一个批次 latest_time="2026-07-12 20:10:49" latest_sender=复数枝桠 latest_message=食材越健康，越不好吃 stop=false
time=2026-07-12T23:10:30.722+08:00 level=INFO msg=处理完成一个批次 latest_time="2026-07-12 19:52:45" latest_sender=玩耍的Michael latest_message=身高80cm？ stop=false
time=2026-07-12T23:10:33.418+08:00 level=INFO msg=处理完成一个批次 latest_time="2026-07-12 19:23:06" latest_sender=在公车上吃花生酱的浣熊 latest_message="「图片」\n- - - - - - - - -" stop=false
time=2026-07-12T23:10:35.995+08:00 level=INFO msg=处理完成一个批次 latest_time="2026-07-12 18:45:17" latest_sender=拱bot latest_message="@小大饼 我刚才看到个\xe9" stop=false
time=2026-07-12T23:10:38.378+08:00 level=INFO msg=处理完成一个批次 latest_time="2026-07-12 18:14:48" latest_sender=Why-so-serious99 latest_message="「@Jane王师傅: 我有个\xe6\x9c" stop=false
time=2026-07-12T23:10:41.179+08:00 level=INFO msg=处理完成一个批次 latest_time="2026-07-12 16:54:54" latest_sender=响当当当的铜豌豆 latest_message=我在染头发，坐了一个 stop=false
time=2026-07-12T23:10:45.149+08:00 level=INFO msg=处理完成一个批次 latest_time="2026-07-12 16:05:31" latest_sender=古拉TE latest_message=「我看着那盘烤鸭好气 stop=false
time=2026-07-12T23:10:47.077+08:00 level=INFO msg=处理完成一个批次 latest_time="2026-07-12 14:14:25" latest_sender=粉丝群 latest_message=涉及资金问题请务必提 stop=false
time=2026-07-12T23:10:50.732+08:00 level=INFO msg=处理完成一个批次 latest_time="2026-07-12 12:42:39" latest_sender=深蹲三下就晕 latest_message=上面这家好像涨了几倍 stop=false
time=2026-07-12T23:10:53.922+08:00 level=INFO msg=处理完成一个批次 latest_time="2026-07-12 11:50:54" latest_sender=拾人牙慧的复读机 latest_message=http://weibo.com/1913094142/R8 stop=false
time=2026-07-12T23:10:57.262+08:00 level=INFO msg=处理完成一个批次 latest_time="2026-07-12 11:16:44" latest_sender=黑眼圈要减肥Hyc latest_message=分享图片 stop=false
time=2026-07-12T23:10:59.867+08:00 level=INFO msg=处理完成一个批次 latest_time="2026-07-12 10:32:54" latest_sender=Why-so-serious99 latest_message=可能是管道井，或者沿 stop=false
time=2026-07-12T23:11:02.913+08:00 level=INFO msg=处理完成一个批次 latest_time="2026-07-12 09:43:46" latest_sender=0x指纹 latest_message=对的不是人，是自己局 stop=false
time=2026-07-12T23:11:04.751+08:00 level=INFO msg=处理完成一个批次 latest_time="2026-07-12 08:45:30" latest_sender=明天he latest_message=hi，早上好！ stop=false
time=2026-07-12T23:11:21.389+08:00 level=WARN msg="通过响应监听下载 fid 失败，尝试回退到浏览器内 fetch" fid=5319713385349549 err="timeout:Timeout 15000.00ms exceeded."
time=2026-07-12T23:11:21.486+08:00 level=WARN msg="浏览器内 fetch 下载 fid 失败" fid=5319713385349549 url="https://upload.api.weibo.com/2/mss/msget?fid=5319713385349549&source=209678993&imageType=origin&ts=1783869081389" err="TypeError: Failed to fetch"
time=2026-07-12T23:11:21.529+08:00 level=WARN msg="浏览器内 fetch 下载 fid 失败" fid=5319713385349549 url="https://upload.api.weibo.com/2/mss/msget?fid=5319713385349549&touid=4761715839862414&ts=1783869081389" err="TypeError: Failed to fetch"
time=2026-07-12T23:11:21.642+08:00 level=WARN msg="浏览器内 fetch 下载 fid 失败" fid=5319713385349549 url="https://upload.api.weibo.com/2/mss/msget?fid=5319713385349549&source=209678993&touid=4761715839862414&imageType=origin&ts=1783869081389" err="TypeError: Failed to fetch"
time=2026-07-12T23:11:21.643+08:00 level=WARN msg="浏览器内 fid 下载全部失败，尝试直接 HTTP 下载" fid=5319713385349549 err="TypeError: Failed to fetch"
time=2026-07-12T23:11:21.941+08:00 level=INFO msg="fid 媒体已通过直接 HTTP 回退下载成功" fid=5319713385349549 path=/home/duty/weibo_cron/chat_media_downloads/img_5319713385349549_茧房日报260711.pdf
time=2026-07-12T23:11:21.941+08:00 level=INFO msg=处理完成一个批次 latest_time="2026-07-12 07:10:17" latest_sender=叫我小鸡君吧 latest_message=hi，早上好！ stop=false
time=2026-07-12T23:11:24.162+08:00 level=INFO msg=处理完成一个批次 latest_time="2026-07-12 03:31:13" latest_sender=拾人牙慧的复读机 latest_message=收到红包消息，请在手 stop=false
time=2026-07-12T23:11:25.781+08:00 level=INFO msg=处理完成一个批次 latest_time="2026-07-11 23:57:38" latest_sender=畅曰 latest_message=「我开放水域不熟练」 stop=false
time=2026-07-12T23:11:28.838+08:00 level=INFO msg=处理完成一个批次 latest_time="2026-07-11 23:45:07" latest_sender=畅曰 latest_message=分享图片 stop=false
time=2026-07-12T23:11:30.996+08:00 level=INFO msg=处理完成一个批次 latest_time="2026-07-11 23:13:05" latest_sender=Joyce_irina latest_message=我之前从来没发现过蟑 stop=true
time=2026-07-12T23:11:31.011+08:00 level=INFO msg=群聊历史抓取完成 new_count=444 history_dir=/home/duty/weibo_cron/clean_history state_file=/home/duty/weibo_cron/group_chat_state.json
time=2026-07-12T23:11:36.179+08:00 level=INFO msg=群聊摘要推送完成 message_count=1
time=2026-07-13T23:10:03.550+08:00 level=INFO msg=群聊模式配置加载完成 config=config.groupchat.yaml
time=2026-07-13T23:10:08.922+08:00 level=INFO msg=打开微博群聊页面 url="https://api.weibo.com/chat/#/chat?check_gid=4761715839862414&source_from=11" user_data_dir=/home/duty/weibo_cron/weibo_user_data browser_channel=chrome
time=2026-07-13T23:10:09.860+08:00 level=INFO msg=如未登录，请在打开的浏览器中完成登录；程序正在等待群聊消息接口返回
time=2026-07-13T23:10:10.996+08:00 level=INFO msg=群聊页面已加载，开始抓取历史消息
time=2026-07-13T23:10:11.524+08:00 level=INFO msg=处理完成一个批次 latest_time="2026-07-13 23:06:09" latest_sender=叫我小鸡君吧 latest_message=来一发 stop=false
time=2026-07-13T23:10:11.713+08:00 level=INFO msg=处理完成一个批次 latest_time="2026-07-13 22:29:54" latest_sender=murphy404 latest_message=http://t.cn/AXKJxyao stop=false
time=2026-07-13T23:10:13.419+08:00 level=INFO msg=处理完成一个批次 latest_time="2026-07-13 22:08:27" latest_sender=叫我小鸡君吧 latest_message=「「天天喝咖啡，牙变 stop=false
time=2026-07-13T23:10:15.390+08:00 level=INFO msg=处理完成一个批次 latest_time="2026-07-13 21:47:22" latest_sender=Jane王师傅 latest_message=[doge] stop=false
time=2026-07-13T23:10:17.300+08:00 level=INFO msg=处理完成一个批次 latest_time="2026-07-13 21:20:17" latest_sender=金陵琥珀雪 latest_message=不知道做了多少卧推才 stop=false
time=2026-07-13T23:10:20.375+08:00 level=INFO msg=处理完成一个批次 latest_time="2026-07-13 21:00:47" latest_sender=谢喜儿 latest_message="「图片」\n- - - - - - - - -" stop=false
time=2026-07-13T23:10:22.225+08:00 level=INFO msg=处理完成一个批次 latest_time="2026-07-13 20:03:07" latest_sender=寻孤找读者_ latest_message=那个时候还挺喜欢看她 stop=false
time=2026-07-13T23:10:27.057+08:00 level=INFO msg=处理完成一个批次 latest_time="2026-07-13 19:48:20" latest_sender=小大饼 latest_message=神马？？？牛市结束了 stop=false
time=2026-07-13T23:10:29.016+08:00 level=INFO msg=处理完成一个批次 latest_time="2026-07-13 19:28:26" latest_sender=我爱吃肠粉001 latest_message=http://weibo.com/3229125510/R8 stop=false
time=2026-07-13T23:10:30.886+08:00 level=INFO msg=处理完成一个批次 latest_time="2026-07-13 19:01:50" latest_sender=一只方阿 latest_message=一个人做饭不好做，我 stop=false
time=2026-07-13T23:10:32.751+08:00 level=INFO msg=处理完成一个批次 latest_time="2026-07-13 18:29:29" latest_sender=干拌面过冷水 latest_message="「帮人解决[泪奔] 我自" stop=false
time=2026-07-13T23:10:34.652+08:00 level=INFO msg=处理完成一个批次 latest_time="2026-07-13 18:02:34" latest_sender=要做一个可爱的人 latest_message=「听到这句话好受多了 stop=false
time=2026-07-13T23:10:36.562+08:00 level=INFO msg=处理完成一个批次 latest_time="2026-07-13 17:36:15" latest_sender=梦星河200602 latest_message="「「「:A股价值投资是\xe4" stop=false
time=2026-07-13T23:10:38.171+08:00 level=INFO msg=处理完成一个批次 latest_time="2026-07-13 17:04:20" latest_sender=等下就去吃饭 latest_message=明明是右侧交易，不要 stop=false
time=2026-07-13T23:10:40.094+08:00 level=INFO msg=处理完成一个批次 latest_time="2026-07-13 16:03:59" latest_sender=等下就去吃饭 latest_message=http://weibo.com/1952460384/R8 stop=false
time=2026-07-13T23:10:41.730+08:00 level=INFO msg=处理完成一个批次 latest_time="2026-07-13 15:37:04" latest_sender=晒宁死大 latest_message="..正经生活肯定够了- -" stop=false
time=2026-07-13T23:10:43.630+08:00 level=INFO msg=处理完成一个批次 latest_time="2026-07-13 15:18:54" latest_sender=ScaryLeopard419 latest_message=看勇哥餐饮，好多餐饮 stop=false
time=2026-07-13T23:10:45.511+08:00 level=INFO msg=处理完成一个批次 latest_time="2026-07-13 15:09:05" latest_sender=等下就去吃饭 latest_message=市场可能在一夜之间转 stop=false
time=2026-07-13T23:10:47.163+08:00 level=INFO msg=处理完成一个批次 latest_time="2026-07-13 14:56:09" latest_sender=梦星河200602 latest_message="火箭别看了，要政策+\xe4\xb8" stop=false
time=2026-07-13T23:10:48.776+08:00 level=INFO msg=处理完成一个批次 latest_time="2026-07-13 14:52:28" latest_sender=等下就去吃饭 latest_message=韩国的杠杆去得差不多 stop=false
time=2026-07-13T23:11:05.474+08:00 level=WARN msg="通过响应监听下载 fid 失败，尝试回退到浏览器内 fetch" fid=5320226205861820 err="timeout:Timeout 15000.00ms exceeded."
time=2026-07-13T23:11:05.547+08:00 level=WARN msg="浏览器内 fetch 下载 fid 失败" fid=5320226205861820 url="https://upload.api.weibo.com/2/mss/msget?fid=5320226205861820&source=209678993&imageType=origin&ts=1783955465474" err="TypeError: Failed to fetch"
time=2026-07-13T23:11:05.599+08:00 level=WARN msg="浏览器内 fetch 下载 fid 失败" fid=5320226205861820 url="https://upload.api.weibo.com/2/mss/msget?fid=5320226205861820&touid=4761715839862414&ts=1783955465474" err="TypeError: Failed to fetch"
time=2026-07-13T23:11:05.663+08:00 level=WARN msg="浏览器内 fetch 下载 fid 失败" fid=5320226205861820 url="https://upload.api.weibo.com/2/mss/msget?fid=5320226205861820&source=209678993&touid=4761715839862414&imageType=origin&ts=1783955465474" err="TypeError: Failed to fetch"
time=2026-07-13T23:11:05.663+08:00 level=WARN msg="浏览器内 fid 下载全部失败，尝试直接 HTTP 下载" fid=5320226205861820 err="TypeError: Failed to fetch"
time=2026-07-13T23:11:06.006+08:00 level=INFO msg="fid 媒体已通过直接 HTTP 回退下载成功" fid=5320226205861820 path="/home/duty/weibo_cron/chat_media_downloads/img_5320226205861820_2Q26 Preview, LTA반영한 추정치 현실화.pdf"
time=2026-07-13T23:11:06.488+08:00 level=INFO msg=处理完成一个批次 latest_time="2026-07-13 14:43:54" latest_sender=梦星河200602 latest_message="「「主要吧，整个A股\xe8\x9e" stop=false
time=2026-07-13T23:11:08.310+08:00 level=INFO msg=处理完成一个批次 latest_time="2026-07-13 14:26:12" latest_sender=要做一个可爱的人 latest_message=欣慰的是今天沪深300也 stop=false
time=2026-07-13T23:11:10.213+08:00 level=INFO msg=处理完成一个批次 latest_time="2026-07-13 14:15:55" latest_sender=等下就去吃饭 latest_message=130个跌停，已经是很少 stop=false
time=2026-07-13T23:11:12.104+08:00 level=INFO msg=处理完成一个批次 latest_time="2026-07-13 12:44:11" latest_sender=我爱吃肠粉001 latest_message="「「辅酶 Q10 群里提很\xe4" stop=false
time=2026-07-13T23:11:13.710+08:00 level=INFO msg=处理完成一个批次 latest_time="2026-07-13 11:49:48" latest_sender=阿尼亚是安妮亞 latest_message=「@Horcruxer0x9c73bf31:「辅 stop=false
time=2026-07-13T23:11:15.439+08:00 level=INFO msg=处理完成一个批次 latest_time="2026-07-13 11:24:18" latest_sender=CZW2025 latest_message=大A也崩了 stop=false
time=2026-07-13T23:11:17.101+08:00 level=INFO msg=处理完成一个批次 latest_time="2026-07-13 10:53:50" latest_sender=万物既渺小又伟大 latest_message=「还是电车好，电车第 stop=false
time=2026-07-13T23:11:19.189+08:00 level=INFO msg=处理完成一个批次 latest_time="2026-07-13 09:55:36" latest_sender=Cain_nitelord latest_message=分享图片 stop=false
time=2026-07-13T23:11:36.286+08:00 level=WARN msg="通过响应监听下载 fid 失败，尝试回退到浏览器内 fetch" fid=5320136534792536 err="timeout:Timeout 15000.00ms exceeded."
time=2026-07-13T23:11:36.376+08:00 level=WARN msg="浏览器内 fetch 下载 fid 失败" fid=5320136534792536 url="https://upload.api.weibo.com/2/mss/msget?fid=5320136534792536&source=209678993&imageType=origin&ts=1783955496287" err="TypeError: Failed to fetch"
time=2026-07-13T23:11:36.421+08:00 level=WARN msg="浏览器内 fetch 下载 fid 失败" fid=5320136534792536 url="https://upload.api.weibo.com/2/mss/msget?fid=5320136534792536&touid=4761715839862414&ts=1783955496287" err="TypeError: Failed to fetch"
time=2026-07-13T23:11:36.545+08:00 level=WARN msg="浏览器内 fetch 下载 fid 失败" fid=5320136534792536 url="https://upload.api.weibo.com/2/mss/msget?fid=5320136534792536&source=209678993&touid=4761715839862414&imageType=origin&ts=1783955496287" err="TypeError: Failed to fetch"
time=2026-07-13T23:11:36.546+08:00 level=WARN msg="浏览器内 fid 下载全部失败，尝试直接 HTTP 下载" fid=5320136534792536 err="TypeError: Failed to fetch"
time=2026-07-13T23:11:36.628+08:00 level=INFO msg="fid 媒体已通过直接 HTTP 回退下载成功" fid=5320136534792536 path=/home/duty/weibo_cron/chat_media_downloads/img_5320136534792536_茧房日报260712.pdf
time=2026-07-13T23:11:36.629+08:00 level=INFO msg=处理完成一个批次 latest_time="2026-07-13 09:05:08" latest_sender=Why-so-serious99 latest_message=以前吃过十几块钱的辅 stop=false
time=2026-07-13T23:11:39.996+08:00 level=INFO msg=处理完成一个批次 latest_time="2026-07-13 08:03:58" latest_sender=abso1utepurity latest_message=hi，早上好！ stop=false
time=2026-07-13T23:11:42.211+08:00 level=INFO msg=处理完成一个批次 latest_time="2026-07-13 06:59:12" latest_sender=你猜家 latest_message=早 stop=false
time=2026-07-13T23:11:44.060+08:00 level=INFO msg=处理完成一个批次 latest_time="2026-07-13 01:19:01" latest_sender=雨石plus latest_message=http://weibo.com/7906059436/R7 stop=false
time=2026-07-13T23:12:00.759+08:00 level=WARN msg="通过响应监听下载 fid 失败，尝试回退到浏览器内 fetch" fid=5320001456178502 err="timeout:Timeout 15000.00ms exceeded."
time=2026-07-13T23:12:00.950+08:00 level=WARN msg="浏览器内 fetch 下载 fid 失败" fid=5320001456178502 url="https://upload.api.weibo.com/2/mss/msget?fid=5320001456178502&source=209678993&imageType=origin&ts=1783955520759" err="TypeError: Failed to fetch"
time=2026-07-13T23:12:00.995+08:00 level=WARN msg="浏览器内 fetch 下载 fid 失败" fid=5320001456178502 url="https://upload.api.weibo.com/2/mss/msget?fid=5320001456178502&touid=4761715839862414&ts=1783955520759" err="TypeError: Failed to fetch"
time=2026-07-13T23:12:01.052+08:00 level=WARN msg="浏览器内 fetch 下载 fid 失败" fid=5320001456178502 url="https://upload.api.weibo.com/2/mss/msget?fid=5320001456178502&source=209678993&touid=4761715839862414&imageType=origin&ts=1783955520759" err="TypeError: Failed to fetch"
time=2026-07-13T23:12:01.052+08:00 level=WARN msg="浏览器内 fid 下载全部失败，尝试直接 HTTP 下载" fid=5320001456178502 err="TypeError: Failed to fetch"
time=2026-07-13T23:12:01.147+08:00 level=INFO msg="fid 媒体已通过直接 HTTP 回退下载成功" fid=5320001456178502 path=/home/duty/weibo_cron/chat_media_downloads/img_5320001456178502_七日丝_260712.pdf
time=2026-07-13T23:12:01.565+08:00 level=INFO msg=处理完成一个批次 latest_time="2026-07-12 23:41:38" latest_sender=要做一个可爱的人 latest_message=「给爱吃西蓝花的群友 stop=false
time=2026-07-13T23:12:03.771+08:00 level=INFO msg=处理完成一个批次 latest_time="2026-07-12 23:16:12" latest_sender=雨石plus latest_message="tk 这个评论，主页又看" stop=true
time=2026-07-13T23:12:03.792+08:00 level=INFO msg=群聊历史抓取完成 new_count=668 history_dir=/home/duty/weibo_cron/clean_history state_file=/home/duty/weibo_cron/group_chat_state.json
time=2026-07-13T23:12:06.323+08:00 level=INFO msg=群聊摘要推送完成 message_count=1
time=2026-07-14T23:10:03.797+08:00 level=INFO msg=群聊模式配置加载完成 config=config.groupchat.yaml
time=2026-07-14T23:10:08.957+08:00 level=INFO msg=打开微博群聊页面 url="https://api.weibo.com/chat/#/chat?check_gid=4761715839862414&source_from=11" user_data_dir=/home/duty/weibo_cron/weibo_user_data browser_channel=chrome
time=2026-07-14T23:10:09.929+08:00 level=INFO msg=如未登录，请在打开的浏览器中完成登录；程序正在等待群聊消息接口返回
time=2026-07-14T23:10:11.242+08:00 level=INFO msg=群聊页面已加载，开始抓取历史消息
time=2026-07-14T23:10:22.972+08:00 level=INFO msg=处理完成一个批次 latest_time="2026-07-14 22:46:01" latest_sender=等下就去吃饭 latest_message=中国的新闻媒体报导的 stop=false
time=2026-07-14T23:10:24.269+08:00 level=INFO msg=处理完成一个批次 latest_time="2026-07-14 22:17:24" latest_sender=小大饼 latest_message=小时候看一个问题，为 stop=false
time=2026-07-14T23:10:25.995+08:00 level=INFO msg=处理完成一个批次 latest_time="2026-07-14 22:04:47" latest_sender=拱bot latest_message=[动画表情] stop=false
time=2026-07-14T23:10:27.998+08:00 level=INFO msg=处理完成一个批次 latest_time="2026-07-14 21:46:49" latest_sender=小大饼 latest_message=今天又亏大钱噜[泪][泪 stop=false
time=2026-07-14T23:10:30.784+08:00 level=INFO msg=处理完成一个批次 latest_time="2026-07-14 20:38:54" latest_sender=叫我小鸡君吧 latest_message="爬楼完毕 买个量杯去" stop=false
time=2026-07-14T23:10:32.510+08:00 level=INFO msg=处理完成一个批次 latest_time="2026-07-14 19:45:52" latest_sender=星逸几度秋_ latest_message=[拜托]学习了 stop=false
time=2026-07-14T23:10:36.828+08:00 level=INFO msg=处理完成一个批次 latest_time="2026-07-14 19:10:05" latest_sender=拾人牙慧的复读机 latest_message=她不是自己亏钱吧 stop=false
time=2026-07-14T23:10:39.137+08:00 level=INFO msg=处理完成一个批次 latest_time="2026-07-14 17:58:04" latest_sender=小大饼 latest_message=原来蒋介石也做春梦啊 stop=false
time=2026-07-14T23:10:41.042+08:00 level=INFO msg=处理完成一个批次 latest_time="2026-07-14 16:54:27" latest_sender=tombkeeper latest_message=《金陵春梦》 stop=false
time=2026-07-14T23:10:42.707+08:00 level=INFO msg=处理完成一个批次 latest_time="2026-07-14 16:01:17" latest_sender=玩耍的Michael latest_message="「@玩耍的Michael 仅提供" stop=false
time=2026-07-14T23:10:44.351+08:00 level=INFO msg=处理完成一个批次 latest_time="2026-07-14 15:48:05" latest_sender=小大饼 latest_message="「@Why-so-serious99:「@小\xe5\xa4" stop=false
time=2026-07-14T23:10:46.066+08:00 level=INFO msg=处理完成一个批次 latest_time="2026-07-14 15:32:04" latest_sender=蓦回溯光 latest_message="「@蓦回溯光 还没想好\xe3" stop=false
time=2026-07-14T23:10:47.840+08:00 level=INFO msg=处理完成一个批次 latest_time="2026-07-14 15:12:26" latest_sender=拱bot latest_message=http://t.cn/AXKailWx stop=false
time=2026-07-14T23:10:49.498+08:00 level=INFO msg=处理完成一个批次 latest_time="2026-07-14 14:42:26" latest_sender=Mika_Joe latest_message="0.94元，@grapeyang 您有钱" stop=false
time=2026-07-14T23:10:51.292+08:00 level=INFO msg=处理完成一个批次 latest_time="2026-07-14 14:39:13" latest_sender=星逸几度秋_ latest_message=不跑的后果如上 stop=false
time=2026-07-14T23:10:53.082+08:00 level=INFO msg=处理完成一个批次 latest_time="2026-07-14 14:17:40" latest_sender=时间的小偷t latest_message="每个人情况不一样 有\xe7\x9a" stop=false
time=2026-07-14T23:10:54.738+08:00 level=INFO msg=处理完成一个批次 latest_time="2026-07-14 14:07:09" latest_sender=Aurora白White-little-hajimi latest_message=「「还有时间自由，我 stop=false
time=2026-07-14T23:10:56.352+08:00 level=INFO msg=处理完成一个批次 latest_time="2026-07-14 14:02:57" latest_sender=endlessummerr- latest_message=感谢乐刻让我保持了运 stop=false
time=2026-07-14T23:10:57.977+08:00 level=INFO msg=处理完成一个批次 latest_time="2026-07-14 13:59:45" latest_sender=Aurora白White-little-hajimi latest_message=我强烈推荐乐刻 stop=false
time=2026-07-14T23:10:59.612+08:00 level=INFO msg=处理完成一个批次 latest_time="2026-07-14 13:56:06" latest_sender=楼雨晴Lo latest_message=一小时五百块，可能有 stop=false
time=2026-07-14T23:11:01.276+08:00 level=INFO msg=处理完成一个批次 latest_time="2026-07-14 13:51:43" latest_sender=Flora_Lingering latest_message=「我笑得想死，我以为 stop=false
time=2026-07-14T23:11:03.312+08:00 level=INFO msg=处理完成一个批次 latest_time="2026-07-14 13:47:02" latest_sender=Aurora白White-little-hajimi latest_message=闲聊也占 stop=false
time=2026-07-14T23:11:05.165+08:00 level=INFO msg=处理完成一个批次 latest_time="2026-07-14 13:43:37" latest_sender=tombkeeper latest_message=量出来倒进杯子。几次 stop=false
time=2026-07-14T23:11:07.716+08:00 level=INFO msg=处理完成一个批次 latest_time="2026-07-14 13:39:53" latest_sender=小大饼 latest_message=分享图片 stop=false
time=2026-07-14T23:11:09.532+08:00 level=INFO msg=处理完成一个批次 latest_time="2026-07-14 13:21:02" latest_sender=等待和希望r latest_message="「这个我有印象，tk提\xe5" stop=false
time=2026-07-14T23:11:11.652+08:00 level=INFO msg=处理完成一个批次 latest_time="2026-07-14 13:01:56" latest_sender=越过愚昧之山-副本 latest_message=没出消息，就是韩国涨 stop=false
time=2026-07-14T23:11:14.173+08:00 level=INFO msg=处理完成一个批次 latest_time="2026-07-14 12:27:27" latest_sender=Why-so-serious99 latest_message=分享图片 stop=false
time=2026-07-14T23:11:16.670+08:00 level=INFO msg=处理完成一个批次 latest_time="2026-07-14 11:59:36" latest_sender=等下就去吃饭 latest_message=「我在想今天监管会不 stop=false
time=2026-07-14T23:11:18.408+08:00 level=INFO msg=处理完成一个批次 latest_time="2026-07-14 11:46:28" latest_sender=Joyce_irina latest_message=熟悉的味道，之前白银 stop=false
time=2026-07-14T23:11:20.585+08:00 level=INFO msg=处理完成一个批次 latest_time="2026-07-14 11:34:47" latest_sender=陈陈想吃西瓜 latest_message=高手死于抄底 stop=false
time=2026-07-14T23:11:22.295+08:00 level=INFO msg=处理完成一个批次 latest_time="2026-07-14 11:04:51" latest_sender=等下就去吃饭 latest_message=标普还是在场内买划算 stop=false
time=2026-07-14T23:11:23.946+08:00 level=INFO msg=处理完成一个批次 latest_time="2026-07-14 10:54:34" latest_sender=粉丝群 latest_message=涉及资金问题请务必提 stop=false
time=2026-07-14T23:11:26.139+08:00 level=INFO msg=处理完成一个批次 latest_time="2026-07-14 10:31:41" latest_sender=小阿飞_jiro latest_message=不看就不影响心情，不 stop=false
time=2026-07-14T23:11:27.865+08:00 level=INFO msg=处理完成一个批次 latest_time="2026-07-14 09:44:13" latest_sender=nkaifang latest_message=现在这形势，申购到就 stop=false
time=2026-07-14T23:11:29.739+08:00 level=INFO msg=处理完成一个批次 latest_time="2026-07-14 09:25:41" latest_sender=小大饼 latest_message=急个啥子 stop=false
time=2026-07-14T23:11:31.661+08:00 level=INFO msg=处理完成一个批次 latest_time="2026-07-14 08:50:06" latest_sender=Aurora白White-little-hajimi latest_message=陪一个晨练 stop=false
time=2026-07-14T23:11:33.264+08:00 level=INFO msg=处理完成一个批次 latest_time="2026-07-14 08:11:28" latest_sender=小阿飞_jiro latest_message=「发生啥了，黄金一下 stop=false
time=2026-07-14T23:11:36.001+08:00 level=INFO msg=处理完成一个批次 latest_time="2026-07-14 07:28:53" latest_sender=自由的西瓜L latest_message=http://weibo.com/3266910853/R8 stop=false
time=2026-07-14T23:11:52.691+08:00 level=WARN msg="通过响应监听下载 fid 失败，尝试回退到浏览器内 fetch" fid=5320417725385286 err="timeout:Timeout 15000.00ms exceeded."
time=2026-07-14T23:11:52.797+08:00 level=WARN msg="浏览器内 fetch 下载 fid 失败" fid=5320417725385286 url="https://upload.api.weibo.com/2/mss/msget?fid=5320417725385286&source=209678993&imageType=origin&ts=1784041912692" err="TypeError: Failed to fetch"
time=2026-07-14T23:11:52.845+08:00 level=WARN msg="浏览器内 fetch 下载 fid 失败" fid=5320417725385286 url="https://upload.api.weibo.com/2/mss/msget?fid=5320417725385286&touid=4761715839862414&ts=1784041912692" err="TypeError: Failed to fetch"
time=2026-07-14T23:11:52.922+08:00 level=WARN msg="浏览器内 fetch 下载 fid 失败" fid=5320417725385286 url="https://upload.api.weibo.com/2/mss/msget?fid=5320417725385286&source=209678993&touid=4761715839862414&imageType=origin&ts=1784041912692" err="TypeError: Failed to fetch"
time=2026-07-14T23:11:52.922+08:00 level=WARN msg="浏览器内 fid 下载全部失败，尝试直接 HTTP 下载" fid=5320417725385286 err="TypeError: Failed to fetch"
time=2026-07-14T23:11:53.274+08:00 level=INFO msg="fid 媒体已通过直接 HTTP 回退下载成功" fid=5320417725385286 path=/home/duty/weibo_cron/chat_media_downloads/img_5320417725385286_茧房日报260713.pdf
time=2026-07-14T23:11:53.275+08:00 level=INFO msg=处理完成一个批次 latest_time="2026-07-14 06:39:57" latest_sender=吃完麻辣烫后想来点甜 latest_message=早早早 stop=false
time=2026-07-14T23:11:55.512+08:00 level=INFO msg=处理完成一个批次 latest_time="2026-07-14 00:04:21" latest_sender=粉丝群 latest_message="恭喜梦星河20060...今日\xe8" stop=false
time=2026-07-14T23:11:57.522+08:00 level=INFO msg=处理完成一个批次 latest_time="2026-07-13 23:14:32" latest_sender=干拌面过冷水 latest_message=我也亏好多 stop=true
time=2026-07-14T23:11:57.548+08:00 level=INFO msg=群聊历史抓取完成 new_count=803 history_dir=/home/duty/weibo_cron/clean_history state_file=/home/duty/weibo_cron/group_chat_state.json
time=2026-07-14T23:12:27.850+08:00 level=ERROR msg=执行群聊抓取失败 err="推送群聊摘要失败: 发送 Telegram 媒体失败: Post \"https://api.telegram.org/bot8204662091:AAFzpy1Avsi92-doxgv3ku-aGPv6n3l0cLI/sendPhoto\": context deadline exceeded (Client.Timeout exceeded while awaiting headers)"
